[2026-09-14 20:57:37] development.ERROR: SQLSTATE[42S22]: Column not found: 1054 Unknown column 'widget_order' in 'order clause' (Connection: mysql, SQL: select * from `widgets` order by `widget_order` asc) {"exception":"[object] (Illuminate\\Database\\QueryException(code: 42S22): SQLSTATE[42S22]: Column not found: 1054 Unknown column 'widget_order' in 'order clause' (Connection: mysql, SQL: select * from `widgets` order by `widget_order` asc) at E:\\xampp-8.2\\htdocs\\nexelit\\@core\\vendor\\laravel\\framework\\src\\Illuminate\\Database\\Connection.php:824)
[stacktrace]
#0 E:\\xampp-8.2\\htdocs\\nexelit\\@core\\vendor\\laravel\\framework\\src\\Illuminate\\Database\\Connection.php(778): Illuminate\\Database\\Connection->runQueryCallback('select * from `...', Array, Object(Closure))
#1 E:\\xampp-8.2\\htdocs\\nexelit\\@core\\vendor\\laravel\\framework\\src\\Illuminate\\Database\\Connection.php(397): Illuminate\\Database\\Connection->run('select * from `...', Array, Object(Closure))
#2 E:\\xampp-8.2\\htdocs\\nexelit\\@core\\vendor\\laravel\\framework\\src\\Illuminate\\Database\\Query\\Builder.php(3188): Illuminate\\Database\\Connection->select('select * from `...', Array, true)
#3 E:\\xampp-8.2\\htdocs\\nexelit\\@core\\vendor\\laravel\\framework\\src\\Illuminate\\Database\\Query\\Builder.php(3173): Illuminate\\Database\\Query\\Builder->runSelect()
#4 E:\\xampp-8.2\\htdocs\\nexelit\\@core\\vendor\\laravel\\framework\\src\\Illuminate\\Database\\Query\\Builder.php(3763): Illuminate\\Database\\Query\\Builder->Illuminate\\Database\\Query\\{closure}()
#5 E:\\xampp-8.2\\htdocs\\nexelit\\@core\\vendor\\laravel\\framework\\src\\Illuminate\\Database\\Query\\Builder.php(3172): Illuminate\\Database\\Query\\Builder->onceWithColumns(Array, Object(Closure))
#6 E:\\xampp-8.2\\htdocs\\nexelit\\@core\\vendor\\laravel\\framework\\src\\Illuminate\\Database\\Eloquent\\Builder.php(902): Illuminate\\Database\\Query\\Builder->get(Array)
#7 E:\\xampp-8.2\\htdocs\\nexelit\\@core\\vendor\\laravel\\framework\\src\\Illuminate\\Database\\Eloquent\\Builder.php(884): Illuminate\\Database\\Eloquent\\Builder->getModels(Array)
#8 E:\\xampp-8.2\\htdocs\\nexelit\\@core\\app\\Http\\Middleware\\GlobalVariableMiddleware.php(32): Illuminate\\Database\\Eloquent\\Builder->get()
#9 E:\\xampp-8.2\\htdocs\\nexelit\\@core\\vendor\\laravel\\framework\\src\\Illuminate\\Pipeline\\Pipeline.php(219): App\\Http\\Middleware\\GlobalVariableMiddleware->handle(Object(Illuminate\\Http\\Request), Object(Closure))
#10 E:\\xampp-8.2\\htdocs\\nexelit\\@core\\app\\Http\\Middleware\\SetUserLanguages.php(35): Illuminate\\Pipeline\\Pipeline->Illuminate\\Pipeline\\{closure}(Object(Illuminate\\Http\\Request))
#11 E:\\xampp-8.2\\htdocs\\nexelit\\@core\\vendor\\laravel\\framework\\src\\Illuminate\\Pipeline\\Pipeline.php(219): App\\Http\\Middleware\\SetUserLanguages->handle(Object(Illuminate\\Http\\Request), Object(Closure), 'frontend')
#12 E:\\xampp-8.2\\htdocs\\nexelit\\@core\\vendor\\barryvdh\\laravel-debugbar\\src\\Middleware\\InjectDebugbar.php(66): Illuminate\\Pipeline\\Pipeline->Illuminate\\Pipeline\\{closure}(Object(Illuminate\\Http\\Request))
#13 E:\\xampp-8.2\\htdocs\\nexelit\\@core\\vendor\\laravel\\framework\\src\\Illuminate\\Pipeline\\Pipeline.php(219): Barryvdh\\Debugbar\\Middleware\\InjectDebugbar->handle(Object(Illuminate\\Http\\Request), Object(Closure))
#14 E:\\xampp-8.2\\htdocs\\nexelit\\@core\\vendor\\laravel\\framework\\src\\Illuminate\\Routing\\Middleware\\SubstituteBindings.php(50): Illuminate\\Pipeline\\Pipeline->Illuminate\\Pipeline\\{closure}(Object(Illuminate\\Http\\Request))
#15 E:\\xampp-8.2\\htdocs\\nexelit\\@core\\vendor\\laravel\\framework\\src\\Illuminate\\Pipeline\\Pipeline.php(219): Illuminate\\Routing\\Middleware\\SubstituteBindings->handle(Object(Illuminate\\Http\\Request), Object(Closure))
#16 E:\\xampp-8.2\\htdocs\\nexelit\\@core\\vendor\\laravel\\framework\\src\\Illuminate\\Foundation\\Http\\Middleware\\VerifyCsrfToken.php(87): Illuminate\\Pipeline\\Pipeline->Illuminate\\Pipeline\\{closure}(Object(Illuminate\\Http\\Request))
#17 E:\\xampp-8.2\\htdocs\\nexelit\\@core\\vendor\\laravel\\framework\\src\\Illuminate\\Pipeline\\Pipeline.php(219): Illuminate\\Foundation\\Http\\Middleware\\VerifyCsrfToken->handle(Object(Illuminate\\Http\\Request), Object(Closure))
#18 E:\\xampp-8.2\\htdocs\\nexelit\\@core\\vendor\\laravel\\framework\\src\\Illuminate\\View\\Middleware\\ShareErrorsFromSession.php(48): Illuminate\\Pipeline\\Pipeline->Illuminate\\Pipeline\\{closure}(Object(Illuminate\\Http\\Request))
#19 E:\\xampp-8.2\\htdocs\\nexelit\\@core\\vendor\\laravel\\framework\\src\\Illuminate\\Pipeline\\Pipeline.php(219): Illuminate\\View\\Middleware\\ShareErrorsFromSession->handle(Object(Illuminate\\Http\\Request), Object(Closure))
#20 E:\\xampp-8.2\\htdocs\\nexelit\\@core\\vendor\\laravel\\framework\\src\\Illuminate\\Session\\Middleware\\StartSession.php(120): Illuminate\\Pipeline\\Pipeline->Illuminate\\Pipeline\\{closure}(Object(Illuminate\\Http\\Request))
#21 E:\\xampp-8.2\\htdocs\\nexelit\\@core\\vendor\\laravel\\framework\\src\\Illuminate\\Session\\Middleware\\StartSession.php(63): Illuminate\\Session\\Middleware\\StartSession->handleStatefulRequest(Object(Illuminate\\Http\\Request), Object(Illuminate\\Session\\Store), Object(Closure))
#22 E:\\xampp-8.2\\htdocs\\nexelit\\@core\\vendor\\laravel\\framework\\src\\Illuminate\\Pipeline\\Pipeline.php(219): Illuminate\\Session\\Middleware\\StartSession->handle(Object(Illuminate\\Http\\Request), Object(Closure))
#23 E:\\xampp-8.2\\htdocs\\nexelit\\@core\\vendor\\laravel\\framework\\src\\Illuminate\\Cookie\\Middleware\\AddQueuedCookiesToResponse.php(36): Illuminate\\Pipeline\\Pipeline->Illuminate\\Pipeline\\{closure}(Object(Illuminate\\Http\\Request))
#24 E:\\xampp-8.2\\htdocs\\nexelit\\@core\\vendor\\laravel\\framework\\src\\Illuminate\\Pipeline\\Pipeline.php(219): Illuminate\\Cookie\\Middleware\\AddQueuedCookiesToResponse->handle(Object(Illuminate\\Http\\Request), Object(Closure))
#25 E:\\xampp-8.2\\htdocs\\nexelit\\@core\\vendor\\laravel\\framework\\src\\Illuminate\\Cookie\\Middleware\\EncryptCookies.php(74): Illuminate\\Pipeline\\Pipeline->Illuminate\\Pipeline\\{closure}(Object(Illuminate\\Http\\Request))
#26 E:\\xampp-8.2\\htdocs\\nexelit\\@core\\vendor\\laravel\\framework\\src\\Illuminate\\Pipeline\\Pipeline.php(219): Illuminate\\Cookie\\Middleware\\EncryptCookies->handle(Object(Illuminate\\Http\\Request), Object(Closure))
#27 E:\\xampp-8.2\\htdocs\\nexelit\\@core\\vendor\\laravel\\framework\\src\\Illuminate\\Pipeline\\Pipeline.php(137): Illuminate\\Pipeline\\Pipeline->Illuminate\\Pipeline\\{closure}(Object(Illuminate\\Http\\Request))
#28 E:\\xampp-8.2\\htdocs\\nexelit\\@core\\vendor\\laravel\\framework\\src\\Illuminate\\Routing\\Router.php(821): Illuminate\\Pipeline\\Pipeline->then(Object(Closure))
#29 E:\\xampp-8.2\\htdocs\\nexelit\\@core\\vendor\\laravel\\framework\\src\\Illuminate\\Routing\\Router.php(800): Illuminate\\Routing\\Router->runRouteWithinStack(Object(Illuminate\\Routing\\Route), Object(Illuminate\\Http\\Request))
#30 E:\\xampp-8.2\\htdocs\\nexelit\\@core\\vendor\\laravel\\framework\\src\\Illuminate\\Routing\\Router.php(764): Illuminate\\Routing\\Router->runRoute(Object(Illuminate\\Http\\Request), Object(Illuminate\\Routing\\Route))
#31 E:\\xampp-8.2\\htdocs\\nexelit\\@core\\vendor\\laravel\\framework\\src\\Illuminate\\Routing\\Router.php(753): Illuminate\\Routing\\Router->dispatchToRoute(Object(Illuminate\\Http\\Request))
#32 E:\\xampp-8.2\\htdocs\\nexelit\\@core\\vendor\\laravel\\framework\\src\\Illuminate\\Foundation\\Http\\Kernel.php(200): Illuminate\\Routing\\Router->dispatch(Object(Illuminate\\Http\\Request))
#33 E:\\xampp-8.2\\htdocs\\nexelit\\@core\\vendor\\laravel\\framework\\src\\Illuminate\\Pipeline\\Pipeline.php(180): Illuminate\\Foundation\\Http\\Kernel->Illuminate\\Foundation\\Http\\{closure}(Object(Illuminate\\Http\\Request))
#34 E:\\xampp-8.2\\htdocs\\nexelit\\@core\\vendor\\barryvdh\\laravel-debugbar\\src\\Middleware\\InjectDebugbar.php(66): Illuminate\\Pipeline\\Pipeline->Illuminate\\Pipeline\\{closure}(Object(Illuminate\\Http\\Request))
#35 E:\\xampp-8.2\\htdocs\\nexelit\\@core\\vendor\\laravel\\framework\\src\\Illuminate\\Pipeline\\Pipeline.php(219): Barryvdh\\Debugbar\\Middleware\\InjectDebugbar->handle(Object(Illuminate\\Http\\Request), Object(Closure))
#36 E:\\xampp-8.2\\htdocs\\nexelit\\@core\\vendor\\xgenious\\installer\\src\\Http\\Middleware\\InstallerMiddleware.php(18): Illuminate\\Pipeline\\Pipeline->Illuminate\\Pipeline\\{closure}(Object(Illuminate\\Http\\Request))
#37 E:\\xampp-8.2\\htdocs\\nexelit\\@core\\vendor\\laravel\\framework\\src\\Illuminate\\Pipeline\\Pipeline.php(219): Xgenious\\Installer\\Http\\Middleware\\InstallerMiddleware->handle(Object(Illuminate\\Http\\Request), Object(Closure))
#38 E:\\xampp-8.2\\htdocs\\nexelit\\@core\\vendor\\laravel\\framework\\src\\Illuminate\\Foundation\\Http\\Middleware\\TransformsRequest.php(21): Illuminate\\Pipeline\\Pipeline->Illuminate\\Pipeline\\{closure}(Object(Illuminate\\Http\\Request))
#39 E:\\xampp-8.2\\htdocs\\nexelit\\@core\\vendor\\laravel\\framework\\src\\Illuminate\\Foundation\\Http\\Middleware\\ConvertEmptyStringsToNull.php(31): Illuminate\\Foundation\\Http\\Middleware\\TransformsRequest->handle(Object(Illuminate\\Http\\Request), Object(Closure))
#40 E:\\xampp-8.2\\htdocs\\nexelit\\@core\\vendor\\laravel\\framework\\src\\Illuminate\\Pipeline\\Pipeline.php(219): Illuminate\\Foundation\\Http\\Middleware\\ConvertEmptyStringsToNull->handle(Object(Illuminate\\Http\\Request), Object(Closure))
#41 E:\\xampp-8.2\\htdocs\\nexelit\\@core\\vendor\\laravel\\framework\\src\\Illuminate\\Foundation\\Http\\Middleware\\TransformsRequest.php(21): Illuminate\\Pipeline\\Pipeline->Illuminate\\Pipeline\\{closure}(Object(Illuminate\\Http\\Request))
#42 E:\\xampp-8.2\\htdocs\\nexelit\\@core\\vendor\\laravel\\framework\\src\\Illuminate\\Foundation\\Http\\Middleware\\TrimStrings.php(51): Illuminate\\Foundation\\Http\\Middleware\\TransformsRequest->handle(Object(Illuminate\\Http\\Request), Object(Closure))
#43 E:\\xampp-8.2\\htdocs\\nexelit\\@core\\vendor\\laravel\\framework\\src\\Illuminate\\Pipeline\\Pipeline.php(219): Illuminate\\Foundation\\Http\\Middleware\\TrimStrings->handle(Object(Illuminate\\Http\\Request), Object(Closure))
#44 E:\\xampp-8.2\\htdocs\\nexelit\\@core\\vendor\\laravel\\framework\\src\\Illuminate\\Http\\Middleware\\ValidatePostSize.php(27): Illuminate\\Pipeline\\Pipeline->Illuminate\\Pipeline\\{closure}(Object(Illuminate\\Http\\Request))
#45 E:\\xampp-8.2\\htdocs\\nexelit\\@core\\vendor\\laravel\\framework\\src\\Illuminate\\Pipeline\\Pipeline.php(219): Illuminate\\Http\\Middleware\\ValidatePostSize->handle(Object(Illuminate\\Http\\Request), Object(Closure))
#46 E:\\xampp-8.2\\htdocs\\nexelit\\@core\\vendor\\laravel\\framework\\src\\Illuminate\\Foundation\\Http\\Middleware\\PreventRequestsDuringMaintenance.php(109): Illuminate\\Pipeline\\Pipeline->Illuminate\\Pipeline\\{closure}(Object(Illuminate\\Http\\Request))
#47 E:\\xampp-8.2\\htdocs\\nexelit\\@core\\vendor\\laravel\\framework\\src\\Illuminate\\Pipeline\\Pipeline.php(219): Illuminate\\Foundation\\Http\\Middleware\\PreventRequestsDuringMaintenance->handle(Object(Illuminate\\Http\\Request), Object(Closure))
#48 E:\\xampp-8.2\\htdocs\\nexelit\\@core\\vendor\\laravel\\framework\\src\\Illuminate\\Http\\Middleware\\TrustProxies.php(58): Illuminate\\Pipeline\\Pipeline->Illuminate\\Pipeline\\{closure}(Object(Illuminate\\Http\\Request))
#49 E:\\xampp-8.2\\htdocs\\nexelit\\@core\\vendor\\laravel\\framework\\src\\Illuminate\\Pipeline\\Pipeline.php(219): Illuminate\\Http\\Middleware\\TrustProxies->handle(Object(Illuminate\\Http\\Request), Object(Closure))
#50 E:\\xampp-8.2\\htdocs\\nexelit\\@core\\vendor\\laravel\\framework\\src\\Illuminate\\Pipeline\\Pipeline.php(137): Illuminate\\Pipeline\\Pipeline->Illuminate\\Pipeline\\{closure}(Object(Illuminate\\Http\\Request))
#51 E:\\xampp-8.2\\htdocs\\nexelit\\@core\\vendor\\laravel\\framework\\src\\Illuminate\\Foundation\\Http\\Kernel.php(175): Illuminate\\Pipeline\\Pipeline->then(Object(Closure))
#52 E:\\xampp-8.2\\htdocs\\nexelit\\@core\\vendor\\laravel\\framework\\src\\Illuminate\\Foundation\\Http\\Kernel.php(144): Illuminate\\Foundation\\Http\\Kernel->sendRequestThroughRouter(Object(Illuminate\\Http\\Request))
#53 E:\\xampp-8.2\\htdocs\\nexelit\\index.php(54): Illuminate\\Foundation\\Http\\Kernel->handle(Object(Illuminate\\Http\\Request))
#54 {main}

[previous exception] [object] (PDOException(code: 42S22): SQLSTATE[42S22]: Column not found: 1054 Unknown column 'widget_order' in 'order clause' at E:\\xampp-8.2\\htdocs\\nexelit\\@core\\vendor\\laravel\\framework\\src\\Illuminate\\Database\\Connection.php:406)
[stacktrace]
#0 E:\\xampp-8.2\\htdocs\\nexelit\\@core\\vendor\\laravel\\framework\\src\\Illuminate\\Database\\Connection.php(406): PDO->prepare('select * from `...')
#1 E:\\xampp-8.2\\htdocs\\nexelit\\@core\\vendor\\laravel\\framework\\src\\Illuminate\\Database\\Connection.php(811): Illuminate\\Database\\Connection->Illuminate\\Database\\{closure}('select * from `...', Array)
#2 E:\\xampp-8.2\\htdocs\\nexelit\\@core\\vendor\\laravel\\framework\\src\\Illuminate\\Database\\Connection.php(778): Illuminate\\Database\\Connection->runQueryCallback('select * from `...', Array, Object(Closure))
#3 E:\\xampp-8.2\\htdocs\\nexelit\\@core\\vendor\\laravel\\framework\\src\\Illuminate\\Database\\Connection.php(397): Illuminate\\Database\\Connection->run('select * from `...', Array, Object(Closure))
#4 E:\\xampp-8.2\\htdocs\\nexelit\\@core\\vendor\\laravel\\framework\\src\\Illuminate\\Database\\Query\\Builder.php(3188): Illuminate\\Database\\Connection->select('select * from `...', Array, true)
#5 E:\\xampp-8.2\\htdocs\\nexelit\\@core\\vendor\\laravel\\framework\\src\\Illuminate\\Database\\Query\\Builder.php(3173): Illuminate\\Database\\Query\\Builder->runSelect()
#6 E:\\xampp-8.2\\htdocs\\nexelit\\@core\\vendor\\laravel\\framework\\src\\Illuminate\\Database\\Query\\Builder.php(3763): Illuminate\\Database\\Query\\Builder->Illuminate\\Database\\Query\\{closure}()
#7 E:\\xampp-8.2\\htdocs\\nexelit\\@core\\vendor\\laravel\\framework\\src\\Illuminate\\Database\\Query\\Builder.php(3172): Illuminate\\Database\\Query\\Builder->onceWithColumns(Array, Object(Closure))
#8 E:\\xampp-8.2\\htdocs\\nexelit\\@core\\vendor\\laravel\\framework\\src\\Illuminate\\Database\\Eloquent\\Builder.php(902): Illuminate\\Database\\Query\\Builder->get(Array)
#9 E:\\xampp-8.2\\htdocs\\nexelit\\@core\\vendor\\laravel\\framework\\src\\Illuminate\\Database\\Eloquent\\Builder.php(884): Illuminate\\Database\\Eloquent\\Builder->getModels(Array)
#10 E:\\xampp-8.2\\htdocs\\nexelit\\@core\\app\\Http\\Middleware\\GlobalVariableMiddleware.php(32): Illuminate\\Database\\Eloquent\\Builder->get()
#11 E:\\xampp-8.2\\htdocs\\nexelit\\@core\\vendor\\laravel\\framework\\src\\Illuminate\\Pipeline\\Pipeline.php(219): App\\Http\\Middleware\\GlobalVariableMiddleware->handle(Object(Illuminate\\Http\\Request), Object(Closure))
#12 E:\\xampp-8.2\\htdocs\\nexelit\\@core\\app\\Http\\Middleware\\SetUserLanguages.php(35): Illuminate\\Pipeline\\Pipeline->Illuminate\\Pipeline\\{closure}(Object(Illuminate\\Http\\Request))
#13 E:\\xampp-8.2\\htdocs\\nexelit\\@core\\vendor\\laravel\\framework\\src\\Illuminate\\Pipeline\\Pipeline.php(219): App\\Http\\Middleware\\SetUserLanguages->handle(Object(Illuminate\\Http\\Request), Object(Closure), 'frontend')
#14 E:\\xampp-8.2\\htdocs\\nexelit\\@core\\vendor\\barryvdh\\laravel-debugbar\\src\\Middleware\\InjectDebugbar.php(66): Illuminate\\Pipeline\\Pipeline->Illuminate\\Pipeline\\{closure}(Object(Illuminate\\Http\\Request))
#15 E:\\xampp-8.2\\htdocs\\nexelit\\@core\\vendor\\laravel\\framework\\src\\Illuminate\\Pipeline\\Pipeline.php(219): Barryvdh\\Debugbar\\Middleware\\InjectDebugbar->handle(Object(Illuminate\\Http\\Request), Object(Closure))
#16 E:\\xampp-8.2\\htdocs\\nexelit\\@core\\vendor\\laravel\\framework\\src\\Illuminate\\Routing\\Middleware\\SubstituteBindings.php(50): Illuminate\\Pipeline\\Pipeline->Illuminate\\Pipeline\\{closure}(Object(Illuminate\\Http\\Request))
#17 E:\\xampp-8.2\\htdocs\\nexelit\\@core\\vendor\\laravel\\framework\\src\\Illuminate\\Pipeline\\Pipeline.php(219): Illuminate\\Routing\\Middleware\\SubstituteBindings->handle(Object(Illuminate\\Http\\Request), Object(Closure))
#18 E:\\xampp-8.2\\htdocs\\nexelit\\@core\\vendor\\laravel\\framework\\src\\Illuminate\\Foundation\\Http\\Middleware\\VerifyCsrfToken.php(87): Illuminate\\Pipeline\\Pipeline->Illuminate\\Pipeline\\{closure}(Object(Illuminate\\Http\\Request))
#19 E:\\xampp-8.2\\htdocs\\nexelit\\@core\\vendor\\laravel\\framework\\src\\Illuminate\\Pipeline\\Pipeline.php(219): Illuminate\\Foundation\\Http\\Middleware\\VerifyCsrfToken->handle(Object(Illuminate\\Http\\Request), Object(Closure))
#20 E:\\xampp-8.2\\htdocs\\nexelit\\@core\\vendor\\laravel\\framework\\src\\Illuminate\\View\\Middleware\\ShareErrorsFromSession.php(48): Illuminate\\Pipeline\\Pipeline->Illuminate\\Pipeline\\{closure}(Object(Illuminate\\Http\\Request))
#21 E:\\xampp-8.2\\htdocs\\nexelit\\@core\\vendor\\laravel\\framework\\src\\Illuminate\\Pipeline\\Pipeline.php(219): Illuminate\\View\\Middleware\\ShareErrorsFromSession->handle(Object(Illuminate\\Http\\Request), Object(Closure))
#22 E:\\xampp-8.2\\htdocs\\nexelit\\@core\\vendor\\laravel\\framework\\src\\Illuminate\\Session\\Middleware\\StartSession.php(120): Illuminate\\Pipeline\\Pipeline->Illuminate\\Pipeline\\{closure}(Object(Illuminate\\Http\\Request))
#23 E:\\xampp-8.2\\htdocs\\nexelit\\@core\\vendor\\laravel\\framework\\src\\Illuminate\\Session\\Middleware\\StartSession.php(63): Illuminate\\Session\\Middleware\\StartSession->handleStatefulRequest(Object(Illuminate\\Http\\Request), Object(Illuminate\\Session\\Store), Object(Closure))
#24 E:\\xampp-8.2\\htdocs\\nexelit\\@core\\vendor\\laravel\\framework\\src\\Illuminate\\Pipeline\\Pipeline.php(219): Illuminate\\Session\\Middleware\\StartSession->handle(Object(Illuminate\\Http\\Request), Object(Closure))
#25 E:\\xampp-8.2\\htdocs\\nexelit\\@core\\vendor\\laravel\\framework\\src\\Illuminate\\Cookie\\Middleware\\AddQueuedCookiesToResponse.php(36): Illuminate\\Pipeline\\Pipeline->Illuminate\\Pipeline\\{closure}(Object(Illuminate\\Http\\Request))
#26 E:\\xampp-8.2\\htdocs\\nexelit\\@core\\vendor\\laravel\\framework\\src\\Illuminate\\Pipeline\\Pipeline.php(219): Illuminate\\Cookie\\Middleware\\AddQueuedCookiesToResponse->handle(Object(Illuminate\\Http\\Request), Object(Closure))
#27 E:\\xampp-8.2\\htdocs\\nexelit\\@core\\vendor\\laravel\\framework\\src\\Illuminate\\Cookie\\Middleware\\EncryptCookies.php(74): Illuminate\\Pipeline\\Pipeline->Illuminate\\Pipeline\\{closure}(Object(Illuminate\\Http\\Request))
#28 E:\\xampp-8.2\\htdocs\\nexelit\\@core\\vendor\\laravel\\framework\\src\\Illuminate\\Pipeline\\Pipeline.php(219): Illuminate\\Cookie\\Middleware\\EncryptCookies->handle(Object(Illuminate\\Http\\Request), Object(Closure))
#29 E:\\xampp-8.2\\htdocs\\nexelit\\@core\\vendor\\laravel\\framework\\src\\Illuminate\\Pipeline\\Pipeline.php(137): Illuminate\\Pipeline\\Pipeline->Illuminate\\Pipeline\\{closure}(Object(Illuminate\\Http\\Request))
#30 E:\\xampp-8.2\\htdocs\\nexelit\\@core\\vendor\\laravel\\framework\\src\\Illuminate\\Routing\\Router.php(821): Illuminate\\Pipeline\\Pipeline->then(Object(Closure))
#31 E:\\xampp-8.2\\htdocs\\nexelit\\@core\\vendor\\laravel\\framework\\src\\Illuminate\\Routing\\Router.php(800): Illuminate\\Routing\\Router->runRouteWithinStack(Object(Illuminate\\Routing\\Route), Object(Illuminate\\Http\\Request))
#32 E:\\xampp-8.2\\htdocs\\nexelit\\@core\\vendor\\laravel\\framework\\src\\Illuminate\\Routing\\Router.php(764): Illuminate\\Routing\\Router->runRoute(Object(Illuminate\\Http\\Request), Object(Illuminate\\Routing\\Route))
#33 E:\\xampp-8.2\\htdocs\\nexelit\\@core\\vendor\\laravel\\framework\\src\\Illuminate\\Routing\\Router.php(753): Illuminate\\Routing\\Router->dispatchToRoute(Object(Illuminate\\Http\\Request))
#34 E:\\xampp-8.2\\htdocs\\nexelit\\@core\\vendor\\laravel\\framework\\src\\Illuminate\\Foundation\\Http\\Kernel.php(200): Illuminate\\Routing\\Router->dispatch(Object(Illuminate\\Http\\Request))
#35 E:\\xampp-8.2\\htdocs\\nexelit\\@core\\vendor\\laravel\\framework\\src\\Illuminate\\Pipeline\\Pipeline.php(180): Illuminate\\Foundation\\Http\\Kernel->Illuminate\\Foundation\\Http\\{closure}(Object(Illuminate\\Http\\Request))
#36 E:\\xampp-8.2\\htdocs\\nexelit\\@core\\vendor\\barryvdh\\laravel-debugbar\\src\\Middleware\\InjectDebugbar.php(66): Illuminate\\Pipeline\\Pipeline->Illuminate\\Pipeline\\{closure}(Object(Illuminate\\Http\\Request))
#37 E:\\xampp-8.2\\htdocs\\nexelit\\@core\\vendor\\laravel\\framework\\src\\Illuminate\\Pipeline\\Pipeline.php(219): Barryvdh\\Debugbar\\Middleware\\InjectDebugbar->handle(Object(Illuminate\\Http\\Request), Object(Closure))
#38 E:\\xampp-8.2\\htdocs\\nexelit\\@core\\vendor\\xgenious\\installer\\src\\Http\\Middleware\\InstallerMiddleware.php(18): Illuminate\\Pipeline\\Pipeline->Illuminate\\Pipeline\\{closure}(Object(Illuminate\\Http\\Request))
#39 E:\\xampp-8.2\\htdocs\\nexelit\\@core\\vendor\\laravel\\framework\\src\\Illuminate\\Pipeline\\Pipeline.php(219): Xgenious\\Installer\\Http\\Middleware\\InstallerMiddleware->handle(Object(Illuminate\\Http\\Request), Object(Closure))
#40 E:\\xampp-8.2\\htdocs\\nexelit\\@core\\vendor\\laravel\\framework\\src\\Illuminate\\Foundation\\Http\\Middleware\\TransformsRequest.php(21): Illuminate\\Pipeline\\Pipeline->Illuminate\\Pipeline\\{closure}(Object(Illuminate\\Http\\Request))
#41 E:\\xampp-8.2\\htdocs\\nexelit\\@core\\vendor\\laravel\\framework\\src\\Illuminate\\Foundation\\Http\\Middleware\\ConvertEmptyStringsToNull.php(31): Illuminate\\Foundation\\Http\\Middleware\\TransformsRequest->handle(Object(Illuminate\\Http\\Request), Object(Closure))
#42 E:\\xampp-8.2\\htdocs\\nexelit\\@core\\vendor\\laravel\\framework\\src\\Illuminate\\Pipeline\\Pipeline.php(219): Illuminate\\Foundation\\Http\\Middleware\\ConvertEmptyStringsToNull->handle(Object(Illuminate\\Http\\Request), Object(Closure))
#43 E:\\xampp-8.2\\htdocs\\nexelit\\@core\\vendor\\laravel\\framework\\src\\Illuminate\\Foundation\\Http\\Middleware\\TransformsRequest.php(21): Illuminate\\Pipeline\\Pipeline->Illuminate\\Pipeline\\{closure}(Object(Illuminate\\Http\\Request))
#44 E:\\xampp-8.2\\htdocs\\nexelit\\@core\\vendor\\laravel\\framework\\src\\Illuminate\\Foundation\\Http\\Middleware\\TrimStrings.php(51): Illuminate\\Foundation\\Http\\Middleware\\TransformsRequest->handle(Object(Illuminate\\Http\\Request), Object(Closure))
#45 E:\\xampp-8.2\\htdocs\\nexelit\\@core\\vendor\\laravel\\framework\\src\\Illuminate\\Pipeline\\Pipeline.php(219): Illuminate\\Foundation\\Http\\Middleware\\TrimStrings->handle(Object(Illuminate\\Http\\Request), Object(Closure))
#46 E:\\xampp-8.2\\htdocs\\nexelit\\@core\\vendor\\laravel\\framework\\src\\Illuminate\\Http\\Middleware\\ValidatePostSize.php(27): Illuminate\\Pipeline\\Pipeline->Illuminate\\Pipeline\\{closure}(Object(Illuminate\\Http\\Request))
#47 E:\\xampp-8.2\\htdocs\\nexelit\\@core\\vendor\\laravel\\framework\\src\\Illuminate\\Pipeline\\Pipeline.php(219): Illuminate\\Http\\Middleware\\ValidatePostSize->handle(Object(Illuminate\\Http\\Request), Object(Closure))
#48 E:\\xampp-8.2\\htdocs\\nexelit\\@core\\vendor\\laravel\\framework\\src\\Illuminate\\Foundation\\Http\\Middleware\\PreventRequestsDuringMaintenance.php(109): Illuminate\\Pipeline\\Pipeline->Illuminate\\Pipeline\\{closure}(Object(Illuminate\\Http\\Request))
#49 E:\\xampp-8.2\\htdocs\\nexelit\\@core\\vendor\\laravel\\framework\\src\\Illuminate\\Pipeline\\Pipeline.php(219): Illuminate\\Foundation\\Http\\Middleware\\PreventRequestsDuringMaintenance->handle(Object(Illuminate\\Http\\Request), Object(Closure))
#50 E:\\xampp-8.2\\htdocs\\nexelit\\@core\\vendor\\laravel\\framework\\src\\Illuminate\\Http\\Middleware\\TrustProxies.php(58): Illuminate\\Pipeline\\Pipeline->Illuminate\\Pipeline\\{closure}(Object(Illuminate\\Http\\Request))
#51 E:\\xampp-8.2\\htdocs\\nexelit\\@core\\vendor\\laravel\\framework\\src\\Illuminate\\Pipeline\\Pipeline.php(219): Illuminate\\Http\\Middleware\\TrustProxies->handle(Object(Illuminate\\Http\\Request), Object(Closure))
#52 E:\\xampp-8.2\\htdocs\\nexelit\\@core\\vendor\\laravel\\framework\\src\\Illuminate\\Pipeline\\Pipeline.php(137): Illuminate\\Pipeline\\Pipeline->Illuminate\\Pipeline\\{closure}(Object(Illuminate\\Http\\Request))
#53 E:\\xampp-8.2\\htdocs\\nexelit\\@core\\vendor\\laravel\\framework\\src\\Illuminate\\Foundation\\Http\\Kernel.php(175): Illuminate\\Pipeline\\Pipeline->then(Object(Closure))
#54 E:\\xampp-8.2\\htdocs\\nexelit\\@core\\vendor\\laravel\\framework\\src\\Illuminate\\Foundation\\Http\\Kernel.php(144): Illuminate\\Foundation\\Http\\Kernel->sendRequestThroughRouter(Object(Illuminate\\Http\\Request))
#55 E:\\xampp-8.2\\htdocs\\nexelit\\index.php(54): Illuminate\\Foundation\\Http\\Kernel->handle(Object(Illuminate\\Http\\Request))
#56 {main}
"} 
[2026-09-14 21:06:42] development.ERROR: View [frontend.home-pages.home-] not found. {"view":{"view":"E:\\xampp-8.2\\htdocs\\nexelit\\@core\\resources\\views\\frontend\\frontend-home.blade.php","data":{"home_page_variant":"<pre class=sf-dump id=sf-dump-203817532 data-indent-pad=\"  \"><span class=sf-dump-const>null</span>
</pre><script>Sfdump(\"sf-dump-203817532\", {\"maxDepth\":3,\"maxStringLength\":160})</script>
","errors":"<pre class=sf-dump id=sf-dump-1474925787 data-indent-pad=\"  \"><span class=sf-dump-note>Illuminate\\Support\\ViewErrorBag</span> {<a class=sf-dump-ref>#2042</a><samp data-depth=1 class=sf-dump-expanded>
  #<span class=sf-dump-protected title=\"Protected property\">bags</span>: []
</samp>}
</pre><script>Sfdump(\"sf-dump-1474925787\", {\"maxDepth\":3,\"maxStringLength\":160})</script>
","static_field_data":"<pre class=sf-dump id=sf-dump-1413015173 data-indent-pad=\"  \">[]
</pre><script>Sfdump(\"sf-dump-1413015173\", {\"maxDepth\":3,\"maxStringLength\":160})</script>
","all_header_slider":"<pre class=sf-dump id=sf-dump-1240712885 data-indent-pad=\"  \"><span class=sf-dump-note>Illuminate\\Database\\Eloquent\\Collection</span> {<a class=sf-dump-ref>#2607</a><samp data-depth=1 class=sf-dump-expanded>
  #<span class=sf-dump-protected title=\"Protected property\">items</span>: []
  #<span class=sf-dump-protected title=\"Protected property\">escapeWhenCastingToString</span>: <span class=sf-dump-const>false</span>
</samp>}
</pre><script>Sfdump(\"sf-dump-1240712885\", {\"maxDepth\":3,\"maxStringLength\":160})</script>
","all_counterup":"<pre class=sf-dump id=sf-dump-526595789 data-indent-pad=\"  \"><span class=sf-dump-note>Illuminate\\Database\\Eloquent\\Collection</span> {<a class=sf-dump-ref>#2614</a><samp data-depth=1 class=sf-dump-expanded>
  #<span class=sf-dump-protected title=\"Protected property\">items</span>: []
  #<span class=sf-dump-protected title=\"Protected property\">escapeWhenCastingToString</span>: <span class=sf-dump-const>false</span>
</samp>}
</pre><script>Sfdump(\"sf-dump-526595789\", {\"maxDepth\":3,\"maxStringLength\":160})</script>
","all_key_features":"<pre class=sf-dump id=sf-dump-948176685 data-indent-pad=\"  \"><span class=sf-dump-note>Illuminate\\Database\\Eloquent\\Collection</span> {<a class=sf-dump-ref>#2622</a><samp data-depth=1 class=sf-dump-expanded>
  #<span class=sf-dump-protected title=\"Protected property\">items</span>: []
  #<span class=sf-dump-protected title=\"Protected property\">escapeWhenCastingToString</span>: <span class=sf-dump-const>false</span>
</samp>}
</pre><script>Sfdump(\"sf-dump-948176685\", {\"maxDepth\":3,\"maxStringLength\":160})</script>
","all_service":"<pre class=sf-dump id=sf-dump-2139660835 data-indent-pad=\"  \"><span class=sf-dump-note>Illuminate\\Database\\Eloquent\\Collection</span> {<a class=sf-dump-ref>#2617</a><samp data-depth=1 class=sf-dump-expanded>
  #<span class=sf-dump-protected title=\"Protected property\">items</span>: []
  #<span class=sf-dump-protected title=\"Protected property\">escapeWhenCastingToString</span>: <span class=sf-dump-const>false</span>
</samp>}
</pre><script>Sfdump(\"sf-dump-2139660835\", {\"maxDepth\":3,\"maxStringLength\":160})</script>
","all_testimonial":"<pre class=sf-dump id=sf-dump-1909208703 data-indent-pad=\"  \"><span class=sf-dump-note>Illuminate\\Database\\Eloquent\\Collection</span> {<a class=sf-dump-ref>#2640</a><samp data-depth=1 class=sf-dump-expanded>
  #<span class=sf-dump-protected title=\"Protected property\">items</span>: []
  #<span class=sf-dump-protected title=\"Protected property\">escapeWhenCastingToString</span>: <span class=sf-dump-const>false</span>
</samp>}
</pre><script>Sfdump(\"sf-dump-1909208703\", {\"maxDepth\":3,\"maxStringLength\":160})</script>
","all_blog":"<pre class=sf-dump id=sf-dump-207456539 data-indent-pad=\"  \"><span class=sf-dump-note>Illuminate\\Database\\Eloquent\\Collection</span> {<a class=sf-dump-ref>#2569</a><samp data-depth=1 class=sf-dump-expanded>
  #<span class=sf-dump-protected title=\"Protected property\">items</span>: []
  #<span class=sf-dump-protected title=\"Protected property\">escapeWhenCastingToString</span>: <span class=sf-dump-const>false</span>
</samp>}
</pre><script>Sfdump(\"sf-dump-207456539\", {\"maxDepth\":3,\"maxStringLength\":160})</script>
","all_price_plan":"<pre class=sf-dump id=sf-dump-2141565396 data-indent-pad=\"  \"><span class=sf-dump-note>Illuminate\\Database\\Eloquent\\Collection</span> {<a class=sf-dump-ref>#2634</a><samp data-depth=1 class=sf-dump-expanded>
  #<span class=sf-dump-protected title=\"Protected property\">items</span>: []
  #<span class=sf-dump-protected title=\"Protected property\">escapeWhenCastingToString</span>: <span class=sf-dump-const>false</span>
</samp>}
</pre><script>Sfdump(\"sf-dump-2141565396\", {\"maxDepth\":3,\"maxStringLength\":160})</script>
","all_team_members":"<pre class=sf-dump id=sf-dump-1407198041 data-indent-pad=\"  \"><span class=sf-dump-note>Illuminate\\Database\\Eloquent\\Collection</span> {<a class=sf-dump-ref>#2661</a><samp data-depth=1 class=sf-dump-expanded>
  #<span class=sf-dump-protected title=\"Protected property\">items</span>: []
  #<span class=sf-dump-protected title=\"Protected property\">escapeWhenCastingToString</span>: <span class=sf-dump-const>false</span>
</samp>}
</pre><script>Sfdump(\"sf-dump-1407198041\", {\"maxDepth\":3,\"maxStringLength\":160})</script>
","all_brand_logo":"<pre class=sf-dump id=sf-dump-2088133288 data-indent-pad=\"  \"><span class=sf-dump-note>Illuminate\\Database\\Eloquent\\Collection</span> {<a class=sf-dump-ref>#2681</a><samp data-depth=1 class=sf-dump-expanded>
  #<span class=sf-dump-protected title=\"Protected property\">items</span>: []
  #<span class=sf-dump-protected title=\"Protected property\">escapeWhenCastingToString</span>: <span class=sf-dump-const>false</span>
</samp>}
</pre><script>Sfdump(\"sf-dump-2088133288\", {\"maxDepth\":3,\"maxStringLength\":160})</script>
","all_work_category":"<pre class=sf-dump id=sf-dump-1032853127 data-indent-pad=\"  \"><span class=sf-dump-note>Illuminate\\Database\\Eloquent\\Collection</span> {<a class=sf-dump-ref>#2734</a><samp data-depth=1 class=sf-dump-expanded>
  #<span class=sf-dump-protected title=\"Protected property\">items</span>: []
  #<span class=sf-dump-protected title=\"Protected property\">escapeWhenCastingToString</span>: <span class=sf-dump-const>false</span>
</samp>}
</pre><script>Sfdump(\"sf-dump-1032853127\", {\"maxDepth\":3,\"maxStringLength\":160})</script>
","all_work":"<pre class=sf-dump id=sf-dump-825932576 data-indent-pad=\"  \"><span class=sf-dump-note>Illuminate\\Database\\Eloquent\\Collection</span> {<a class=sf-dump-ref>#2666</a><samp data-depth=1 class=sf-dump-expanded>
  #<span class=sf-dump-protected title=\"Protected property\">items</span>: []
  #<span class=sf-dump-protected title=\"Protected property\">escapeWhenCastingToString</span>: <span class=sf-dump-const>false</span>
</samp>}
</pre><script>Sfdump(\"sf-dump-825932576\", {\"maxDepth\":3,\"maxStringLength\":160})</script>
","all_service_category":"<pre class=sf-dump id=sf-dump-1869394340 data-indent-pad=\"  \"><span class=sf-dump-note>Illuminate\\Database\\Eloquent\\Collection</span> {<a class=sf-dump-ref>#2691</a><samp data-depth=1 class=sf-dump-expanded>
  #<span class=sf-dump-protected title=\"Protected property\">items</span>: []
  #<span class=sf-dump-protected title=\"Protected property\">escapeWhenCastingToString</span>: <span class=sf-dump-const>false</span>
</samp>}
</pre><script>Sfdump(\"sf-dump-1869394340\", {\"maxDepth\":3,\"maxStringLength\":160})</script>
","all_contact_info":"<pre class=sf-dump id=sf-dump-1499577162 data-indent-pad=\"  \"><span class=sf-dump-note>Illuminate\\Database\\Eloquent\\Collection</span> {<a class=sf-dump-ref>#2704</a><samp data-depth=1 class=sf-dump-expanded>
  #<span class=sf-dump-protected title=\"Protected property\">items</span>: []
  #<span class=sf-dump-protected title=\"Protected property\">escapeWhenCastingToString</span>: <span class=sf-dump-const>false</span>
</samp>}
</pre><script>Sfdump(\"sf-dump-1499577162\", {\"maxDepth\":3,\"maxStringLength\":160})</script>
","global_static_field_data":"<pre class=sf-dump id=sf-dump-703121197 data-indent-pad=\"  \">[]
</pre><script>Sfdump(\"sf-dump-703121197\", {\"maxDepth\":3,\"maxStringLength\":160})</script>
","popup_details":"<pre class=sf-dump id=sf-dump-1049544743 data-indent-pad=\"  \"><span class=sf-dump-const>null</span>
</pre><script>Sfdump(\"sf-dump-1049544743\", {\"maxDepth\":3,\"maxStringLength\":160})</script>
","all_usefull_links":"<pre class=sf-dump id=sf-dump-513602530 data-indent-pad=\"  \"><span class=sf-dump-const>null</span>
</pre><script>Sfdump(\"sf-dump-513602530\", {\"maxDepth\":3,\"maxStringLength\":160})</script>
","all_important_links":"<pre class=sf-dump id=sf-dump-1567090277 data-indent-pad=\"  \"><span class=sf-dump-const>null</span>
</pre><script>Sfdump(\"sf-dump-1567090277\", {\"maxDepth\":3,\"maxStringLength\":160})</script>
","all_recent_post":"<pre class=sf-dump id=sf-dump-775914913 data-indent-pad=\"  \"><span class=sf-dump-note>Illuminate\\Database\\Eloquent\\Collection</span> {<a class=sf-dump-ref>#2517</a><samp data-depth=1 class=sf-dump-expanded>
  #<span class=sf-dump-protected title=\"Protected property\">items</span>: []
  #<span class=sf-dump-protected title=\"Protected property\">escapeWhenCastingToString</span>: <span class=sf-dump-const>false</span>
</samp>}
</pre><script>Sfdump(\"sf-dump-775914913\", {\"maxDepth\":3,\"maxStringLength\":160})</script>
","all_social_item":"<pre class=sf-dump id=sf-dump-44226225 data-indent-pad=\"  \"><span class=sf-dump-note>Illuminate\\Database\\Eloquent\\Collection</span> {<a class=sf-dump-ref>#2485</a><samp data-depth=1 class=sf-dump-expanded>
  #<span class=sf-dump-protected title=\"Protected property\">items</span>: []
  #<span class=sf-dump-protected title=\"Protected property\">escapeWhenCastingToString</span>: <span class=sf-dump-const>false</span>
</samp>}
</pre><script>Sfdump(\"sf-dump-44226225\", {\"maxDepth\":3,\"maxStringLength\":160})</script>
","all_language":"<pre class=sf-dump id=sf-dump-1328469090 data-indent-pad=\"  \"><span class=sf-dump-note>Illuminate\\Database\\Eloquent\\Collection</span> {<a class=sf-dump-ref>#2522</a><samp data-depth=1 class=sf-dump-expanded>
  #<span class=sf-dump-protected title=\"Protected property\">items</span>: <span class=sf-dump-note>array:1</span> [<samp data-depth=2 class=sf-dump-compact>
    <span class=sf-dump-index>0</span> => <span class=\"sf-dump-note sf-dump-ellipsization\" title=\"App\\Language
\"><span class=\"sf-dump-ellipsis sf-dump-ellipsis-note\">App</span><span class=\"sf-dump-ellipsis sf-dump-ellipsis-note\">\\</span><span class=\"sf-dump-ellipsis-tail\">Language</span></span> {<a class=sf-dump-ref>#2524</a><samp data-depth=3 class=sf-dump-compact>
      #<span class=sf-dump-protected title=\"Protected property\">connection</span>: \"<span class=sf-dump-str title=\"5 characters\">mysql</span>\"
      #<span class=sf-dump-protected title=\"Protected property\">table</span>: \"<span class=sf-dump-str title=\"9 characters\">languages</span>\"
      #<span class=sf-dump-protected title=\"Protected property\">primaryKey</span>: \"<span class=sf-dump-str title=\"2 characters\">id</span>\"
      #<span class=sf-dump-protected title=\"Protected property\">keyType</span>: \"<span class=sf-dump-str title=\"3 characters\">int</span>\"
      +<span class=sf-dump-public title=\"Public property\">incrementing</span>: <span class=sf-dump-const>true</span>
      #<span class=sf-dump-protected title=\"Protected property\">with</span>: []
      #<span class=sf-dump-protected title=\"Protected property\">withCount</span>: []
      +<span class=sf-dump-public title=\"Public property\">preventsLazyLoading</span>: <span class=sf-dump-const>false</span>
      #<span class=sf-dump-protected title=\"Protected property\">perPage</span>: <span class=sf-dump-num>15</span>
      +<span class=sf-dump-public title=\"Public property\">exists</span>: <span class=sf-dump-const>true</span>
      +<span class=sf-dump-public title=\"Public property\">wasRecentlyCreated</span>: <span class=sf-dump-const>false</span>
      #<span class=sf-dump-protected title=\"Protected property\">escapeWhenCastingToString</span>: <span class=sf-dump-const>false</span>
      #<span class=sf-dump-protected title=\"Protected property\">attributes</span>: <span class=sf-dump-note>array:8</span> [ &#8230;8]
      #<span class=sf-dump-protected title=\"Protected property\">original</span>: <span class=sf-dump-note>array:8</span> [ &#8230;8]
      #<span class=sf-dump-protected title=\"Protected property\">changes</span>: []
      #<span class=sf-dump-protected title=\"Protected property\">previous</span>: []
      #<span class=sf-dump-protected title=\"Protected property\">casts</span>: []
      #<span class=sf-dump-protected title=\"Protected property\">classCastCache</span>: []
      #<span class=sf-dump-protected title=\"Protected property\">attributeCastCache</span>: []
      #<span class=sf-dump-protected title=\"Protected property\">dateFormat</span>: <span class=sf-dump-const>null</span>
      #<span class=sf-dump-protected title=\"Protected property\">appends</span>: []
      #<span class=sf-dump-protected title=\"Protected property\">dispatchesEvents</span>: []
      #<span class=sf-dump-protected title=\"Protected property\">observables</span>: []
      #<span class=sf-dump-protected title=\"Protected property\">relations</span>: []
      #<span class=sf-dump-protected title=\"Protected property\">touches</span>: []
      #<span class=sf-dump-protected title=\"Protected property\">relationAutoloadCallback</span>: <span class=sf-dump-const>null</span>
      #<span class=sf-dump-protected title=\"Protected property\">relationAutoloadContext</span>: <span class=sf-dump-const>null</span>
      +<span class=sf-dump-public title=\"Public property\">timestamps</span>: <span class=sf-dump-const>true</span>
      +<span class=sf-dump-public title=\"Public property\">usesUniqueIds</span>: <span class=sf-dump-const>false</span>
      #<span class=sf-dump-protected title=\"Protected property\">hidden</span>: []
      #<span class=sf-dump-protected title=\"Protected property\">visible</span>: []
      #<span class=sf-dump-protected title=\"Protected property\">fillable</span>: <span class=sf-dump-note>array:5</span> [ &#8230;5]
      #<span class=sf-dump-protected title=\"Protected property\">guarded</span>: <span class=sf-dump-note>array:1</span> [ &#8230;1]
    </samp>}
  </samp>]
  #<span class=sf-dump-protected title=\"Protected property\">escapeWhenCastingToString</span>: <span class=sf-dump-const>false</span>
</samp>}
</pre><script>Sfdump(\"sf-dump-1328469090\", {\"maxDepth\":3,\"maxStringLength\":160})</script>
","primary_menu":"<pre class=sf-dump id=sf-dump-1196109162 data-indent-pad=\"  \"><span class=sf-dump-const>null</span>
</pre><script>Sfdump(\"sf-dump-1196109162\", {\"maxDepth\":3,\"maxStringLength\":160})</script>
","footer_widgets":"<pre class=sf-dump id=sf-dump-1524236801 data-indent-pad=\"  \"><span class=sf-dump-note>Illuminate\\Database\\Eloquent\\Collection</span> {<a class=sf-dump-ref>#2544</a><samp data-depth=1 class=sf-dump-expanded>
  #<span class=sf-dump-protected title=\"Protected property\">items</span>: []
  #<span class=sf-dump-protected title=\"Protected property\">escapeWhenCastingToString</span>: <span class=sf-dump-const>false</span>
</samp>}
</pre><script>Sfdump(\"sf-dump-1524236801\", {\"maxDepth\":3,\"maxStringLength\":160})</script>
","user_select_lang_slug":"<pre class=sf-dump id=sf-dump-1730754209 data-indent-pad=\"  \">\"<span class=sf-dump-str title=\"5 characters\">en_US</span>\"
</pre><script>Sfdump(\"sf-dump-1730754209\", {\"maxDepth\":3,\"maxStringLength\":160})</script>
"}},"exception":"[object] (Spatie\\LaravelIgnition\\Exceptions\\ViewException(code: 0): View [frontend.home-pages.home-] not found. at E:\\xampp-8.2\\htdocs\\nexelit\\@core\\vendor\\laravel\\framework\\src\\Illuminate\\View\\FileViewFinder.php:138)
[stacktrace]
#0 E:\\xampp-8.2\\htdocs\\nexelit\\@core\\vendor\\laravel\\framework\\src\\Illuminate\\View\\FileViewFinder.php(78): Illuminate\\View\\FileViewFinder->findInPaths('frontend.home-p...', Array)
#1 E:\\xampp-8.2\\htdocs\\nexelit\\@core\\vendor\\laravel\\framework\\src\\Illuminate\\View\\Factory.php(150): Illuminate\\View\\FileViewFinder->find('frontend.home-p...')
#2 E:\\xampp-8.2\\htdocs\\nexelit\\@core\\resources\\views\\frontend\\frontend-home.blade.php(10): Illuminate\\View\\Factory->make('frontend.home-p...', Array)
#3 E:\\xampp-8.2\\htdocs\\nexelit\\@core\\vendor\\laravel\\framework\\src\\Illuminate\\Filesystem\\Filesystem.php(123): require('E:\\\\xampp-8.2\\\\ht...')
#4 E:\\xampp-8.2\\htdocs\\nexelit\\@core\\vendor\\laravel\\framework\\src\\Illuminate\\Filesystem\\Filesystem.php(124): Illuminate\\Filesystem\\Filesystem::Illuminate\\Filesystem\\{closure}()
#5 E:\\xampp-8.2\\htdocs\\nexelit\\@core\\vendor\\laravel\\framework\\src\\Illuminate\\View\\Engines\\PhpEngine.php(57): Illuminate\\Filesystem\\Filesystem->getRequire('E:\\\\xampp-8.2\\\\ht...', Array)
#6 E:\\xampp-8.2\\htdocs\\nexelit\\@core\\vendor\\laravel\\framework\\src\\Illuminate\\View\\Engines\\CompilerEngine.php(76): Illuminate\\View\\Engines\\PhpEngine->evaluatePath('E:\\\\xampp-8.2\\\\ht...', Array)
#7 E:\\xampp-8.2\\htdocs\\nexelit\\@core\\vendor\\laravel\\framework\\src\\Illuminate\\View\\View.php(208): Illuminate\\View\\Engines\\CompilerEngine->get('E:\\\\xampp-8.2\\\\ht...', Array)
#8 E:\\xampp-8.2\\htdocs\\nexelit\\@core\\vendor\\laravel\\framework\\src\\Illuminate\\View\\View.php(191): Illuminate\\View\\View->getContents()
#9 E:\\xampp-8.2\\htdocs\\nexelit\\@core\\vendor\\laravel\\framework\\src\\Illuminate\\View\\View.php(160): Illuminate\\View\\View->renderContents()
#10 E:\\xampp-8.2\\htdocs\\nexelit\\@core\\vendor\\laravel\\framework\\src\\Illuminate\\Http\\Response.php(78): Illuminate\\View\\View->render()
#11 E:\\xampp-8.2\\htdocs\\nexelit\\@core\\vendor\\laravel\\framework\\src\\Illuminate\\Http\\Response.php(34): Illuminate\\Http\\Response->setContent(Object(Illuminate\\View\\View))
#12 E:\\xampp-8.2\\htdocs\\nexelit\\@core\\vendor\\laravel\\framework\\src\\Illuminate\\Routing\\Router.php(939): Illuminate\\Http\\Response->__construct(Object(Illuminate\\View\\View), 200, Array)
#13 E:\\xampp-8.2\\htdocs\\nexelit\\@core\\vendor\\laravel\\framework\\src\\Illuminate\\Routing\\Router.php(906): Illuminate\\Routing\\Router::toResponse(Object(Illuminate\\Http\\Request), Object(Illuminate\\View\\View))
#14 E:\\xampp-8.2\\htdocs\\nexelit\\@core\\vendor\\laravel\\framework\\src\\Illuminate\\Routing\\Router.php(821): Illuminate\\Routing\\Router->prepareResponse(Object(Illuminate\\Http\\Request), Object(Illuminate\\View\\View))
#15 E:\\xampp-8.2\\htdocs\\nexelit\\@core\\vendor\\laravel\\framework\\src\\Illuminate\\Pipeline\\Pipeline.php(180): Illuminate\\Routing\\Router->Illuminate\\Routing\\{closure}(Object(Illuminate\\Http\\Request))
#16 E:\\xampp-8.2\\htdocs\\nexelit\\@core\\app\\Http\\Middleware\\HtmlMinifier.php(13): Illuminate\\Pipeline\\Pipeline->Illuminate\\Pipeline\\{closure}(Object(Illuminate\\Http\\Request))
#17 E:\\xampp-8.2\\htdocs\\nexelit\\@core\\vendor\\laravel\\framework\\src\\Illuminate\\Pipeline\\Pipeline.php(219): App\\Http\\Middleware\\HtmlMinifier->handle(Object(Illuminate\\Http\\Request), Object(Closure), ':class')
#18 E:\\xampp-8.2\\htdocs\\nexelit\\@core\\app\\Http\\Middleware\\MaintainsMode.php(22): Illuminate\\Pipeline\\Pipeline->Illuminate\\Pipeline\\{closure}(Object(Illuminate\\Http\\Request))
#19 E:\\xampp-8.2\\htdocs\\nexelit\\@core\\vendor\\laravel\\framework\\src\\Illuminate\\Pipeline\\Pipeline.php(219): App\\Http\\Middleware\\MaintainsMode->handle(Object(Illuminate\\Http\\Request), Object(Closure))
#20 E:\\xampp-8.2\\htdocs\\nexelit\\@core\\app\\Http\\Middleware\\GlobalVariableMiddleware.php(145): Illuminate\\Pipeline\\Pipeline->Illuminate\\Pipeline\\{closure}(Object(Illuminate\\Http\\Request))
#21 E:\\xampp-8.2\\htdocs\\nexelit\\@core\\vendor\\laravel\\framework\\src\\Illuminate\\Pipeline\\Pipeline.php(219): App\\Http\\Middleware\\GlobalVariableMiddleware->handle(Object(Illuminate\\Http\\Request), Object(Closure))
#22 E:\\xampp-8.2\\htdocs\\nexelit\\@core\\app\\Http\\Middleware\\SetUserLanguages.php(35): Illuminate\\Pipeline\\Pipeline->Illuminate\\Pipeline\\{closure}(Object(Illuminate\\Http\\Request))
#23 E:\\xampp-8.2\\htdocs\\nexelit\\@core\\vendor\\laravel\\framework\\src\\Illuminate\\Pipeline\\Pipeline.php(219): App\\Http\\Middleware\\SetUserLanguages->handle(Object(Illuminate\\Http\\Request), Object(Closure), 'frontend')
#24 E:\\xampp-8.2\\htdocs\\nexelit\\@core\\vendor\\barryvdh\\laravel-debugbar\\src\\Middleware\\InjectDebugbar.php(66): Illuminate\\Pipeline\\Pipeline->Illuminate\\Pipeline\\{closure}(Object(Illuminate\\Http\\Request))
#25 E:\\xampp-8.2\\htdocs\\nexelit\\@core\\vendor\\laravel\\framework\\src\\Illuminate\\Pipeline\\Pipeline.php(219): Barryvdh\\Debugbar\\Middleware\\InjectDebugbar->handle(Object(Illuminate\\Http\\Request), Object(Closure))
#26 E:\\xampp-8.2\\htdocs\\nexelit\\@core\\vendor\\laravel\\framework\\src\\Illuminate\\Routing\\Middleware\\SubstituteBindings.php(50): Illuminate\\Pipeline\\Pipeline->Illuminate\\Pipeline\\{closure}(Object(Illuminate\\Http\\Request))
#27 E:\\xampp-8.2\\htdocs\\nexelit\\@core\\vendor\\laravel\\framework\\src\\Illuminate\\Pipeline\\Pipeline.php(219): Illuminate\\Routing\\Middleware\\SubstituteBindings->handle(Object(Illuminate\\Http\\Request), Object(Closure))
#28 E:\\xampp-8.2\\htdocs\\nexelit\\@core\\vendor\\laravel\\framework\\src\\Illuminate\\Foundation\\Http\\Middleware\\VerifyCsrfToken.php(87): Illuminate\\Pipeline\\Pipeline->Illuminate\\Pipeline\\{closure}(Object(Illuminate\\Http\\Request))
#29 E:\\xampp-8.2\\htdocs\\nexelit\\@core\\vendor\\laravel\\framework\\src\\Illuminate\\Pipeline\\Pipeline.php(219): Illuminate\\Foundation\\Http\\Middleware\\VerifyCsrfToken->handle(Object(Illuminate\\Http\\Request), Object(Closure))
#30 E:\\xampp-8.2\\htdocs\\nexelit\\@core\\vendor\\laravel\\framework\\src\\Illuminate\\View\\Middleware\\ShareErrorsFromSession.php(48): Illuminate\\Pipeline\\Pipeline->Illuminate\\Pipeline\\{closure}(Object(Illuminate\\Http\\Request))
#31 E:\\xampp-8.2\\htdocs\\nexelit\\@core\\vendor\\laravel\\framework\\src\\Illuminate\\Pipeline\\Pipeline.php(219): Illuminate\\View\\Middleware\\ShareErrorsFromSession->handle(Object(Illuminate\\Http\\Request), Object(Closure))
#32 E:\\xampp-8.2\\htdocs\\nexelit\\@core\\vendor\\laravel\\framework\\src\\Illuminate\\Session\\Middleware\\StartSession.php(120): Illuminate\\Pipeline\\Pipeline->Illuminate\\Pipeline\\{closure}(Object(Illuminate\\Http\\Request))
#33 E:\\xampp-8.2\\htdocs\\nexelit\\@core\\vendor\\laravel\\framework\\src\\Illuminate\\Session\\Middleware\\StartSession.php(63): Illuminate\\Session\\Middleware\\StartSession->handleStatefulRequest(Object(Illuminate\\Http\\Request), Object(Illuminate\\Session\\Store), Object(Closure))
#34 E:\\xampp-8.2\\htdocs\\nexelit\\@core\\vendor\\laravel\\framework\\src\\Illuminate\\Pipeline\\Pipeline.php(219): Illuminate\\Session\\Middleware\\StartSession->handle(Object(Illuminate\\Http\\Request), Object(Closure))
#35 E:\\xampp-8.2\\htdocs\\nexelit\\@core\\vendor\\laravel\\framework\\src\\Illuminate\\Cookie\\Middleware\\AddQueuedCookiesToResponse.php(36): Illuminate\\Pipeline\\Pipeline->Illuminate\\Pipeline\\{closure}(Object(Illuminate\\Http\\Request))
#36 E:\\xampp-8.2\\htdocs\\nexelit\\@core\\vendor\\laravel\\framework\\src\\Illuminate\\Pipeline\\Pipeline.php(219): Illuminate\\Cookie\\Middleware\\AddQueuedCookiesToResponse->handle(Object(Illuminate\\Http\\Request), Object(Closure))
#37 E:\\xampp-8.2\\htdocs\\nexelit\\@core\\vendor\\laravel\\framework\\src\\Illuminate\\Cookie\\Middleware\\EncryptCookies.php(74): Illuminate\\Pipeline\\Pipeline->Illuminate\\Pipeline\\{closure}(Object(Illuminate\\Http\\Request))
#38 E:\\xampp-8.2\\htdocs\\nexelit\\@core\\vendor\\laravel\\framework\\src\\Illuminate\\Pipeline\\Pipeline.php(219): Illuminate\\Cookie\\Middleware\\EncryptCookies->handle(Object(Illuminate\\Http\\Request), Object(Closure))
#39 E:\\xampp-8.2\\htdocs\\nexelit\\@core\\vendor\\laravel\\framework\\src\\Illuminate\\Pipeline\\Pipeline.php(137): Illuminate\\Pipeline\\Pipeline->Illuminate\\Pipeline\\{closure}(Object(Illuminate\\Http\\Request))
#40 E:\\xampp-8.2\\htdocs\\nexelit\\@core\\vendor\\laravel\\framework\\src\\Illuminate\\Routing\\Router.php(821): Illuminate\\Pipeline\\Pipeline->then(Object(Closure))
#41 E:\\xampp-8.2\\htdocs\\nexelit\\@core\\vendor\\laravel\\framework\\src\\Illuminate\\Routing\\Router.php(800): Illuminate\\Routing\\Router->runRouteWithinStack(Object(Illuminate\\Routing\\Route), Object(Illuminate\\Http\\Request))
#42 E:\\xampp-8.2\\htdocs\\nexelit\\@core\\vendor\\laravel\\framework\\src\\Illuminate\\Routing\\Router.php(764): Illuminate\\Routing\\Router->runRoute(Object(Illuminate\\Http\\Request), Object(Illuminate\\Routing\\Route))
#43 E:\\xampp-8.2\\htdocs\\nexelit\\@core\\vendor\\laravel\\framework\\src\\Illuminate\\Routing\\Router.php(753): Illuminate\\Routing\\Router->dispatchToRoute(Object(Illuminate\\Http\\Request))
#44 E:\\xampp-8.2\\htdocs\\nexelit\\@core\\vendor\\laravel\\framework\\src\\Illuminate\\Foundation\\Http\\Kernel.php(200): Illuminate\\Routing\\Router->dispatch(Object(Illuminate\\Http\\Request))
#45 E:\\xampp-8.2\\htdocs\\nexelit\\@core\\vendor\\laravel\\framework\\src\\Illuminate\\Pipeline\\Pipeline.php(180): Illuminate\\Foundation\\Http\\Kernel->Illuminate\\Foundation\\Http\\{closure}(Object(Illuminate\\Http\\Request))
#46 E:\\xampp-8.2\\htdocs\\nexelit\\@core\\vendor\\barryvdh\\laravel-debugbar\\src\\Middleware\\InjectDebugbar.php(66): Illuminate\\Pipeline\\Pipeline->Illuminate\\Pipeline\\{closure}(Object(Illuminate\\Http\\Request))
#47 E:\\xampp-8.2\\htdocs\\nexelit\\@core\\vendor\\laravel\\framework\\src\\Illuminate\\Pipeline\\Pipeline.php(219): Barryvdh\\Debugbar\\Middleware\\InjectDebugbar->handle(Object(Illuminate\\Http\\Request), Object(Closure))
#48 E:\\xampp-8.2\\htdocs\\nexelit\\@core\\vendor\\xgenious\\installer\\src\\Http\\Middleware\\InstallerMiddleware.php(18): Illuminate\\Pipeline\\Pipeline->Illuminate\\Pipeline\\{closure}(Object(Illuminate\\Http\\Request))
#49 E:\\xampp-8.2\\htdocs\\nexelit\\@core\\vendor\\laravel\\framework\\src\\Illuminate\\Pipeline\\Pipeline.php(219): Xgenious\\Installer\\Http\\Middleware\\InstallerMiddleware->handle(Object(Illuminate\\Http\\Request), Object(Closure))
#50 E:\\xampp-8.2\\htdocs\\nexelit\\@core\\vendor\\laravel\\framework\\src\\Illuminate\\Foundation\\Http\\Middleware\\TransformsRequest.php(21): Illuminate\\Pipeline\\Pipeline->Illuminate\\Pipeline\\{closure}(Object(Illuminate\\Http\\Request))
#51 E:\\xampp-8.2\\htdocs\\nexelit\\@core\\vendor\\laravel\\framework\\src\\Illuminate\\Foundation\\Http\\Middleware\\ConvertEmptyStringsToNull.php(31): Illuminate\\Foundation\\Http\\Middleware\\TransformsRequest->handle(Object(Illuminate\\Http\\Request), Object(Closure))
#52 E:\\xampp-8.2\\htdocs\\nexelit\\@core\\vendor\\laravel\\framework\\src\\Illuminate\\Pipeline\\Pipeline.php(219): Illuminate\\Foundation\\Http\\Middleware\\ConvertEmptyStringsToNull->handle(Object(Illuminate\\Http\\Request), Object(Closure))
#53 E:\\xampp-8.2\\htdocs\\nexelit\\@core\\vendor\\laravel\\framework\\src\\Illuminate\\Foundation\\Http\\Middleware\\TransformsRequest.php(21): Illuminate\\Pipeline\\Pipeline->Illuminate\\Pipeline\\{closure}(Object(Illuminate\\Http\\Request))
#54 E:\\xampp-8.2\\htdocs\\nexelit\\@core\\vendor\\laravel\\framework\\src\\Illuminate\\Foundation\\Http\\Middleware\\TrimStrings.php(51): Illuminate\\Foundation\\Http\\Middleware\\TransformsRequest->handle(Object(Illuminate\\Http\\Request), Object(Closure))
#55 E:\\xampp-8.2\\htdocs\\nexelit\\@core\\vendor\\laravel\\framework\\src\\Illuminate\\Pipeline\\Pipeline.php(219): Illuminate\\Foundation\\Http\\Middleware\\TrimStrings->handle(Object(Illuminate\\Http\\Request), Object(Closure))
#56 E:\\xampp-8.2\\htdocs\\nexelit\\@core\\vendor\\laravel\\framework\\src\\Illuminate\\Http\\Middleware\\ValidatePostSize.php(27): Illuminate\\Pipeline\\Pipeline->Illuminate\\Pipeline\\{closure}(Object(Illuminate\\Http\\Request))
#57 E:\\xampp-8.2\\htdocs\\nexelit\\@core\\vendor\\laravel\\framework\\src\\Illuminate\\Pipeline\\Pipeline.php(219): Illuminate\\Http\\Middleware\\ValidatePostSize->handle(Object(Illuminate\\Http\\Request), Object(Closure))
#58 E:\\xampp-8.2\\htdocs\\nexelit\\@core\\vendor\\laravel\\framework\\src\\Illuminate\\Foundation\\Http\\Middleware\\PreventRequestsDuringMaintenance.php(109): Illuminate\\Pipeline\\Pipeline->Illuminate\\Pipeline\\{closure}(Object(Illuminate\\Http\\Request))
#59 E:\\xampp-8.2\\htdocs\\nexelit\\@core\\vendor\\laravel\\framework\\src\\Illuminate\\Pipeline\\Pipeline.php(219): Illuminate\\Foundation\\Http\\Middleware\\PreventRequestsDuringMaintenance->handle(Object(Illuminate\\Http\\Request), Object(Closure))
#60 E:\\xampp-8.2\\htdocs\\nexelit\\@core\\vendor\\laravel\\framework\\src\\Illuminate\\Http\\Middleware\\TrustProxies.php(58): Illuminate\\Pipeline\\Pipeline->Illuminate\\Pipeline\\{closure}(Object(Illuminate\\Http\\Request))
#61 E:\\xampp-8.2\\htdocs\\nexelit\\@core\\vendor\\laravel\\framework\\src\\Illuminate\\Pipeline\\Pipeline.php(219): Illuminate\\Http\\Middleware\\TrustProxies->handle(Object(Illuminate\\Http\\Request), Object(Closure))
#62 E:\\xampp-8.2\\htdocs\\nexelit\\@core\\vendor\\laravel\\framework\\src\\Illuminate\\Pipeline\\Pipeline.php(137): Illuminate\\Pipeline\\Pipeline->Illuminate\\Pipeline\\{closure}(Object(Illuminate\\Http\\Request))
#63 E:\\xampp-8.2\\htdocs\\nexelit\\@core\\vendor\\laravel\\framework\\src\\Illuminate\\Foundation\\Http\\Kernel.php(175): Illuminate\\Pipeline\\Pipeline->then(Object(Closure))
#64 E:\\xampp-8.2\\htdocs\\nexelit\\@core\\vendor\\laravel\\framework\\src\\Illuminate\\Foundation\\Http\\Kernel.php(144): Illuminate\\Foundation\\Http\\Kernel->sendRequestThroughRouter(Object(Illuminate\\Http\\Request))
#65 E:\\xampp-8.2\\htdocs\\nexelit\\index.php(54): Illuminate\\Foundation\\Http\\Kernel->handle(Object(Illuminate\\Http\\Request))
#66 {main}

[previous exception] [object] (InvalidArgumentException(code: 0): View [frontend.home-pages.home-] not found. at E:\\xampp-8.2\\htdocs\\nexelit\\@core\\vendor\\laravel\\framework\\src\\Illuminate\\View\\FileViewFinder.php:138)
[stacktrace]
#0 E:\\xampp-8.2\\htdocs\\nexelit\\@core\\vendor\\laravel\\framework\\src\\Illuminate\\View\\FileViewFinder.php(78): Illuminate\\View\\FileViewFinder->findInPaths('frontend.home-p...', Array)
#1 E:\\xampp-8.2\\htdocs\\nexelit\\@core\\vendor\\laravel\\framework\\src\\Illuminate\\View\\Factory.php(150): Illuminate\\View\\FileViewFinder->find('frontend.home-p...')
#2 E:\\xampp-8.2\\htdocs\\nexelit\\@core\\storage\\framework\\views\\32513d16c9966f9aa270a4c716f8d139.php(8): Illuminate\\View\\Factory->make('frontend.home-p...', Array)
#3 E:\\xampp-8.2\\htdocs\\nexelit\\@core\\vendor\\laravel\\framework\\src\\Illuminate\\Filesystem\\Filesystem.php(123): require('E:\\\\xampp-8.2\\\\ht...')
#4 E:\\xampp-8.2\\htdocs\\nexelit\\@core\\vendor\\laravel\\framework\\src\\Illuminate\\Filesystem\\Filesystem.php(124): Illuminate\\Filesystem\\Filesystem::Illuminate\\Filesystem\\{closure}()
#5 E:\\xampp-8.2\\htdocs\\nexelit\\@core\\vendor\\laravel\\framework\\src\\Illuminate\\View\\Engines\\PhpEngine.php(57): Illuminate\\Filesystem\\Filesystem->getRequire('E:\\\\xampp-8.2\\\\ht...', Array)
#6 E:\\xampp-8.2\\htdocs\\nexelit\\@core\\vendor\\laravel\\framework\\src\\Illuminate\\View\\Engines\\CompilerEngine.php(76): Illuminate\\View\\Engines\\PhpEngine->evaluatePath('E:\\\\xampp-8.2\\\\ht...', Array)
#7 E:\\xampp-8.2\\htdocs\\nexelit\\@core\\vendor\\laravel\\framework\\src\\Illuminate\\View\\View.php(208): Illuminate\\View\\Engines\\CompilerEngine->get('E:\\\\xampp-8.2\\\\ht...', Array)
#8 E:\\xampp-8.2\\htdocs\\nexelit\\@core\\vendor\\laravel\\framework\\src\\Illuminate\\View\\View.php(191): Illuminate\\View\\View->getContents()
#9 E:\\xampp-8.2\\htdocs\\nexelit\\@core\\vendor\\laravel\\framework\\src\\Illuminate\\View\\View.php(160): Illuminate\\View\\View->renderContents()
#10 E:\\xampp-8.2\\htdocs\\nexelit\\@core\\vendor\\laravel\\framework\\src\\Illuminate\\Http\\Response.php(78): Illuminate\\View\\View->render()
#11 E:\\xampp-8.2\\htdocs\\nexelit\\@core\\vendor\\laravel\\framework\\src\\Illuminate\\Http\\Response.php(34): Illuminate\\Http\\Response->setContent(Object(Illuminate\\View\\View))
#12 E:\\xampp-8.2\\htdocs\\nexelit\\@core\\vendor\\laravel\\framework\\src\\Illuminate\\Routing\\Router.php(939): Illuminate\\Http\\Response->__construct(Object(Illuminate\\View\\View), 200, Array)
#13 E:\\xampp-8.2\\htdocs\\nexelit\\@core\\vendor\\laravel\\framework\\src\\Illuminate\\Routing\\Router.php(906): Illuminate\\Routing\\Router::toResponse(Object(Illuminate\\Http\\Request), Object(Illuminate\\View\\View))
#14 E:\\xampp-8.2\\htdocs\\nexelit\\@core\\vendor\\laravel\\framework\\src\\Illuminate\\Routing\\Router.php(821): Illuminate\\Routing\\Router->prepareResponse(Object(Illuminate\\Http\\Request), Object(Illuminate\\View\\View))
#15 E:\\xampp-8.2\\htdocs\\nexelit\\@core\\vendor\\laravel\\framework\\src\\Illuminate\\Pipeline\\Pipeline.php(180): Illuminate\\Routing\\Router->Illuminate\\Routing\\{closure}(Object(Illuminate\\Http\\Request))
#16 E:\\xampp-8.2\\htdocs\\nexelit\\@core\\app\\Http\\Middleware\\HtmlMinifier.php(13): Illuminate\\Pipeline\\Pipeline->Illuminate\\Pipeline\\{closure}(Object(Illuminate\\Http\\Request))
#17 E:\\xampp-8.2\\htdocs\\nexelit\\@core\\vendor\\laravel\\framework\\src\\Illuminate\\Pipeline\\Pipeline.php(219): App\\Http\\Middleware\\HtmlMinifier->handle(Object(Illuminate\\Http\\Request), Object(Closure), ':class')
#18 E:\\xampp-8.2\\htdocs\\nexelit\\@core\\app\\Http\\Middleware\\MaintainsMode.php(22): Illuminate\\Pipeline\\Pipeline->Illuminate\\Pipeline\\{closure}(Object(Illuminate\\Http\\Request))
#19 E:\\xampp-8.2\\htdocs\\nexelit\\@core\\vendor\\laravel\\framework\\src\\Illuminate\\Pipeline\\Pipeline.php(219): App\\Http\\Middleware\\MaintainsMode->handle(Object(Illuminate\\Http\\Request), Object(Closure))
#20 E:\\xampp-8.2\\htdocs\\nexelit\\@core\\app\\Http\\Middleware\\GlobalVariableMiddleware.php(145): Illuminate\\Pipeline\\Pipeline->Illuminate\\Pipeline\\{closure}(Object(Illuminate\\Http\\Request))
#21 E:\\xampp-8.2\\htdocs\\nexelit\\@core\\vendor\\laravel\\framework\\src\\Illuminate\\Pipeline\\Pipeline.php(219): App\\Http\\Middleware\\GlobalVariableMiddleware->handle(Object(Illuminate\\Http\\Request), Object(Closure))
#22 E:\\xampp-8.2\\htdocs\\nexelit\\@core\\app\\Http\\Middleware\\SetUserLanguages.php(35): Illuminate\\Pipeline\\Pipeline->Illuminate\\Pipeline\\{closure}(Object(Illuminate\\Http\\Request))
#23 E:\\xampp-8.2\\htdocs\\nexelit\\@core\\vendor\\laravel\\framework\\src\\Illuminate\\Pipeline\\Pipeline.php(219): App\\Http\\Middleware\\SetUserLanguages->handle(Object(Illuminate\\Http\\Request), Object(Closure), 'frontend')
#24 E:\\xampp-8.2\\htdocs\\nexelit\\@core\\vendor\\barryvdh\\laravel-debugbar\\src\\Middleware\\InjectDebugbar.php(66): Illuminate\\Pipeline\\Pipeline->Illuminate\\Pipeline\\{closure}(Object(Illuminate\\Http\\Request))
#25 E:\\xampp-8.2\\htdocs\\nexelit\\@core\\vendor\\laravel\\framework\\src\\Illuminate\\Pipeline\\Pipeline.php(219): Barryvdh\\Debugbar\\Middleware\\InjectDebugbar->handle(Object(Illuminate\\Http\\Request), Object(Closure))
#26 E:\\xampp-8.2\\htdocs\\nexelit\\@core\\vendor\\laravel\\framework\\src\\Illuminate\\Routing\\Middleware\\SubstituteBindings.php(50): Illuminate\\Pipeline\\Pipeline->Illuminate\\Pipeline\\{closure}(Object(Illuminate\\Http\\Request))
#27 E:\\xampp-8.2\\htdocs\\nexelit\\@core\\vendor\\laravel\\framework\\src\\Illuminate\\Pipeline\\Pipeline.php(219): Illuminate\\Routing\\Middleware\\SubstituteBindings->handle(Object(Illuminate\\Http\\Request), Object(Closure))
#28 E:\\xampp-8.2\\htdocs\\nexelit\\@core\\vendor\\laravel\\framework\\src\\Illuminate\\Foundation\\Http\\Middleware\\VerifyCsrfToken.php(87): Illuminate\\Pipeline\\Pipeline->Illuminate\\Pipeline\\{closure}(Object(Illuminate\\Http\\Request))
#29 E:\\xampp-8.2\\htdocs\\nexelit\\@core\\vendor\\laravel\\framework\\src\\Illuminate\\Pipeline\\Pipeline.php(219): Illuminate\\Foundation\\Http\\Middleware\\VerifyCsrfToken->handle(Object(Illuminate\\Http\\Request), Object(Closure))
#30 E:\\xampp-8.2\\htdocs\\nexelit\\@core\\vendor\\laravel\\framework\\src\\Illuminate\\View\\Middleware\\ShareErrorsFromSession.php(48): Illuminate\\Pipeline\\Pipeline->Illuminate\\Pipeline\\{closure}(Object(Illuminate\\Http\\Request))
#31 E:\\xampp-8.2\\htdocs\\nexelit\\@core\\vendor\\laravel\\framework\\src\\Illuminate\\Pipeline\\Pipeline.php(219): Illuminate\\View\\Middleware\\ShareErrorsFromSession->handle(Object(Illuminate\\Http\\Request), Object(Closure))
#32 E:\\xampp-8.2\\htdocs\\nexelit\\@core\\vendor\\laravel\\framework\\src\\Illuminate\\Session\\Middleware\\StartSession.php(120): Illuminate\\Pipeline\\Pipeline->Illuminate\\Pipeline\\{closure}(Object(Illuminate\\Http\\Request))
#33 E:\\xampp-8.2\\htdocs\\nexelit\\@core\\vendor\\laravel\\framework\\src\\Illuminate\\Session\\Middleware\\StartSession.php(63): Illuminate\\Session\\Middleware\\StartSession->handleStatefulRequest(Object(Illuminate\\Http\\Request), Object(Illuminate\\Session\\Store), Object(Closure))
#34 E:\\xampp-8.2\\htdocs\\nexelit\\@core\\vendor\\laravel\\framework\\src\\Illuminate\\Pipeline\\Pipeline.php(219): Illuminate\\Session\\Middleware\\StartSession->handle(Object(Illuminate\\Http\\Request), Object(Closure))
#35 E:\\xampp-8.2\\htdocs\\nexelit\\@core\\vendor\\laravel\\framework\\src\\Illuminate\\Cookie\\Middleware\\AddQueuedCookiesToResponse.php(36): Illuminate\\Pipeline\\Pipeline->Illuminate\\Pipeline\\{closure}(Object(Illuminate\\Http\\Request))
#36 E:\\xampp-8.2\\htdocs\\nexelit\\@core\\vendor\\laravel\\framework\\src\\Illuminate\\Pipeline\\Pipeline.php(219): Illuminate\\Cookie\\Middleware\\AddQueuedCookiesToResponse->handle(Object(Illuminate\\Http\\Request), Object(Closure))
#37 E:\\xampp-8.2\\htdocs\\nexelit\\@core\\vendor\\laravel\\framework\\src\\Illuminate\\Cookie\\Middleware\\EncryptCookies.php(74): Illuminate\\Pipeline\\Pipeline->Illuminate\\Pipeline\\{closure}(Object(Illuminate\\Http\\Request))
#38 E:\\xampp-8.2\\htdocs\\nexelit\\@core\\vendor\\laravel\\framework\\src\\Illuminate\\Pipeline\\Pipeline.php(219): Illuminate\\Cookie\\Middleware\\EncryptCookies->handle(Object(Illuminate\\Http\\Request), Object(Closure))
#39 E:\\xampp-8.2\\htdocs\\nexelit\\@core\\vendor\\laravel\\framework\\src\\Illuminate\\Pipeline\\Pipeline.php(137): Illuminate\\Pipeline\\Pipeline->Illuminate\\Pipeline\\{closure}(Object(Illuminate\\Http\\Request))
#40 E:\\xampp-8.2\\htdocs\\nexelit\\@core\\vendor\\laravel\\framework\\src\\Illuminate\\Routing\\Router.php(821): Illuminate\\Pipeline\\Pipeline->then(Object(Closure))
#41 E:\\xampp-8.2\\htdocs\\nexelit\\@core\\vendor\\laravel\\framework\\src\\Illuminate\\Routing\\Router.php(800): Illuminate\\Routing\\Router->runRouteWithinStack(Object(Illuminate\\Routing\\Route), Object(Illuminate\\Http\\Request))
#42 E:\\xampp-8.2\\htdocs\\nexelit\\@core\\vendor\\laravel\\framework\\src\\Illuminate\\Routing\\Router.php(764): Illuminate\\Routing\\Router->runRoute(Object(Illuminate\\Http\\Request), Object(Illuminate\\Routing\\Route))
#43 E:\\xampp-8.2\\htdocs\\nexelit\\@core\\vendor\\laravel\\framework\\src\\Illuminate\\Routing\\Router.php(753): Illuminate\\Routing\\Router->dispatchToRoute(Object(Illuminate\\Http\\Request))
#44 E:\\xampp-8.2\\htdocs\\nexelit\\@core\\vendor\\laravel\\framework\\src\\Illuminate\\Foundation\\Http\\Kernel.php(200): Illuminate\\Routing\\Router->dispatch(Object(Illuminate\\Http\\Request))
#45 E:\\xampp-8.2\\htdocs\\nexelit\\@core\\vendor\\laravel\\framework\\src\\Illuminate\\Pipeline\\Pipeline.php(180): Illuminate\\Foundation\\Http\\Kernel->Illuminate\\Foundation\\Http\\{closure}(Object(Illuminate\\Http\\Request))
#46 E:\\xampp-8.2\\htdocs\\nexelit\\@core\\vendor\\barryvdh\\laravel-debugbar\\src\\Middleware\\InjectDebugbar.php(66): Illuminate\\Pipeline\\Pipeline->Illuminate\\Pipeline\\{closure}(Object(Illuminate\\Http\\Request))
#47 E:\\xampp-8.2\\htdocs\\nexelit\\@core\\vendor\\laravel\\framework\\src\\Illuminate\\Pipeline\\Pipeline.php(219): Barryvdh\\Debugbar\\Middleware\\InjectDebugbar->handle(Object(Illuminate\\Http\\Request), Object(Closure))
#48 E:\\xampp-8.2\\htdocs\\nexelit\\@core\\vendor\\xgenious\\installer\\src\\Http\\Middleware\\InstallerMiddleware.php(18): Illuminate\\Pipeline\\Pipeline->Illuminate\\Pipeline\\{closure}(Object(Illuminate\\Http\\Request))
#49 E:\\xampp-8.2\\htdocs\\nexelit\\@core\\vendor\\laravel\\framework\\src\\Illuminate\\Pipeline\\Pipeline.php(219): Xgenious\\Installer\\Http\\Middleware\\InstallerMiddleware->handle(Object(Illuminate\\Http\\Request), Object(Closure))
#50 E:\\xampp-8.2\\htdocs\\nexelit\\@core\\vendor\\laravel\\framework\\src\\Illuminate\\Foundation\\Http\\Middleware\\TransformsRequest.php(21): Illuminate\\Pipeline\\Pipeline->Illuminate\\Pipeline\\{closure}(Object(Illuminate\\Http\\Request))
#51 E:\\xampp-8.2\\htdocs\\nexelit\\@core\\vendor\\laravel\\framework\\src\\Illuminate\\Foundation\\Http\\Middleware\\ConvertEmptyStringsToNull.php(31): Illuminate\\Foundation\\Http\\Middleware\\TransformsRequest->handle(Object(Illuminate\\Http\\Request), Object(Closure))
#52 E:\\xampp-8.2\\htdocs\\nexelit\\@core\\vendor\\laravel\\framework\\src\\Illuminate\\Pipeline\\Pipeline.php(219): Illuminate\\Foundation\\Http\\Middleware\\ConvertEmptyStringsToNull->handle(Object(Illuminate\\Http\\Request), Object(Closure))
#53 E:\\xampp-8.2\\htdocs\\nexelit\\@core\\vendor\\laravel\\framework\\src\\Illuminate\\Foundation\\Http\\Middleware\\TransformsRequest.php(21): Illuminate\\Pipeline\\Pipeline->Illuminate\\Pipeline\\{closure}(Object(Illuminate\\Http\\Request))
#54 E:\\xampp-8.2\\htdocs\\nexelit\\@core\\vendor\\laravel\\framework\\src\\Illuminate\\Foundation\\Http\\Middleware\\TrimStrings.php(51): Illuminate\\Foundation\\Http\\Middleware\\TransformsRequest->handle(Object(Illuminate\\Http\\Request), Object(Closure))
#55 E:\\xampp-8.2\\htdocs\\nexelit\\@core\\vendor\\laravel\\framework\\src\\Illuminate\\Pipeline\\Pipeline.php(219): Illuminate\\Foundation\\Http\\Middleware\\TrimStrings->handle(Object(Illuminate\\Http\\Request), Object(Closure))
#56 E:\\xampp-8.2\\htdocs\\nexelit\\@core\\vendor\\laravel\\framework\\src\\Illuminate\\Http\\Middleware\\ValidatePostSize.php(27): Illuminate\\Pipeline\\Pipeline->Illuminate\\Pipeline\\{closure}(Object(Illuminate\\Http\\Request))
#57 E:\\xampp-8.2\\htdocs\\nexelit\\@core\\vendor\\laravel\\framework\\src\\Illuminate\\Pipeline\\Pipeline.php(219): Illuminate\\Http\\Middleware\\ValidatePostSize->handle(Object(Illuminate\\Http\\Request), Object(Closure))
#58 E:\\xampp-8.2\\htdocs\\nexelit\\@core\\vendor\\laravel\\framework\\src\\Illuminate\\Foundation\\Http\\Middleware\\PreventRequestsDuringMaintenance.php(109): Illuminate\\Pipeline\\Pipeline->Illuminate\\Pipeline\\{closure}(Object(Illuminate\\Http\\Request))
#59 E:\\xampp-8.2\\htdocs\\nexelit\\@core\\vendor\\laravel\\framework\\src\\Illuminate\\Pipeline\\Pipeline.php(219): Illuminate\\Foundation\\Http\\Middleware\\PreventRequestsDuringMaintenance->handle(Object(Illuminate\\Http\\Request), Object(Closure))
#60 E:\\xampp-8.2\\htdocs\\nexelit\\@core\\vendor\\laravel\\framework\\src\\Illuminate\\Http\\Middleware\\TrustProxies.php(58): Illuminate\\Pipeline\\Pipeline->Illuminate\\Pipeline\\{closure}(Object(Illuminate\\Http\\Request))
#61 E:\\xampp-8.2\\htdocs\\nexelit\\@core\\vendor\\laravel\\framework\\src\\Illuminate\\Pipeline\\Pipeline.php(219): Illuminate\\Http\\Middleware\\TrustProxies->handle(Object(Illuminate\\Http\\Request), Object(Closure))
#62 E:\\xampp-8.2\\htdocs\\nexelit\\@core\\vendor\\laravel\\framework\\src\\Illuminate\\Pipeline\\Pipeline.php(137): Illuminate\\Pipeline\\Pipeline->Illuminate\\Pipeline\\{closure}(Object(Illuminate\\Http\\Request))
#63 E:\\xampp-8.2\\htdocs\\nexelit\\@core\\vendor\\laravel\\framework\\src\\Illuminate\\Foundation\\Http\\Kernel.php(175): Illuminate\\Pipeline\\Pipeline->then(Object(Closure))
#64 E:\\xampp-8.2\\htdocs\\nexelit\\@core\\vendor\\laravel\\framework\\src\\Illuminate\\Foundation\\Http\\Kernel.php(144): Illuminate\\Foundation\\Http\\Kernel->sendRequestThroughRouter(Object(Illuminate\\Http\\Request))
#65 E:\\xampp-8.2\\htdocs\\nexelit\\index.php(54): Illuminate\\Foundation\\Http\\Kernel->handle(Object(Illuminate\\Http\\Request))
#66 {main}
"} 
[2026-09-14 21:17:57] development.ERROR: View [frontend.home-pages.home-] not found. {"view":{"view":"E:\\xampp-8.2\\htdocs\\nexelit\\@core\\resources\\views\\frontend\\frontend-home.blade.php","data":{"home_page_variant":"<pre class=sf-dump id=sf-dump-1591812957 data-indent-pad=\"  \"><span class=sf-dump-const>null</span>
</pre><script>Sfdump(\"sf-dump-1591812957\", {\"maxDepth\":3,\"maxStringLength\":160})</script>
","errors":"<pre class=sf-dump id=sf-dump-67864143 data-indent-pad=\"  \"><span class=sf-dump-note>Illuminate\\Support\\ViewErrorBag</span> {<a class=sf-dump-ref>#2042</a><samp data-depth=1 class=sf-dump-expanded>
  #<span class=sf-dump-protected title=\"Protected property\">bags</span>: []
</samp>}
</pre><script>Sfdump(\"sf-dump-67864143\", {\"maxDepth\":3,\"maxStringLength\":160})</script>
","static_field_data":"<pre class=sf-dump id=sf-dump-1542443989 data-indent-pad=\"  \">[]
</pre><script>Sfdump(\"sf-dump-1542443989\", {\"maxDepth\":3,\"maxStringLength\":160})</script>
","all_header_slider":"<pre class=sf-dump id=sf-dump-295379287 data-indent-pad=\"  \"><span class=sf-dump-note>Illuminate\\Database\\Eloquent\\Collection</span> {<a class=sf-dump-ref>#2607</a><samp data-depth=1 class=sf-dump-expanded>
  #<span class=sf-dump-protected title=\"Protected property\">items</span>: []
  #<span class=sf-dump-protected title=\"Protected property\">escapeWhenCastingToString</span>: <span class=sf-dump-const>false</span>
</samp>}
</pre><script>Sfdump(\"sf-dump-295379287\", {\"maxDepth\":3,\"maxStringLength\":160})</script>
","all_counterup":"<pre class=sf-dump id=sf-dump-442870487 data-indent-pad=\"  \"><span class=sf-dump-note>Illuminate\\Database\\Eloquent\\Collection</span> {<a class=sf-dump-ref>#2614</a><samp data-depth=1 class=sf-dump-expanded>
  #<span class=sf-dump-protected title=\"Protected property\">items</span>: []
  #<span class=sf-dump-protected title=\"Protected property\">escapeWhenCastingToString</span>: <span class=sf-dump-const>false</span>
</samp>}
</pre><script>Sfdump(\"sf-dump-442870487\", {\"maxDepth\":3,\"maxStringLength\":160})</script>
","all_key_features":"<pre class=sf-dump id=sf-dump-1380497603 data-indent-pad=\"  \"><span class=sf-dump-note>Illuminate\\Database\\Eloquent\\Collection</span> {<a class=sf-dump-ref>#2622</a><samp data-depth=1 class=sf-dump-expanded>
  #<span class=sf-dump-protected title=\"Protected property\">items</span>: []
  #<span class=sf-dump-protected title=\"Protected property\">escapeWhenCastingToString</span>: <span class=sf-dump-const>false</span>
</samp>}
</pre><script>Sfdump(\"sf-dump-1380497603\", {\"maxDepth\":3,\"maxStringLength\":160})</script>
","all_service":"<pre class=sf-dump id=sf-dump-600463376 data-indent-pad=\"  \"><span class=sf-dump-note>Illuminate\\Database\\Eloquent\\Collection</span> {<a class=sf-dump-ref>#2617</a><samp data-depth=1 class=sf-dump-expanded>
  #<span class=sf-dump-protected title=\"Protected property\">items</span>: []
  #<span class=sf-dump-protected title=\"Protected property\">escapeWhenCastingToString</span>: <span class=sf-dump-const>false</span>
</samp>}
</pre><script>Sfdump(\"sf-dump-600463376\", {\"maxDepth\":3,\"maxStringLength\":160})</script>
","all_testimonial":"<pre class=sf-dump id=sf-dump-1789556266 data-indent-pad=\"  \"><span class=sf-dump-note>Illuminate\\Database\\Eloquent\\Collection</span> {<a class=sf-dump-ref>#2640</a><samp data-depth=1 class=sf-dump-expanded>
  #<span class=sf-dump-protected title=\"Protected property\">items</span>: []
  #<span class=sf-dump-protected title=\"Protected property\">escapeWhenCastingToString</span>: <span class=sf-dump-const>false</span>
</samp>}
</pre><script>Sfdump(\"sf-dump-1789556266\", {\"maxDepth\":3,\"maxStringLength\":160})</script>
","all_blog":"<pre class=sf-dump id=sf-dump-1176205517 data-indent-pad=\"  \"><span class=sf-dump-note>Illuminate\\Database\\Eloquent\\Collection</span> {<a class=sf-dump-ref>#2569</a><samp data-depth=1 class=sf-dump-expanded>
  #<span class=sf-dump-protected title=\"Protected property\">items</span>: []
  #<span class=sf-dump-protected title=\"Protected property\">escapeWhenCastingToString</span>: <span class=sf-dump-const>false</span>
</samp>}
</pre><script>Sfdump(\"sf-dump-1176205517\", {\"maxDepth\":3,\"maxStringLength\":160})</script>
","all_price_plan":"<pre class=sf-dump id=sf-dump-877871150 data-indent-pad=\"  \"><span class=sf-dump-note>Illuminate\\Database\\Eloquent\\Collection</span> {<a class=sf-dump-ref>#2634</a><samp data-depth=1 class=sf-dump-expanded>
  #<span class=sf-dump-protected title=\"Protected property\">items</span>: []
  #<span class=sf-dump-protected title=\"Protected property\">escapeWhenCastingToString</span>: <span class=sf-dump-const>false</span>
</samp>}
</pre><script>Sfdump(\"sf-dump-877871150\", {\"maxDepth\":3,\"maxStringLength\":160})</script>
","all_team_members":"<pre class=sf-dump id=sf-dump-2114274002 data-indent-pad=\"  \"><span class=sf-dump-note>Illuminate\\Database\\Eloquent\\Collection</span> {<a class=sf-dump-ref>#2661</a><samp data-depth=1 class=sf-dump-expanded>
  #<span class=sf-dump-protected title=\"Protected property\">items</span>: []
  #<span class=sf-dump-protected title=\"Protected property\">escapeWhenCastingToString</span>: <span class=sf-dump-const>false</span>
</samp>}
</pre><script>Sfdump(\"sf-dump-2114274002\", {\"maxDepth\":3,\"maxStringLength\":160})</script>
","all_brand_logo":"<pre class=sf-dump id=sf-dump-33251901 data-indent-pad=\"  \"><span class=sf-dump-note>Illuminate\\Database\\Eloquent\\Collection</span> {<a class=sf-dump-ref>#2681</a><samp data-depth=1 class=sf-dump-expanded>
  #<span class=sf-dump-protected title=\"Protected property\">items</span>: []
  #<span class=sf-dump-protected title=\"Protected property\">escapeWhenCastingToString</span>: <span class=sf-dump-const>false</span>
</samp>}
</pre><script>Sfdump(\"sf-dump-33251901\", {\"maxDepth\":3,\"maxStringLength\":160})</script>
","all_work_category":"<pre class=sf-dump id=sf-dump-410800013 data-indent-pad=\"  \"><span class=sf-dump-note>Illuminate\\Database\\Eloquent\\Collection</span> {<a class=sf-dump-ref>#2734</a><samp data-depth=1 class=sf-dump-expanded>
  #<span class=sf-dump-protected title=\"Protected property\">items</span>: []
  #<span class=sf-dump-protected title=\"Protected property\">escapeWhenCastingToString</span>: <span class=sf-dump-const>false</span>
</samp>}
</pre><script>Sfdump(\"sf-dump-410800013\", {\"maxDepth\":3,\"maxStringLength\":160})</script>
","all_work":"<pre class=sf-dump id=sf-dump-195152611 data-indent-pad=\"  \"><span class=sf-dump-note>Illuminate\\Database\\Eloquent\\Collection</span> {<a class=sf-dump-ref>#2666</a><samp data-depth=1 class=sf-dump-expanded>
  #<span class=sf-dump-protected title=\"Protected property\">items</span>: []
  #<span class=sf-dump-protected title=\"Protected property\">escapeWhenCastingToString</span>: <span class=sf-dump-const>false</span>
</samp>}
</pre><script>Sfdump(\"sf-dump-195152611\", {\"maxDepth\":3,\"maxStringLength\":160})</script>
","all_service_category":"<pre class=sf-dump id=sf-dump-254302270 data-indent-pad=\"  \"><span class=sf-dump-note>Illuminate\\Database\\Eloquent\\Collection</span> {<a class=sf-dump-ref>#2691</a><samp data-depth=1 class=sf-dump-expanded>
  #<span class=sf-dump-protected title=\"Protected property\">items</span>: []
  #<span class=sf-dump-protected title=\"Protected property\">escapeWhenCastingToString</span>: <span class=sf-dump-const>false</span>
</samp>}
</pre><script>Sfdump(\"sf-dump-254302270\", {\"maxDepth\":3,\"maxStringLength\":160})</script>
","all_contact_info":"<pre class=sf-dump id=sf-dump-1167104155 data-indent-pad=\"  \"><span class=sf-dump-note>Illuminate\\Database\\Eloquent\\Collection</span> {<a class=sf-dump-ref>#2704</a><samp data-depth=1 class=sf-dump-expanded>
  #<span class=sf-dump-protected title=\"Protected property\">items</span>: []
  #<span class=sf-dump-protected title=\"Protected property\">escapeWhenCastingToString</span>: <span class=sf-dump-const>false</span>
</samp>}
</pre><script>Sfdump(\"sf-dump-1167104155\", {\"maxDepth\":3,\"maxStringLength\":160})</script>
","global_static_field_data":"<pre class=sf-dump id=sf-dump-1955975894 data-indent-pad=\"  \">[]
</pre><script>Sfdump(\"sf-dump-1955975894\", {\"maxDepth\":3,\"maxStringLength\":160})</script>
","popup_details":"<pre class=sf-dump id=sf-dump-171682311 data-indent-pad=\"  \"><span class=sf-dump-const>null</span>
</pre><script>Sfdump(\"sf-dump-171682311\", {\"maxDepth\":3,\"maxStringLength\":160})</script>
","all_usefull_links":"<pre class=sf-dump id=sf-dump-925249131 data-indent-pad=\"  \"><span class=sf-dump-const>null</span>
</pre><script>Sfdump(\"sf-dump-925249131\", {\"maxDepth\":3,\"maxStringLength\":160})</script>
","all_important_links":"<pre class=sf-dump id=sf-dump-892586309 data-indent-pad=\"  \"><span class=sf-dump-const>null</span>
</pre><script>Sfdump(\"sf-dump-892586309\", {\"maxDepth\":3,\"maxStringLength\":160})</script>
","all_recent_post":"<pre class=sf-dump id=sf-dump-280058766 data-indent-pad=\"  \"><span class=sf-dump-note>Illuminate\\Database\\Eloquent\\Collection</span> {<a class=sf-dump-ref>#2517</a><samp data-depth=1 class=sf-dump-expanded>
  #<span class=sf-dump-protected title=\"Protected property\">items</span>: []
  #<span class=sf-dump-protected title=\"Protected property\">escapeWhenCastingToString</span>: <span class=sf-dump-const>false</span>
</samp>}
</pre><script>Sfdump(\"sf-dump-280058766\", {\"maxDepth\":3,\"maxStringLength\":160})</script>
","all_social_item":"<pre class=sf-dump id=sf-dump-245165875 data-indent-pad=\"  \"><span class=sf-dump-note>Illuminate\\Database\\Eloquent\\Collection</span> {<a class=sf-dump-ref>#2485</a><samp data-depth=1 class=sf-dump-expanded>
  #<span class=sf-dump-protected title=\"Protected property\">items</span>: []
  #<span class=sf-dump-protected title=\"Protected property\">escapeWhenCastingToString</span>: <span class=sf-dump-const>false</span>
</samp>}
</pre><script>Sfdump(\"sf-dump-245165875\", {\"maxDepth\":3,\"maxStringLength\":160})</script>
","all_language":"<pre class=sf-dump id=sf-dump-793867874 data-indent-pad=\"  \"><span class=sf-dump-note>Illuminate\\Database\\Eloquent\\Collection</span> {<a class=sf-dump-ref>#2522</a><samp data-depth=1 class=sf-dump-expanded>
  #<span class=sf-dump-protected title=\"Protected property\">items</span>: <span class=sf-dump-note>array:1</span> [<samp data-depth=2 class=sf-dump-compact>
    <span class=sf-dump-index>0</span> => <span class=\"sf-dump-note sf-dump-ellipsization\" title=\"App\\Language
\"><span class=\"sf-dump-ellipsis sf-dump-ellipsis-note\">App</span><span class=\"sf-dump-ellipsis sf-dump-ellipsis-note\">\\</span><span class=\"sf-dump-ellipsis-tail\">Language</span></span> {<a class=sf-dump-ref>#2524</a><samp data-depth=3 class=sf-dump-compact>
      #<span class=sf-dump-protected title=\"Protected property\">connection</span>: \"<span class=sf-dump-str title=\"5 characters\">mysql</span>\"
      #<span class=sf-dump-protected title=\"Protected property\">table</span>: \"<span class=sf-dump-str title=\"9 characters\">languages</span>\"
      #<span class=sf-dump-protected title=\"Protected property\">primaryKey</span>: \"<span class=sf-dump-str title=\"2 characters\">id</span>\"
      #<span class=sf-dump-protected title=\"Protected property\">keyType</span>: \"<span class=sf-dump-str title=\"3 characters\">int</span>\"
      +<span class=sf-dump-public title=\"Public property\">incrementing</span>: <span class=sf-dump-const>true</span>
      #<span class=sf-dump-protected title=\"Protected property\">with</span>: []
      #<span class=sf-dump-protected title=\"Protected property\">withCount</span>: []
      +<span class=sf-dump-public title=\"Public property\">preventsLazyLoading</span>: <span class=sf-dump-const>false</span>
      #<span class=sf-dump-protected title=\"Protected property\">perPage</span>: <span class=sf-dump-num>15</span>
      +<span class=sf-dump-public title=\"Public property\">exists</span>: <span class=sf-dump-const>true</span>
      +<span class=sf-dump-public title=\"Public property\">wasRecentlyCreated</span>: <span class=sf-dump-const>false</span>
      #<span class=sf-dump-protected title=\"Protected property\">escapeWhenCastingToString</span>: <span class=sf-dump-const>false</span>
      #<span class=sf-dump-protected title=\"Protected property\">attributes</span>: <span class=sf-dump-note>array:8</span> [ &#8230;8]
      #<span class=sf-dump-protected title=\"Protected property\">original</span>: <span class=sf-dump-note>array:8</span> [ &#8230;8]
      #<span class=sf-dump-protected title=\"Protected property\">changes</span>: []
      #<span class=sf-dump-protected title=\"Protected property\">previous</span>: []
      #<span class=sf-dump-protected title=\"Protected property\">casts</span>: []
      #<span class=sf-dump-protected title=\"Protected property\">classCastCache</span>: []
      #<span class=sf-dump-protected title=\"Protected property\">attributeCastCache</span>: []
      #<span class=sf-dump-protected title=\"Protected property\">dateFormat</span>: <span class=sf-dump-const>null</span>
      #<span class=sf-dump-protected title=\"Protected property\">appends</span>: []
      #<span class=sf-dump-protected title=\"Protected property\">dispatchesEvents</span>: []
      #<span class=sf-dump-protected title=\"Protected property\">observables</span>: []
      #<span class=sf-dump-protected title=\"Protected property\">relations</span>: []
      #<span class=sf-dump-protected title=\"Protected property\">touches</span>: []
      #<span class=sf-dump-protected title=\"Protected property\">relationAutoloadCallback</span>: <span class=sf-dump-const>null</span>
      #<span class=sf-dump-protected title=\"Protected property\">relationAutoloadContext</span>: <span class=sf-dump-const>null</span>
      +<span class=sf-dump-public title=\"Public property\">timestamps</span>: <span class=sf-dump-const>true</span>
      +<span class=sf-dump-public title=\"Public property\">usesUniqueIds</span>: <span class=sf-dump-const>false</span>
      #<span class=sf-dump-protected title=\"Protected property\">hidden</span>: []
      #<span class=sf-dump-protected title=\"Protected property\">visible</span>: []
      #<span class=sf-dump-protected title=\"Protected property\">fillable</span>: <span class=sf-dump-note>array:5</span> [ &#8230;5]
      #<span class=sf-dump-protected title=\"Protected property\">guarded</span>: <span class=sf-dump-note>array:1</span> [ &#8230;1]
    </samp>}
  </samp>]
  #<span class=sf-dump-protected title=\"Protected property\">escapeWhenCastingToString</span>: <span class=sf-dump-const>false</span>
</samp>}
</pre><script>Sfdump(\"sf-dump-793867874\", {\"maxDepth\":3,\"maxStringLength\":160})</script>
","primary_menu":"<pre class=sf-dump id=sf-dump-861484776 data-indent-pad=\"  \"><span class=sf-dump-const>null</span>
</pre><script>Sfdump(\"sf-dump-861484776\", {\"maxDepth\":3,\"maxStringLength\":160})</script>
","footer_widgets":"<pre class=sf-dump id=sf-dump-360768397 data-indent-pad=\"  \"><span class=sf-dump-note>Illuminate\\Database\\Eloquent\\Collection</span> {<a class=sf-dump-ref>#2544</a><samp data-depth=1 class=sf-dump-expanded>
  #<span class=sf-dump-protected title=\"Protected property\">items</span>: []
  #<span class=sf-dump-protected title=\"Protected property\">escapeWhenCastingToString</span>: <span class=sf-dump-const>false</span>
</samp>}
</pre><script>Sfdump(\"sf-dump-360768397\", {\"maxDepth\":3,\"maxStringLength\":160})</script>
","user_select_lang_slug":"<pre class=sf-dump id=sf-dump-701501610 data-indent-pad=\"  \">\"<span class=sf-dump-str title=\"5 characters\">en_US</span>\"
</pre><script>Sfdump(\"sf-dump-701501610\", {\"maxDepth\":3,\"maxStringLength\":160})</script>
"}},"exception":"[object] (Spatie\\LaravelIgnition\\Exceptions\\ViewException(code: 0): View [frontend.home-pages.home-] not found. at E:\\xampp-8.2\\htdocs\\nexelit\\@core\\vendor\\laravel\\framework\\src\\Illuminate\\View\\FileViewFinder.php:138)
[stacktrace]
#0 E:\\xampp-8.2\\htdocs\\nexelit\\@core\\vendor\\laravel\\framework\\src\\Illuminate\\View\\FileViewFinder.php(78): Illuminate\\View\\FileViewFinder->findInPaths('frontend.home-p...', Array)
#1 E:\\xampp-8.2\\htdocs\\nexelit\\@core\\vendor\\laravel\\framework\\src\\Illuminate\\View\\Factory.php(150): Illuminate\\View\\FileViewFinder->find('frontend.home-p...')
#2 E:\\xampp-8.2\\htdocs\\nexelit\\@core\\resources\\views\\frontend\\frontend-home.blade.php(10): Illuminate\\View\\Factory->make('frontend.home-p...', Array)
#3 E:\\xampp-8.2\\htdocs\\nexelit\\@core\\vendor\\laravel\\framework\\src\\Illuminate\\Filesystem\\Filesystem.php(123): require('E:\\\\xampp-8.2\\\\ht...')
#4 E:\\xampp-8.2\\htdocs\\nexelit\\@core\\vendor\\laravel\\framework\\src\\Illuminate\\Filesystem\\Filesystem.php(124): Illuminate\\Filesystem\\Filesystem::Illuminate\\Filesystem\\{closure}()
#5 E:\\xampp-8.2\\htdocs\\nexelit\\@core\\vendor\\laravel\\framework\\src\\Illuminate\\View\\Engines\\PhpEngine.php(57): Illuminate\\Filesystem\\Filesystem->getRequire('E:\\\\xampp-8.2\\\\ht...', Array)
#6 E:\\xampp-8.2\\htdocs\\nexelit\\@core\\vendor\\laravel\\framework\\src\\Illuminate\\View\\Engines\\CompilerEngine.php(76): Illuminate\\View\\Engines\\PhpEngine->evaluatePath('E:\\\\xampp-8.2\\\\ht...', Array)
#7 E:\\xampp-8.2\\htdocs\\nexelit\\@core\\vendor\\laravel\\framework\\src\\Illuminate\\View\\View.php(208): Illuminate\\View\\Engines\\CompilerEngine->get('E:\\\\xampp-8.2\\\\ht...', Array)
#8 E:\\xampp-8.2\\htdocs\\nexelit\\@core\\vendor\\laravel\\framework\\src\\Illuminate\\View\\View.php(191): Illuminate\\View\\View->getContents()
#9 E:\\xampp-8.2\\htdocs\\nexelit\\@core\\vendor\\laravel\\framework\\src\\Illuminate\\View\\View.php(160): Illuminate\\View\\View->renderContents()
#10 E:\\xampp-8.2\\htdocs\\nexelit\\@core\\vendor\\laravel\\framework\\src\\Illuminate\\Http\\Response.php(78): Illuminate\\View\\View->render()
#11 E:\\xampp-8.2\\htdocs\\nexelit\\@core\\vendor\\laravel\\framework\\src\\Illuminate\\Http\\Response.php(34): Illuminate\\Http\\Response->setContent(Object(Illuminate\\View\\View))
#12 E:\\xampp-8.2\\htdocs\\nexelit\\@core\\vendor\\laravel\\framework\\src\\Illuminate\\Routing\\Router.php(939): Illuminate\\Http\\Response->__construct(Object(Illuminate\\View\\View), 200, Array)
#13 E:\\xampp-8.2\\htdocs\\nexelit\\@core\\vendor\\laravel\\framework\\src\\Illuminate\\Routing\\Router.php(906): Illuminate\\Routing\\Router::toResponse(Object(Illuminate\\Http\\Request), Object(Illuminate\\View\\View))
#14 E:\\xampp-8.2\\htdocs\\nexelit\\@core\\vendor\\laravel\\framework\\src\\Illuminate\\Routing\\Router.php(821): Illuminate\\Routing\\Router->prepareResponse(Object(Illuminate\\Http\\Request), Object(Illuminate\\View\\View))
#15 E:\\xampp-8.2\\htdocs\\nexelit\\@core\\vendor\\laravel\\framework\\src\\Illuminate\\Pipeline\\Pipeline.php(180): Illuminate\\Routing\\Router->Illuminate\\Routing\\{closure}(Object(Illuminate\\Http\\Request))
#16 E:\\xampp-8.2\\htdocs\\nexelit\\@core\\app\\Http\\Middleware\\HtmlMinifier.php(13): Illuminate\\Pipeline\\Pipeline->Illuminate\\Pipeline\\{closure}(Object(Illuminate\\Http\\Request))
#17 E:\\xampp-8.2\\htdocs\\nexelit\\@core\\vendor\\laravel\\framework\\src\\Illuminate\\Pipeline\\Pipeline.php(219): App\\Http\\Middleware\\HtmlMinifier->handle(Object(Illuminate\\Http\\Request), Object(Closure), ':class')
#18 E:\\xampp-8.2\\htdocs\\nexelit\\@core\\app\\Http\\Middleware\\MaintainsMode.php(22): Illuminate\\Pipeline\\Pipeline->Illuminate\\Pipeline\\{closure}(Object(Illuminate\\Http\\Request))
#19 E:\\xampp-8.2\\htdocs\\nexelit\\@core\\vendor\\laravel\\framework\\src\\Illuminate\\Pipeline\\Pipeline.php(219): App\\Http\\Middleware\\MaintainsMode->handle(Object(Illuminate\\Http\\Request), Object(Closure))
#20 E:\\xampp-8.2\\htdocs\\nexelit\\@core\\app\\Http\\Middleware\\GlobalVariableMiddleware.php(145): Illuminate\\Pipeline\\Pipeline->Illuminate\\Pipeline\\{closure}(Object(Illuminate\\Http\\Request))
#21 E:\\xampp-8.2\\htdocs\\nexelit\\@core\\vendor\\laravel\\framework\\src\\Illuminate\\Pipeline\\Pipeline.php(219): App\\Http\\Middleware\\GlobalVariableMiddleware->handle(Object(Illuminate\\Http\\Request), Object(Closure))
#22 E:\\xampp-8.2\\htdocs\\nexelit\\@core\\app\\Http\\Middleware\\SetUserLanguages.php(35): Illuminate\\Pipeline\\Pipeline->Illuminate\\Pipeline\\{closure}(Object(Illuminate\\Http\\Request))
#23 E:\\xampp-8.2\\htdocs\\nexelit\\@core\\vendor\\laravel\\framework\\src\\Illuminate\\Pipeline\\Pipeline.php(219): App\\Http\\Middleware\\SetUserLanguages->handle(Object(Illuminate\\Http\\Request), Object(Closure), 'frontend')
#24 E:\\xampp-8.2\\htdocs\\nexelit\\@core\\vendor\\barryvdh\\laravel-debugbar\\src\\Middleware\\InjectDebugbar.php(66): Illuminate\\Pipeline\\Pipeline->Illuminate\\Pipeline\\{closure}(Object(Illuminate\\Http\\Request))
#25 E:\\xampp-8.2\\htdocs\\nexelit\\@core\\vendor\\laravel\\framework\\src\\Illuminate\\Pipeline\\Pipeline.php(219): Barryvdh\\Debugbar\\Middleware\\InjectDebugbar->handle(Object(Illuminate\\Http\\Request), Object(Closure))
#26 E:\\xampp-8.2\\htdocs\\nexelit\\@core\\vendor\\laravel\\framework\\src\\Illuminate\\Routing\\Middleware\\SubstituteBindings.php(50): Illuminate\\Pipeline\\Pipeline->Illuminate\\Pipeline\\{closure}(Object(Illuminate\\Http\\Request))
#27 E:\\xampp-8.2\\htdocs\\nexelit\\@core\\vendor\\laravel\\framework\\src\\Illuminate\\Pipeline\\Pipeline.php(219): Illuminate\\Routing\\Middleware\\SubstituteBindings->handle(Object(Illuminate\\Http\\Request), Object(Closure))
#28 E:\\xampp-8.2\\htdocs\\nexelit\\@core\\vendor\\laravel\\framework\\src\\Illuminate\\Foundation\\Http\\Middleware\\VerifyCsrfToken.php(87): Illuminate\\Pipeline\\Pipeline->Illuminate\\Pipeline\\{closure}(Object(Illuminate\\Http\\Request))
#29 E:\\xampp-8.2\\htdocs\\nexelit\\@core\\vendor\\laravel\\framework\\src\\Illuminate\\Pipeline\\Pipeline.php(219): Illuminate\\Foundation\\Http\\Middleware\\VerifyCsrfToken->handle(Object(Illuminate\\Http\\Request), Object(Closure))
#30 E:\\xampp-8.2\\htdocs\\nexelit\\@core\\vendor\\laravel\\framework\\src\\Illuminate\\View\\Middleware\\ShareErrorsFromSession.php(48): Illuminate\\Pipeline\\Pipeline->Illuminate\\Pipeline\\{closure}(Object(Illuminate\\Http\\Request))
#31 E:\\xampp-8.2\\htdocs\\nexelit\\@core\\vendor\\laravel\\framework\\src\\Illuminate\\Pipeline\\Pipeline.php(219): Illuminate\\View\\Middleware\\ShareErrorsFromSession->handle(Object(Illuminate\\Http\\Request), Object(Closure))
#32 E:\\xampp-8.2\\htdocs\\nexelit\\@core\\vendor\\laravel\\framework\\src\\Illuminate\\Session\\Middleware\\StartSession.php(120): Illuminate\\Pipeline\\Pipeline->Illuminate\\Pipeline\\{closure}(Object(Illuminate\\Http\\Request))
#33 E:\\xampp-8.2\\htdocs\\nexelit\\@core\\vendor\\laravel\\framework\\src\\Illuminate\\Session\\Middleware\\StartSession.php(63): Illuminate\\Session\\Middleware\\StartSession->handleStatefulRequest(Object(Illuminate\\Http\\Request), Object(Illuminate\\Session\\Store), Object(Closure))
#34 E:\\xampp-8.2\\htdocs\\nexelit\\@core\\vendor\\laravel\\framework\\src\\Illuminate\\Pipeline\\Pipeline.php(219): Illuminate\\Session\\Middleware\\StartSession->handle(Object(Illuminate\\Http\\Request), Object(Closure))
#35 E:\\xampp-8.2\\htdocs\\nexelit\\@core\\vendor\\laravel\\framework\\src\\Illuminate\\Cookie\\Middleware\\AddQueuedCookiesToResponse.php(36): Illuminate\\Pipeline\\Pipeline->Illuminate\\Pipeline\\{closure}(Object(Illuminate\\Http\\Request))
#36 E:\\xampp-8.2\\htdocs\\nexelit\\@core\\vendor\\laravel\\framework\\src\\Illuminate\\Pipeline\\Pipeline.php(219): Illuminate\\Cookie\\Middleware\\AddQueuedCookiesToResponse->handle(Object(Illuminate\\Http\\Request), Object(Closure))
#37 E:\\xampp-8.2\\htdocs\\nexelit\\@core\\vendor\\laravel\\framework\\src\\Illuminate\\Cookie\\Middleware\\EncryptCookies.php(74): Illuminate\\Pipeline\\Pipeline->Illuminate\\Pipeline\\{closure}(Object(Illuminate\\Http\\Request))
#38 E:\\xampp-8.2\\htdocs\\nexelit\\@core\\vendor\\laravel\\framework\\src\\Illuminate\\Pipeline\\Pipeline.php(219): Illuminate\\Cookie\\Middleware\\EncryptCookies->handle(Object(Illuminate\\Http\\Request), Object(Closure))
#39 E:\\xampp-8.2\\htdocs\\nexelit\\@core\\vendor\\laravel\\framework\\src\\Illuminate\\Pipeline\\Pipeline.php(137): Illuminate\\Pipeline\\Pipeline->Illuminate\\Pipeline\\{closure}(Object(Illuminate\\Http\\Request))
#40 E:\\xampp-8.2\\htdocs\\nexelit\\@core\\vendor\\laravel\\framework\\src\\Illuminate\\Routing\\Router.php(821): Illuminate\\Pipeline\\Pipeline->then(Object(Closure))
#41 E:\\xampp-8.2\\htdocs\\nexelit\\@core\\vendor\\laravel\\framework\\src\\Illuminate\\Routing\\Router.php(800): Illuminate\\Routing\\Router->runRouteWithinStack(Object(Illuminate\\Routing\\Route), Object(Illuminate\\Http\\Request))
#42 E:\\xampp-8.2\\htdocs\\nexelit\\@core\\vendor\\laravel\\framework\\src\\Illuminate\\Routing\\Router.php(764): Illuminate\\Routing\\Router->runRoute(Object(Illuminate\\Http\\Request), Object(Illuminate\\Routing\\Route))
#43 E:\\xampp-8.2\\htdocs\\nexelit\\@core\\vendor\\laravel\\framework\\src\\Illuminate\\Routing\\Router.php(753): Illuminate\\Routing\\Router->dispatchToRoute(Object(Illuminate\\Http\\Request))
#44 E:\\xampp-8.2\\htdocs\\nexelit\\@core\\vendor\\laravel\\framework\\src\\Illuminate\\Foundation\\Http\\Kernel.php(200): Illuminate\\Routing\\Router->dispatch(Object(Illuminate\\Http\\Request))
#45 E:\\xampp-8.2\\htdocs\\nexelit\\@core\\vendor\\laravel\\framework\\src\\Illuminate\\Pipeline\\Pipeline.php(180): Illuminate\\Foundation\\Http\\Kernel->Illuminate\\Foundation\\Http\\{closure}(Object(Illuminate\\Http\\Request))
#46 E:\\xampp-8.2\\htdocs\\nexelit\\@core\\vendor\\barryvdh\\laravel-debugbar\\src\\Middleware\\InjectDebugbar.php(66): Illuminate\\Pipeline\\Pipeline->Illuminate\\Pipeline\\{closure}(Object(Illuminate\\Http\\Request))
#47 E:\\xampp-8.2\\htdocs\\nexelit\\@core\\vendor\\laravel\\framework\\src\\Illuminate\\Pipeline\\Pipeline.php(219): Barryvdh\\Debugbar\\Middleware\\InjectDebugbar->handle(Object(Illuminate\\Http\\Request), Object(Closure))
#48 E:\\xampp-8.2\\htdocs\\nexelit\\@core\\vendor\\xgenious\\installer\\src\\Http\\Middleware\\InstallerMiddleware.php(18): Illuminate\\Pipeline\\Pipeline->Illuminate\\Pipeline\\{closure}(Object(Illuminate\\Http\\Request))
#49 E:\\xampp-8.2\\htdocs\\nexelit\\@core\\vendor\\laravel\\framework\\src\\Illuminate\\Pipeline\\Pipeline.php(219): Xgenious\\Installer\\Http\\Middleware\\InstallerMiddleware->handle(Object(Illuminate\\Http\\Request), Object(Closure))
#50 E:\\xampp-8.2\\htdocs\\nexelit\\@core\\vendor\\laravel\\framework\\src\\Illuminate\\Foundation\\Http\\Middleware\\TransformsRequest.php(21): Illuminate\\Pipeline\\Pipeline->Illuminate\\Pipeline\\{closure}(Object(Illuminate\\Http\\Request))
#51 E:\\xampp-8.2\\htdocs\\nexelit\\@core\\vendor\\laravel\\framework\\src\\Illuminate\\Foundation\\Http\\Middleware\\ConvertEmptyStringsToNull.php(31): Illuminate\\Foundation\\Http\\Middleware\\TransformsRequest->handle(Object(Illuminate\\Http\\Request), Object(Closure))
#52 E:\\xampp-8.2\\htdocs\\nexelit\\@core\\vendor\\laravel\\framework\\src\\Illuminate\\Pipeline\\Pipeline.php(219): Illuminate\\Foundation\\Http\\Middleware\\ConvertEmptyStringsToNull->handle(Object(Illuminate\\Http\\Request), Object(Closure))
#53 E:\\xampp-8.2\\htdocs\\nexelit\\@core\\vendor\\laravel\\framework\\src\\Illuminate\\Foundation\\Http\\Middleware\\TransformsRequest.php(21): Illuminate\\Pipeline\\Pipeline->Illuminate\\Pipeline\\{closure}(Object(Illuminate\\Http\\Request))
#54 E:\\xampp-8.2\\htdocs\\nexelit\\@core\\vendor\\laravel\\framework\\src\\Illuminate\\Foundation\\Http\\Middleware\\TrimStrings.php(51): Illuminate\\Foundation\\Http\\Middleware\\TransformsRequest->handle(Object(Illuminate\\Http\\Request), Object(Closure))
#55 E:\\xampp-8.2\\htdocs\\nexelit\\@core\\vendor\\laravel\\framework\\src\\Illuminate\\Pipeline\\Pipeline.php(219): Illuminate\\Foundation\\Http\\Middleware\\TrimStrings->handle(Object(Illuminate\\Http\\Request), Object(Closure))
#56 E:\\xampp-8.2\\htdocs\\nexelit\\@core\\vendor\\laravel\\framework\\src\\Illuminate\\Http\\Middleware\\ValidatePostSize.php(27): Illuminate\\Pipeline\\Pipeline->Illuminate\\Pipeline\\{closure}(Object(Illuminate\\Http\\Request))
#57 E:\\xampp-8.2\\htdocs\\nexelit\\@core\\vendor\\laravel\\framework\\src\\Illuminate\\Pipeline\\Pipeline.php(219): Illuminate\\Http\\Middleware\\ValidatePostSize->handle(Object(Illuminate\\Http\\Request), Object(Closure))
#58 E:\\xampp-8.2\\htdocs\\nexelit\\@core\\vendor\\laravel\\framework\\src\\Illuminate\\Foundation\\Http\\Middleware\\PreventRequestsDuringMaintenance.php(109): Illuminate\\Pipeline\\Pipeline->Illuminate\\Pipeline\\{closure}(Object(Illuminate\\Http\\Request))
#59 E:\\xampp-8.2\\htdocs\\nexelit\\@core\\vendor\\laravel\\framework\\src\\Illuminate\\Pipeline\\Pipeline.php(219): Illuminate\\Foundation\\Http\\Middleware\\PreventRequestsDuringMaintenance->handle(Object(Illuminate\\Http\\Request), Object(Closure))
#60 E:\\xampp-8.2\\htdocs\\nexelit\\@core\\vendor\\laravel\\framework\\src\\Illuminate\\Http\\Middleware\\TrustProxies.php(58): Illuminate\\Pipeline\\Pipeline->Illuminate\\Pipeline\\{closure}(Object(Illuminate\\Http\\Request))
#61 E:\\xampp-8.2\\htdocs\\nexelit\\@core\\vendor\\laravel\\framework\\src\\Illuminate\\Pipeline\\Pipeline.php(219): Illuminate\\Http\\Middleware\\TrustProxies->handle(Object(Illuminate\\Http\\Request), Object(Closure))
#62 E:\\xampp-8.2\\htdocs\\nexelit\\@core\\vendor\\laravel\\framework\\src\\Illuminate\\Pipeline\\Pipeline.php(137): Illuminate\\Pipeline\\Pipeline->Illuminate\\Pipeline\\{closure}(Object(Illuminate\\Http\\Request))
#63 E:\\xampp-8.2\\htdocs\\nexelit\\@core\\vendor\\laravel\\framework\\src\\Illuminate\\Foundation\\Http\\Kernel.php(175): Illuminate\\Pipeline\\Pipeline->then(Object(Closure))
#64 E:\\xampp-8.2\\htdocs\\nexelit\\@core\\vendor\\laravel\\framework\\src\\Illuminate\\Foundation\\Http\\Kernel.php(144): Illuminate\\Foundation\\Http\\Kernel->sendRequestThroughRouter(Object(Illuminate\\Http\\Request))
#65 E:\\xampp-8.2\\htdocs\\nexelit\\index.php(54): Illuminate\\Foundation\\Http\\Kernel->handle(Object(Illuminate\\Http\\Request))
#66 {main}

[previous exception] [object] (InvalidArgumentException(code: 0): View [frontend.home-pages.home-] not found. at E:\\xampp-8.2\\htdocs\\nexelit\\@core\\vendor\\laravel\\framework\\src\\Illuminate\\View\\FileViewFinder.php:138)
[stacktrace]
#0 E:\\xampp-8.2\\htdocs\\nexelit\\@core\\vendor\\laravel\\framework\\src\\Illuminate\\View\\FileViewFinder.php(78): Illuminate\\View\\FileViewFinder->findInPaths('frontend.home-p...', Array)
#1 E:\\xampp-8.2\\htdocs\\nexelit\\@core\\vendor\\laravel\\framework\\src\\Illuminate\\View\\Factory.php(150): Illuminate\\View\\FileViewFinder->find('frontend.home-p...')
#2 E:\\xampp-8.2\\htdocs\\nexelit\\@core\\storage\\framework\\views\\32513d16c9966f9aa270a4c716f8d139.php(8): Illuminate\\View\\Factory->make('frontend.home-p...', Array)
#3 E:\\xampp-8.2\\htdocs\\nexelit\\@core\\vendor\\laravel\\framework\\src\\Illuminate\\Filesystem\\Filesystem.php(123): require('E:\\\\xampp-8.2\\\\ht...')
#4 E:\\xampp-8.2\\htdocs\\nexelit\\@core\\vendor\\laravel\\framework\\src\\Illuminate\\Filesystem\\Filesystem.php(124): Illuminate\\Filesystem\\Filesystem::Illuminate\\Filesystem\\{closure}()
#5 E:\\xampp-8.2\\htdocs\\nexelit\\@core\\vendor\\laravel\\framework\\src\\Illuminate\\View\\Engines\\PhpEngine.php(57): Illuminate\\Filesystem\\Filesystem->getRequire('E:\\\\xampp-8.2\\\\ht...', Array)
#6 E:\\xampp-8.2\\htdocs\\nexelit\\@core\\vendor\\laravel\\framework\\src\\Illuminate\\View\\Engines\\CompilerEngine.php(76): Illuminate\\View\\Engines\\PhpEngine->evaluatePath('E:\\\\xampp-8.2\\\\ht...', Array)
#7 E:\\xampp-8.2\\htdocs\\nexelit\\@core\\vendor\\laravel\\framework\\src\\Illuminate\\View\\View.php(208): Illuminate\\View\\Engines\\CompilerEngine->get('E:\\\\xampp-8.2\\\\ht...', Array)
#8 E:\\xampp-8.2\\htdocs\\nexelit\\@core\\vendor\\laravel\\framework\\src\\Illuminate\\View\\View.php(191): Illuminate\\View\\View->getContents()
#9 E:\\xampp-8.2\\htdocs\\nexelit\\@core\\vendor\\laravel\\framework\\src\\Illuminate\\View\\View.php(160): Illuminate\\View\\View->renderContents()
#10 E:\\xampp-8.2\\htdocs\\nexelit\\@core\\vendor\\laravel\\framework\\src\\Illuminate\\Http\\Response.php(78): Illuminate\\View\\View->render()
#11 E:\\xampp-8.2\\htdocs\\nexelit\\@core\\vendor\\laravel\\framework\\src\\Illuminate\\Http\\Response.php(34): Illuminate\\Http\\Response->setContent(Object(Illuminate\\View\\View))
#12 E:\\xampp-8.2\\htdocs\\nexelit\\@core\\vendor\\laravel\\framework\\src\\Illuminate\\Routing\\Router.php(939): Illuminate\\Http\\Response->__construct(Object(Illuminate\\View\\View), 200, Array)
#13 E:\\xampp-8.2\\htdocs\\nexelit\\@core\\vendor\\laravel\\framework\\src\\Illuminate\\Routing\\Router.php(906): Illuminate\\Routing\\Router::toResponse(Object(Illuminate\\Http\\Request), Object(Illuminate\\View\\View))
#14 E:\\xampp-8.2\\htdocs\\nexelit\\@core\\vendor\\laravel\\framework\\src\\Illuminate\\Routing\\Router.php(821): Illuminate\\Routing\\Router->prepareResponse(Object(Illuminate\\Http\\Request), Object(Illuminate\\View\\View))
#15 E:\\xampp-8.2\\htdocs\\nexelit\\@core\\vendor\\laravel\\framework\\src\\Illuminate\\Pipeline\\Pipeline.php(180): Illuminate\\Routing\\Router->Illuminate\\Routing\\{closure}(Object(Illuminate\\Http\\Request))
#16 E:\\xampp-8.2\\htdocs\\nexelit\\@core\\app\\Http\\Middleware\\HtmlMinifier.php(13): Illuminate\\Pipeline\\Pipeline->Illuminate\\Pipeline\\{closure}(Object(Illuminate\\Http\\Request))
#17 E:\\xampp-8.2\\htdocs\\nexelit\\@core\\vendor\\laravel\\framework\\src\\Illuminate\\Pipeline\\Pipeline.php(219): App\\Http\\Middleware\\HtmlMinifier->handle(Object(Illuminate\\Http\\Request), Object(Closure), ':class')
#18 E:\\xampp-8.2\\htdocs\\nexelit\\@core\\app\\Http\\Middleware\\MaintainsMode.php(22): Illuminate\\Pipeline\\Pipeline->Illuminate\\Pipeline\\{closure}(Object(Illuminate\\Http\\Request))
#19 E:\\xampp-8.2\\htdocs\\nexelit\\@core\\vendor\\laravel\\framework\\src\\Illuminate\\Pipeline\\Pipeline.php(219): App\\Http\\Middleware\\MaintainsMode->handle(Object(Illuminate\\Http\\Request), Object(Closure))
#20 E:\\xampp-8.2\\htdocs\\nexelit\\@core\\app\\Http\\Middleware\\GlobalVariableMiddleware.php(145): Illuminate\\Pipeline\\Pipeline->Illuminate\\Pipeline\\{closure}(Object(Illuminate\\Http\\Request))
#21 E:\\xampp-8.2\\htdocs\\nexelit\\@core\\vendor\\laravel\\framework\\src\\Illuminate\\Pipeline\\Pipeline.php(219): App\\Http\\Middleware\\GlobalVariableMiddleware->handle(Object(Illuminate\\Http\\Request), Object(Closure))
#22 E:\\xampp-8.2\\htdocs\\nexelit\\@core\\app\\Http\\Middleware\\SetUserLanguages.php(35): Illuminate\\Pipeline\\Pipeline->Illuminate\\Pipeline\\{closure}(Object(Illuminate\\Http\\Request))
#23 E:\\xampp-8.2\\htdocs\\nexelit\\@core\\vendor\\laravel\\framework\\src\\Illuminate\\Pipeline\\Pipeline.php(219): App\\Http\\Middleware\\SetUserLanguages->handle(Object(Illuminate\\Http\\Request), Object(Closure), 'frontend')
#24 E:\\xampp-8.2\\htdocs\\nexelit\\@core\\vendor\\barryvdh\\laravel-debugbar\\src\\Middleware\\InjectDebugbar.php(66): Illuminate\\Pipeline\\Pipeline->Illuminate\\Pipeline\\{closure}(Object(Illuminate\\Http\\Request))
#25 E:\\xampp-8.2\\htdocs\\nexelit\\@core\\vendor\\laravel\\framework\\src\\Illuminate\\Pipeline\\Pipeline.php(219): Barryvdh\\Debugbar\\Middleware\\InjectDebugbar->handle(Object(Illuminate\\Http\\Request), Object(Closure))
#26 E:\\xampp-8.2\\htdocs\\nexelit\\@core\\vendor\\laravel\\framework\\src\\Illuminate\\Routing\\Middleware\\SubstituteBindings.php(50): Illuminate\\Pipeline\\Pipeline->Illuminate\\Pipeline\\{closure}(Object(Illuminate\\Http\\Request))
#27 E:\\xampp-8.2\\htdocs\\nexelit\\@core\\vendor\\laravel\\framework\\src\\Illuminate\\Pipeline\\Pipeline.php(219): Illuminate\\Routing\\Middleware\\SubstituteBindings->handle(Object(Illuminate\\Http\\Request), Object(Closure))
#28 E:\\xampp-8.2\\htdocs\\nexelit\\@core\\vendor\\laravel\\framework\\src\\Illuminate\\Foundation\\Http\\Middleware\\VerifyCsrfToken.php(87): Illuminate\\Pipeline\\Pipeline->Illuminate\\Pipeline\\{closure}(Object(Illuminate\\Http\\Request))
#29 E:\\xampp-8.2\\htdocs\\nexelit\\@core\\vendor\\laravel\\framework\\src\\Illuminate\\Pipeline\\Pipeline.php(219): Illuminate\\Foundation\\Http\\Middleware\\VerifyCsrfToken->handle(Object(Illuminate\\Http\\Request), Object(Closure))
#30 E:\\xampp-8.2\\htdocs\\nexelit\\@core\\vendor\\laravel\\framework\\src\\Illuminate\\View\\Middleware\\ShareErrorsFromSession.php(48): Illuminate\\Pipeline\\Pipeline->Illuminate\\Pipeline\\{closure}(Object(Illuminate\\Http\\Request))
#31 E:\\xampp-8.2\\htdocs\\nexelit\\@core\\vendor\\laravel\\framework\\src\\Illuminate\\Pipeline\\Pipeline.php(219): Illuminate\\View\\Middleware\\ShareErrorsFromSession->handle(Object(Illuminate\\Http\\Request), Object(Closure))
#32 E:\\xampp-8.2\\htdocs\\nexelit\\@core\\vendor\\laravel\\framework\\src\\Illuminate\\Session\\Middleware\\StartSession.php(120): Illuminate\\Pipeline\\Pipeline->Illuminate\\Pipeline\\{closure}(Object(Illuminate\\Http\\Request))
#33 E:\\xampp-8.2\\htdocs\\nexelit\\@core\\vendor\\laravel\\framework\\src\\Illuminate\\Session\\Middleware\\StartSession.php(63): Illuminate\\Session\\Middleware\\StartSession->handleStatefulRequest(Object(Illuminate\\Http\\Request), Object(Illuminate\\Session\\Store), Object(Closure))
#34 E:\\xampp-8.2\\htdocs\\nexelit\\@core\\vendor\\laravel\\framework\\src\\Illuminate\\Pipeline\\Pipeline.php(219): Illuminate\\Session\\Middleware\\StartSession->handle(Object(Illuminate\\Http\\Request), Object(Closure))
#35 E:\\xampp-8.2\\htdocs\\nexelit\\@core\\vendor\\laravel\\framework\\src\\Illuminate\\Cookie\\Middleware\\AddQueuedCookiesToResponse.php(36): Illuminate\\Pipeline\\Pipeline->Illuminate\\Pipeline\\{closure}(Object(Illuminate\\Http\\Request))
#36 E:\\xampp-8.2\\htdocs\\nexelit\\@core\\vendor\\laravel\\framework\\src\\Illuminate\\Pipeline\\Pipeline.php(219): Illuminate\\Cookie\\Middleware\\AddQueuedCookiesToResponse->handle(Object(Illuminate\\Http\\Request), Object(Closure))
#37 E:\\xampp-8.2\\htdocs\\nexelit\\@core\\vendor\\laravel\\framework\\src\\Illuminate\\Cookie\\Middleware\\EncryptCookies.php(74): Illuminate\\Pipeline\\Pipeline->Illuminate\\Pipeline\\{closure}(Object(Illuminate\\Http\\Request))
#38 E:\\xampp-8.2\\htdocs\\nexelit\\@core\\vendor\\laravel\\framework\\src\\Illuminate\\Pipeline\\Pipeline.php(219): Illuminate\\Cookie\\Middleware\\EncryptCookies->handle(Object(Illuminate\\Http\\Request), Object(Closure))
#39 E:\\xampp-8.2\\htdocs\\nexelit\\@core\\vendor\\laravel\\framework\\src\\Illuminate\\Pipeline\\Pipeline.php(137): Illuminate\\Pipeline\\Pipeline->Illuminate\\Pipeline\\{closure}(Object(Illuminate\\Http\\Request))
#40 E:\\xampp-8.2\\htdocs\\nexelit\\@core\\vendor\\laravel\\framework\\src\\Illuminate\\Routing\\Router.php(821): Illuminate\\Pipeline\\Pipeline->then(Object(Closure))
#41 E:\\xampp-8.2\\htdocs\\nexelit\\@core\\vendor\\laravel\\framework\\src\\Illuminate\\Routing\\Router.php(800): Illuminate\\Routing\\Router->runRouteWithinStack(Object(Illuminate\\Routing\\Route), Object(Illuminate\\Http\\Request))
#42 E:\\xampp-8.2\\htdocs\\nexelit\\@core\\vendor\\laravel\\framework\\src\\Illuminate\\Routing\\Router.php(764): Illuminate\\Routing\\Router->runRoute(Object(Illuminate\\Http\\Request), Object(Illuminate\\Routing\\Route))
#43 E:\\xampp-8.2\\htdocs\\nexelit\\@core\\vendor\\laravel\\framework\\src\\Illuminate\\Routing\\Router.php(753): Illuminate\\Routing\\Router->dispatchToRoute(Object(Illuminate\\Http\\Request))
#44 E:\\xampp-8.2\\htdocs\\nexelit\\@core\\vendor\\laravel\\framework\\src\\Illuminate\\Foundation\\Http\\Kernel.php(200): Illuminate\\Routing\\Router->dispatch(Object(Illuminate\\Http\\Request))
#45 E:\\xampp-8.2\\htdocs\\nexelit\\@core\\vendor\\laravel\\framework\\src\\Illuminate\\Pipeline\\Pipeline.php(180): Illuminate\\Foundation\\Http\\Kernel->Illuminate\\Foundation\\Http\\{closure}(Object(Illuminate\\Http\\Request))
#46 E:\\xampp-8.2\\htdocs\\nexelit\\@core\\vendor\\barryvdh\\laravel-debugbar\\src\\Middleware\\InjectDebugbar.php(66): Illuminate\\Pipeline\\Pipeline->Illuminate\\Pipeline\\{closure}(Object(Illuminate\\Http\\Request))
#47 E:\\xampp-8.2\\htdocs\\nexelit\\@core\\vendor\\laravel\\framework\\src\\Illuminate\\Pipeline\\Pipeline.php(219): Barryvdh\\Debugbar\\Middleware\\InjectDebugbar->handle(Object(Illuminate\\Http\\Request), Object(Closure))
#48 E:\\xampp-8.2\\htdocs\\nexelit\\@core\\vendor\\xgenious\\installer\\src\\Http\\Middleware\\InstallerMiddleware.php(18): Illuminate\\Pipeline\\Pipeline->Illuminate\\Pipeline\\{closure}(Object(Illuminate\\Http\\Request))
#49 E:\\xampp-8.2\\htdocs\\nexelit\\@core\\vendor\\laravel\\framework\\src\\Illuminate\\Pipeline\\Pipeline.php(219): Xgenious\\Installer\\Http\\Middleware\\InstallerMiddleware->handle(Object(Illuminate\\Http\\Request), Object(Closure))
#50 E:\\xampp-8.2\\htdocs\\nexelit\\@core\\vendor\\laravel\\framework\\src\\Illuminate\\Foundation\\Http\\Middleware\\TransformsRequest.php(21): Illuminate\\Pipeline\\Pipeline->Illuminate\\Pipeline\\{closure}(Object(Illuminate\\Http\\Request))
#51 E:\\xampp-8.2\\htdocs\\nexelit\\@core\\vendor\\laravel\\framework\\src\\Illuminate\\Foundation\\Http\\Middleware\\ConvertEmptyStringsToNull.php(31): Illuminate\\Foundation\\Http\\Middleware\\TransformsRequest->handle(Object(Illuminate\\Http\\Request), Object(Closure))
#52 E:\\xampp-8.2\\htdocs\\nexelit\\@core\\vendor\\laravel\\framework\\src\\Illuminate\\Pipeline\\Pipeline.php(219): Illuminate\\Foundation\\Http\\Middleware\\ConvertEmptyStringsToNull->handle(Object(Illuminate\\Http\\Request), Object(Closure))
#53 E:\\xampp-8.2\\htdocs\\nexelit\\@core\\vendor\\laravel\\framework\\src\\Illuminate\\Foundation\\Http\\Middleware\\TransformsRequest.php(21): Illuminate\\Pipeline\\Pipeline->Illuminate\\Pipeline\\{closure}(Object(Illuminate\\Http\\Request))
#54 E:\\xampp-8.2\\htdocs\\nexelit\\@core\\vendor\\laravel\\framework\\src\\Illuminate\\Foundation\\Http\\Middleware\\TrimStrings.php(51): Illuminate\\Foundation\\Http\\Middleware\\TransformsRequest->handle(Object(Illuminate\\Http\\Request), Object(Closure))
#55 E:\\xampp-8.2\\htdocs\\nexelit\\@core\\vendor\\laravel\\framework\\src\\Illuminate\\Pipeline\\Pipeline.php(219): Illuminate\\Foundation\\Http\\Middleware\\TrimStrings->handle(Object(Illuminate\\Http\\Request), Object(Closure))
#56 E:\\xampp-8.2\\htdocs\\nexelit\\@core\\vendor\\laravel\\framework\\src\\Illuminate\\Http\\Middleware\\ValidatePostSize.php(27): Illuminate\\Pipeline\\Pipeline->Illuminate\\Pipeline\\{closure}(Object(Illuminate\\Http\\Request))
#57 E:\\xampp-8.2\\htdocs\\nexelit\\@core\\vendor\\laravel\\framework\\src\\Illuminate\\Pipeline\\Pipeline.php(219): Illuminate\\Http\\Middleware\\ValidatePostSize->handle(Object(Illuminate\\Http\\Request), Object(Closure))
#58 E:\\xampp-8.2\\htdocs\\nexelit\\@core\\vendor\\laravel\\framework\\src\\Illuminate\\Foundation\\Http\\Middleware\\PreventRequestsDuringMaintenance.php(109): Illuminate\\Pipeline\\Pipeline->Illuminate\\Pipeline\\{closure}(Object(Illuminate\\Http\\Request))
#59 E:\\xampp-8.2\\htdocs\\nexelit\\@core\\vendor\\laravel\\framework\\src\\Illuminate\\Pipeline\\Pipeline.php(219): Illuminate\\Foundation\\Http\\Middleware\\PreventRequestsDuringMaintenance->handle(Object(Illuminate\\Http\\Request), Object(Closure))
#60 E:\\xampp-8.2\\htdocs\\nexelit\\@core\\vendor\\laravel\\framework\\src\\Illuminate\\Http\\Middleware\\TrustProxies.php(58): Illuminate\\Pipeline\\Pipeline->Illuminate\\Pipeline\\{closure}(Object(Illuminate\\Http\\Request))
#61 E:\\xampp-8.2\\htdocs\\nexelit\\@core\\vendor\\laravel\\framework\\src\\Illuminate\\Pipeline\\Pipeline.php(219): Illuminate\\Http\\Middleware\\TrustProxies->handle(Object(Illuminate\\Http\\Request), Object(Closure))
#62 E:\\xampp-8.2\\htdocs\\nexelit\\@core\\vendor\\laravel\\framework\\src\\Illuminate\\Pipeline\\Pipeline.php(137): Illuminate\\Pipeline\\Pipeline->Illuminate\\Pipeline\\{closure}(Object(Illuminate\\Http\\Request))
#63 E:\\xampp-8.2\\htdocs\\nexelit\\@core\\vendor\\laravel\\framework\\src\\Illuminate\\Foundation\\Http\\Kernel.php(175): Illuminate\\Pipeline\\Pipeline->then(Object(Closure))
#64 E:\\xampp-8.2\\htdocs\\nexelit\\@core\\vendor\\laravel\\framework\\src\\Illuminate\\Foundation\\Http\\Kernel.php(144): Illuminate\\Foundation\\Http\\Kernel->sendRequestThroughRouter(Object(Illuminate\\Http\\Request))
#65 E:\\xampp-8.2\\htdocs\\nexelit\\index.php(54): Illuminate\\Foundation\\Http\\Kernel->handle(Object(Illuminate\\Http\\Request))
#66 {main}
"} 
[2026-09-14 21:23:39] development.ERROR: View [frontend.home-pages.home-] not found. {"view":{"view":"E:\\xampp-8.2\\htdocs\\nexelit\\@core\\resources\\views\\frontend\\frontend-home.blade.php","data":{"home_page_variant":"<pre class=sf-dump id=sf-dump-1827340612 data-indent-pad=\"  \"><span class=sf-dump-const>null</span>
</pre><script>Sfdump(\"sf-dump-1827340612\", {\"maxDepth\":3,\"maxStringLength\":160})</script>
","errors":"<pre class=sf-dump id=sf-dump-1137858084 data-indent-pad=\"  \"><span class=sf-dump-note>Illuminate\\Support\\ViewErrorBag</span> {<a class=sf-dump-ref>#2042</a><samp data-depth=1 class=sf-dump-expanded>
  #<span class=sf-dump-protected title=\"Protected property\">bags</span>: []
</samp>}
</pre><script>Sfdump(\"sf-dump-1137858084\", {\"maxDepth\":3,\"maxStringLength\":160})</script>
","static_field_data":"<pre class=sf-dump id=sf-dump-1712138636 data-indent-pad=\"  \">[]
</pre><script>Sfdump(\"sf-dump-1712138636\", {\"maxDepth\":3,\"maxStringLength\":160})</script>
","all_header_slider":"<pre class=sf-dump id=sf-dump-1378269878 data-indent-pad=\"  \"><span class=sf-dump-note>Illuminate\\Database\\Eloquent\\Collection</span> {<a class=sf-dump-ref>#2607</a><samp data-depth=1 class=sf-dump-expanded>
  #<span class=sf-dump-protected title=\"Protected property\">items</span>: []
  #<span class=sf-dump-protected title=\"Protected property\">escapeWhenCastingToString</span>: <span class=sf-dump-const>false</span>
</samp>}
</pre><script>Sfdump(\"sf-dump-1378269878\", {\"maxDepth\":3,\"maxStringLength\":160})</script>
","all_counterup":"<pre class=sf-dump id=sf-dump-1947273532 data-indent-pad=\"  \"><span class=sf-dump-note>Illuminate\\Database\\Eloquent\\Collection</span> {<a class=sf-dump-ref>#2614</a><samp data-depth=1 class=sf-dump-expanded>
  #<span class=sf-dump-protected title=\"Protected property\">items</span>: []
  #<span class=sf-dump-protected title=\"Protected property\">escapeWhenCastingToString</span>: <span class=sf-dump-const>false</span>
</samp>}
</pre><script>Sfdump(\"sf-dump-1947273532\", {\"maxDepth\":3,\"maxStringLength\":160})</script>
","all_key_features":"<pre class=sf-dump id=sf-dump-1550396810 data-indent-pad=\"  \"><span class=sf-dump-note>Illuminate\\Database\\Eloquent\\Collection</span> {<a class=sf-dump-ref>#2622</a><samp data-depth=1 class=sf-dump-expanded>
  #<span class=sf-dump-protected title=\"Protected property\">items</span>: []
  #<span class=sf-dump-protected title=\"Protected property\">escapeWhenCastingToString</span>: <span class=sf-dump-const>false</span>
</samp>}
</pre><script>Sfdump(\"sf-dump-1550396810\", {\"maxDepth\":3,\"maxStringLength\":160})</script>
","all_service":"<pre class=sf-dump id=sf-dump-1549422286 data-indent-pad=\"  \"><span class=sf-dump-note>Illuminate\\Database\\Eloquent\\Collection</span> {<a class=sf-dump-ref>#2617</a><samp data-depth=1 class=sf-dump-expanded>
  #<span class=sf-dump-protected title=\"Protected property\">items</span>: []
  #<span class=sf-dump-protected title=\"Protected property\">escapeWhenCastingToString</span>: <span class=sf-dump-const>false</span>
</samp>}
</pre><script>Sfdump(\"sf-dump-1549422286\", {\"maxDepth\":3,\"maxStringLength\":160})</script>
","all_testimonial":"<pre class=sf-dump id=sf-dump-402557664 data-indent-pad=\"  \"><span class=sf-dump-note>Illuminate\\Database\\Eloquent\\Collection</span> {<a class=sf-dump-ref>#2640</a><samp data-depth=1 class=sf-dump-expanded>
  #<span class=sf-dump-protected title=\"Protected property\">items</span>: []
  #<span class=sf-dump-protected title=\"Protected property\">escapeWhenCastingToString</span>: <span class=sf-dump-const>false</span>
</samp>}
</pre><script>Sfdump(\"sf-dump-402557664\", {\"maxDepth\":3,\"maxStringLength\":160})</script>
","all_blog":"<pre class=sf-dump id=sf-dump-867461616 data-indent-pad=\"  \"><span class=sf-dump-note>Illuminate\\Database\\Eloquent\\Collection</span> {<a class=sf-dump-ref>#2569</a><samp data-depth=1 class=sf-dump-expanded>
  #<span class=sf-dump-protected title=\"Protected property\">items</span>: []
  #<span class=sf-dump-protected title=\"Protected property\">escapeWhenCastingToString</span>: <span class=sf-dump-const>false</span>
</samp>}
</pre><script>Sfdump(\"sf-dump-867461616\", {\"maxDepth\":3,\"maxStringLength\":160})</script>
","all_price_plan":"<pre class=sf-dump id=sf-dump-1272843025 data-indent-pad=\"  \"><span class=sf-dump-note>Illuminate\\Database\\Eloquent\\Collection</span> {<a class=sf-dump-ref>#2634</a><samp data-depth=1 class=sf-dump-expanded>
  #<span class=sf-dump-protected title=\"Protected property\">items</span>: []
  #<span class=sf-dump-protected title=\"Protected property\">escapeWhenCastingToString</span>: <span class=sf-dump-const>false</span>
</samp>}
</pre><script>Sfdump(\"sf-dump-1272843025\", {\"maxDepth\":3,\"maxStringLength\":160})</script>
","all_team_members":"<pre class=sf-dump id=sf-dump-1255195827 data-indent-pad=\"  \"><span class=sf-dump-note>Illuminate\\Database\\Eloquent\\Collection</span> {<a class=sf-dump-ref>#2661</a><samp data-depth=1 class=sf-dump-expanded>
  #<span class=sf-dump-protected title=\"Protected property\">items</span>: []
  #<span class=sf-dump-protected title=\"Protected property\">escapeWhenCastingToString</span>: <span class=sf-dump-const>false</span>
</samp>}
</pre><script>Sfdump(\"sf-dump-1255195827\", {\"maxDepth\":3,\"maxStringLength\":160})</script>
","all_brand_logo":"<pre class=sf-dump id=sf-dump-198351591 data-indent-pad=\"  \"><span class=sf-dump-note>Illuminate\\Database\\Eloquent\\Collection</span> {<a class=sf-dump-ref>#2681</a><samp data-depth=1 class=sf-dump-expanded>
  #<span class=sf-dump-protected title=\"Protected property\">items</span>: []
  #<span class=sf-dump-protected title=\"Protected property\">escapeWhenCastingToString</span>: <span class=sf-dump-const>false</span>
</samp>}
</pre><script>Sfdump(\"sf-dump-198351591\", {\"maxDepth\":3,\"maxStringLength\":160})</script>
","all_work_category":"<pre class=sf-dump id=sf-dump-670786548 data-indent-pad=\"  \"><span class=sf-dump-note>Illuminate\\Database\\Eloquent\\Collection</span> {<a class=sf-dump-ref>#2734</a><samp data-depth=1 class=sf-dump-expanded>
  #<span class=sf-dump-protected title=\"Protected property\">items</span>: []
  #<span class=sf-dump-protected title=\"Protected property\">escapeWhenCastingToString</span>: <span class=sf-dump-const>false</span>
</samp>}
</pre><script>Sfdump(\"sf-dump-670786548\", {\"maxDepth\":3,\"maxStringLength\":160})</script>
","all_work":"<pre class=sf-dump id=sf-dump-895386258 data-indent-pad=\"  \"><span class=sf-dump-note>Illuminate\\Database\\Eloquent\\Collection</span> {<a class=sf-dump-ref>#2666</a><samp data-depth=1 class=sf-dump-expanded>
  #<span class=sf-dump-protected title=\"Protected property\">items</span>: []
  #<span class=sf-dump-protected title=\"Protected property\">escapeWhenCastingToString</span>: <span class=sf-dump-const>false</span>
</samp>}
</pre><script>Sfdump(\"sf-dump-895386258\", {\"maxDepth\":3,\"maxStringLength\":160})</script>
","all_service_category":"<pre class=sf-dump id=sf-dump-2121759579 data-indent-pad=\"  \"><span class=sf-dump-note>Illuminate\\Database\\Eloquent\\Collection</span> {<a class=sf-dump-ref>#2691</a><samp data-depth=1 class=sf-dump-expanded>
  #<span class=sf-dump-protected title=\"Protected property\">items</span>: []
  #<span class=sf-dump-protected title=\"Protected property\">escapeWhenCastingToString</span>: <span class=sf-dump-const>false</span>
</samp>}
</pre><script>Sfdump(\"sf-dump-2121759579\", {\"maxDepth\":3,\"maxStringLength\":160})</script>
","all_contact_info":"<pre class=sf-dump id=sf-dump-2132271296 data-indent-pad=\"  \"><span class=sf-dump-note>Illuminate\\Database\\Eloquent\\Collection</span> {<a class=sf-dump-ref>#2704</a><samp data-depth=1 class=sf-dump-expanded>
  #<span class=sf-dump-protected title=\"Protected property\">items</span>: []
  #<span class=sf-dump-protected title=\"Protected property\">escapeWhenCastingToString</span>: <span class=sf-dump-const>false</span>
</samp>}
</pre><script>Sfdump(\"sf-dump-2132271296\", {\"maxDepth\":3,\"maxStringLength\":160})</script>
","global_static_field_data":"<pre class=sf-dump id=sf-dump-285105527 data-indent-pad=\"  \">[]
</pre><script>Sfdump(\"sf-dump-285105527\", {\"maxDepth\":3,\"maxStringLength\":160})</script>
","popup_details":"<pre class=sf-dump id=sf-dump-1426208362 data-indent-pad=\"  \"><span class=sf-dump-const>null</span>
</pre><script>Sfdump(\"sf-dump-1426208362\", {\"maxDepth\":3,\"maxStringLength\":160})</script>
","all_usefull_links":"<pre class=sf-dump id=sf-dump-669265382 data-indent-pad=\"  \"><span class=sf-dump-const>null</span>
</pre><script>Sfdump(\"sf-dump-669265382\", {\"maxDepth\":3,\"maxStringLength\":160})</script>
","all_important_links":"<pre class=sf-dump id=sf-dump-293676616 data-indent-pad=\"  \"><span class=sf-dump-const>null</span>
</pre><script>Sfdump(\"sf-dump-293676616\", {\"maxDepth\":3,\"maxStringLength\":160})</script>
","all_recent_post":"<pre class=sf-dump id=sf-dump-11576978 data-indent-pad=\"  \"><span class=sf-dump-note>Illuminate\\Database\\Eloquent\\Collection</span> {<a class=sf-dump-ref>#2517</a><samp data-depth=1 class=sf-dump-expanded>
  #<span class=sf-dump-protected title=\"Protected property\">items</span>: []
  #<span class=sf-dump-protected title=\"Protected property\">escapeWhenCastingToString</span>: <span class=sf-dump-const>false</span>
</samp>}
</pre><script>Sfdump(\"sf-dump-11576978\", {\"maxDepth\":3,\"maxStringLength\":160})</script>
","all_social_item":"<pre class=sf-dump id=sf-dump-467866371 data-indent-pad=\"  \"><span class=sf-dump-note>Illuminate\\Database\\Eloquent\\Collection</span> {<a class=sf-dump-ref>#2485</a><samp data-depth=1 class=sf-dump-expanded>
  #<span class=sf-dump-protected title=\"Protected property\">items</span>: []
  #<span class=sf-dump-protected title=\"Protected property\">escapeWhenCastingToString</span>: <span class=sf-dump-const>false</span>
</samp>}
</pre><script>Sfdump(\"sf-dump-467866371\", {\"maxDepth\":3,\"maxStringLength\":160})</script>
","all_language":"<pre class=sf-dump id=sf-dump-1355284416 data-indent-pad=\"  \"><span class=sf-dump-note>Illuminate\\Database\\Eloquent\\Collection</span> {<a class=sf-dump-ref>#2522</a><samp data-depth=1 class=sf-dump-expanded>
  #<span class=sf-dump-protected title=\"Protected property\">items</span>: <span class=sf-dump-note>array:1</span> [<samp data-depth=2 class=sf-dump-compact>
    <span class=sf-dump-index>0</span> => <span class=\"sf-dump-note sf-dump-ellipsization\" title=\"App\\Language
\"><span class=\"sf-dump-ellipsis sf-dump-ellipsis-note\">App</span><span class=\"sf-dump-ellipsis sf-dump-ellipsis-note\">\\</span><span class=\"sf-dump-ellipsis-tail\">Language</span></span> {<a class=sf-dump-ref>#2524</a><samp data-depth=3 class=sf-dump-compact>
      #<span class=sf-dump-protected title=\"Protected property\">connection</span>: \"<span class=sf-dump-str title=\"5 characters\">mysql</span>\"
      #<span class=sf-dump-protected title=\"Protected property\">table</span>: \"<span class=sf-dump-str title=\"9 characters\">languages</span>\"
      #<span class=sf-dump-protected title=\"Protected property\">primaryKey</span>: \"<span class=sf-dump-str title=\"2 characters\">id</span>\"
      #<span class=sf-dump-protected title=\"Protected property\">keyType</span>: \"<span class=sf-dump-str title=\"3 characters\">int</span>\"
      +<span class=sf-dump-public title=\"Public property\">incrementing</span>: <span class=sf-dump-const>true</span>
      #<span class=sf-dump-protected title=\"Protected property\">with</span>: []
      #<span class=sf-dump-protected title=\"Protected property\">withCount</span>: []
      +<span class=sf-dump-public title=\"Public property\">preventsLazyLoading</span>: <span class=sf-dump-const>false</span>
      #<span class=sf-dump-protected title=\"Protected property\">perPage</span>: <span class=sf-dump-num>15</span>
      +<span class=sf-dump-public title=\"Public property\">exists</span>: <span class=sf-dump-const>true</span>
      +<span class=sf-dump-public title=\"Public property\">wasRecentlyCreated</span>: <span class=sf-dump-const>false</span>
      #<span class=sf-dump-protected title=\"Protected property\">escapeWhenCastingToString</span>: <span class=sf-dump-const>false</span>
      #<span class=sf-dump-protected title=\"Protected property\">attributes</span>: <span class=sf-dump-note>array:8</span> [ &#8230;8]
      #<span class=sf-dump-protected title=\"Protected property\">original</span>: <span class=sf-dump-note>array:8</span> [ &#8230;8]
      #<span class=sf-dump-protected title=\"Protected property\">changes</span>: []
      #<span class=sf-dump-protected title=\"Protected property\">previous</span>: []
      #<span class=sf-dump-protected title=\"Protected property\">casts</span>: []
      #<span class=sf-dump-protected title=\"Protected property\">classCastCache</span>: []
      #<span class=sf-dump-protected title=\"Protected property\">attributeCastCache</span>: []
      #<span class=sf-dump-protected title=\"Protected property\">dateFormat</span>: <span class=sf-dump-const>null</span>
      #<span class=sf-dump-protected title=\"Protected property\">appends</span>: []
      #<span class=sf-dump-protected title=\"Protected property\">dispatchesEvents</span>: []
      #<span class=sf-dump-protected title=\"Protected property\">observables</span>: []
      #<span class=sf-dump-protected title=\"Protected property\">relations</span>: []
      #<span class=sf-dump-protected title=\"Protected property\">touches</span>: []
      #<span class=sf-dump-protected title=\"Protected property\">relationAutoloadCallback</span>: <span class=sf-dump-const>null</span>
      #<span class=sf-dump-protected title=\"Protected property\">relationAutoloadContext</span>: <span class=sf-dump-const>null</span>
      +<span class=sf-dump-public title=\"Public property\">timestamps</span>: <span class=sf-dump-const>true</span>
      +<span class=sf-dump-public title=\"Public property\">usesUniqueIds</span>: <span class=sf-dump-const>false</span>
      #<span class=sf-dump-protected title=\"Protected property\">hidden</span>: []
      #<span class=sf-dump-protected title=\"Protected property\">visible</span>: []
      #<span class=sf-dump-protected title=\"Protected property\">fillable</span>: <span class=sf-dump-note>array:5</span> [ &#8230;5]
      #<span class=sf-dump-protected title=\"Protected property\">guarded</span>: <span class=sf-dump-note>array:1</span> [ &#8230;1]
    </samp>}
  </samp>]
  #<span class=sf-dump-protected title=\"Protected property\">escapeWhenCastingToString</span>: <span class=sf-dump-const>false</span>
</samp>}
</pre><script>Sfdump(\"sf-dump-1355284416\", {\"maxDepth\":3,\"maxStringLength\":160})</script>
","primary_menu":"<pre class=sf-dump id=sf-dump-1521828519 data-indent-pad=\"  \"><span class=sf-dump-const>null</span>
</pre><script>Sfdump(\"sf-dump-1521828519\", {\"maxDepth\":3,\"maxStringLength\":160})</script>
","footer_widgets":"<pre class=sf-dump id=sf-dump-880635100 data-indent-pad=\"  \"><span class=sf-dump-note>Illuminate\\Database\\Eloquent\\Collection</span> {<a class=sf-dump-ref>#2544</a><samp data-depth=1 class=sf-dump-expanded>
  #<span class=sf-dump-protected title=\"Protected property\">items</span>: []
  #<span class=sf-dump-protected title=\"Protected property\">escapeWhenCastingToString</span>: <span class=sf-dump-const>false</span>
</samp>}
</pre><script>Sfdump(\"sf-dump-880635100\", {\"maxDepth\":3,\"maxStringLength\":160})</script>
","user_select_lang_slug":"<pre class=sf-dump id=sf-dump-147840744 data-indent-pad=\"  \">\"<span class=sf-dump-str title=\"5 characters\">en_US</span>\"
</pre><script>Sfdump(\"sf-dump-147840744\", {\"maxDepth\":3,\"maxStringLength\":160})</script>
"}},"exception":"[object] (Spatie\\LaravelIgnition\\Exceptions\\ViewException(code: 0): View [frontend.home-pages.home-] not found. at E:\\xampp-8.2\\htdocs\\nexelit\\@core\\vendor\\laravel\\framework\\src\\Illuminate\\View\\FileViewFinder.php:138)
[stacktrace]
#0 E:\\xampp-8.2\\htdocs\\nexelit\\@core\\vendor\\laravel\\framework\\src\\Illuminate\\View\\FileViewFinder.php(78): Illuminate\\View\\FileViewFinder->findInPaths('frontend.home-p...', Array)
#1 E:\\xampp-8.2\\htdocs\\nexelit\\@core\\vendor\\laravel\\framework\\src\\Illuminate\\View\\Factory.php(150): Illuminate\\View\\FileViewFinder->find('frontend.home-p...')
#2 E:\\xampp-8.2\\htdocs\\nexelit\\@core\\resources\\views\\frontend\\frontend-home.blade.php(10): Illuminate\\View\\Factory->make('frontend.home-p...', Array)
#3 E:\\xampp-8.2\\htdocs\\nexelit\\@core\\vendor\\laravel\\framework\\src\\Illuminate\\Filesystem\\Filesystem.php(123): require('E:\\\\xampp-8.2\\\\ht...')
#4 E:\\xampp-8.2\\htdocs\\nexelit\\@core\\vendor\\laravel\\framework\\src\\Illuminate\\Filesystem\\Filesystem.php(124): Illuminate\\Filesystem\\Filesystem::Illuminate\\Filesystem\\{closure}()
#5 E:\\xampp-8.2\\htdocs\\nexelit\\@core\\vendor\\laravel\\framework\\src\\Illuminate\\View\\Engines\\PhpEngine.php(57): Illuminate\\Filesystem\\Filesystem->getRequire('E:\\\\xampp-8.2\\\\ht...', Array)
#6 E:\\xampp-8.2\\htdocs\\nexelit\\@core\\vendor\\laravel\\framework\\src\\Illuminate\\View\\Engines\\CompilerEngine.php(76): Illuminate\\View\\Engines\\PhpEngine->evaluatePath('E:\\\\xampp-8.2\\\\ht...', Array)
#7 E:\\xampp-8.2\\htdocs\\nexelit\\@core\\vendor\\laravel\\framework\\src\\Illuminate\\View\\View.php(208): Illuminate\\View\\Engines\\CompilerEngine->get('E:\\\\xampp-8.2\\\\ht...', Array)
#8 E:\\xampp-8.2\\htdocs\\nexelit\\@core\\vendor\\laravel\\framework\\src\\Illuminate\\View\\View.php(191): Illuminate\\View\\View->getContents()
#9 E:\\xampp-8.2\\htdocs\\nexelit\\@core\\vendor\\laravel\\framework\\src\\Illuminate\\View\\View.php(160): Illuminate\\View\\View->renderContents()
#10 E:\\xampp-8.2\\htdocs\\nexelit\\@core\\vendor\\laravel\\framework\\src\\Illuminate\\Http\\Response.php(78): Illuminate\\View\\View->render()
#11 E:\\xampp-8.2\\htdocs\\nexelit\\@core\\vendor\\laravel\\framework\\src\\Illuminate\\Http\\Response.php(34): Illuminate\\Http\\Response->setContent(Object(Illuminate\\View\\View))
#12 E:\\xampp-8.2\\htdocs\\nexelit\\@core\\vendor\\laravel\\framework\\src\\Illuminate\\Routing\\Router.php(939): Illuminate\\Http\\Response->__construct(Object(Illuminate\\View\\View), 200, Array)
#13 E:\\xampp-8.2\\htdocs\\nexelit\\@core\\vendor\\laravel\\framework\\src\\Illuminate\\Routing\\Router.php(906): Illuminate\\Routing\\Router::toResponse(Object(Illuminate\\Http\\Request), Object(Illuminate\\View\\View))
#14 E:\\xampp-8.2\\htdocs\\nexelit\\@core\\vendor\\laravel\\framework\\src\\Illuminate\\Routing\\Router.php(821): Illuminate\\Routing\\Router->prepareResponse(Object(Illuminate\\Http\\Request), Object(Illuminate\\View\\View))
#15 E:\\xampp-8.2\\htdocs\\nexelit\\@core\\vendor\\laravel\\framework\\src\\Illuminate\\Pipeline\\Pipeline.php(180): Illuminate\\Routing\\Router->Illuminate\\Routing\\{closure}(Object(Illuminate\\Http\\Request))
#16 E:\\xampp-8.2\\htdocs\\nexelit\\@core\\app\\Http\\Middleware\\HtmlMinifier.php(13): Illuminate\\Pipeline\\Pipeline->Illuminate\\Pipeline\\{closure}(Object(Illuminate\\Http\\Request))
#17 E:\\xampp-8.2\\htdocs\\nexelit\\@core\\vendor\\laravel\\framework\\src\\Illuminate\\Pipeline\\Pipeline.php(219): App\\Http\\Middleware\\HtmlMinifier->handle(Object(Illuminate\\Http\\Request), Object(Closure), ':class')
#18 E:\\xampp-8.2\\htdocs\\nexelit\\@core\\app\\Http\\Middleware\\MaintainsMode.php(22): Illuminate\\Pipeline\\Pipeline->Illuminate\\Pipeline\\{closure}(Object(Illuminate\\Http\\Request))
#19 E:\\xampp-8.2\\htdocs\\nexelit\\@core\\vendor\\laravel\\framework\\src\\Illuminate\\Pipeline\\Pipeline.php(219): App\\Http\\Middleware\\MaintainsMode->handle(Object(Illuminate\\Http\\Request), Object(Closure))
#20 E:\\xampp-8.2\\htdocs\\nexelit\\@core\\app\\Http\\Middleware\\GlobalVariableMiddleware.php(145): Illuminate\\Pipeline\\Pipeline->Illuminate\\Pipeline\\{closure}(Object(Illuminate\\Http\\Request))
#21 E:\\xampp-8.2\\htdocs\\nexelit\\@core\\vendor\\laravel\\framework\\src\\Illuminate\\Pipeline\\Pipeline.php(219): App\\Http\\Middleware\\GlobalVariableMiddleware->handle(Object(Illuminate\\Http\\Request), Object(Closure))
#22 E:\\xampp-8.2\\htdocs\\nexelit\\@core\\app\\Http\\Middleware\\SetUserLanguages.php(35): Illuminate\\Pipeline\\Pipeline->Illuminate\\Pipeline\\{closure}(Object(Illuminate\\Http\\Request))
#23 E:\\xampp-8.2\\htdocs\\nexelit\\@core\\vendor\\laravel\\framework\\src\\Illuminate\\Pipeline\\Pipeline.php(219): App\\Http\\Middleware\\SetUserLanguages->handle(Object(Illuminate\\Http\\Request), Object(Closure), 'frontend')
#24 E:\\xampp-8.2\\htdocs\\nexelit\\@core\\vendor\\barryvdh\\laravel-debugbar\\src\\Middleware\\InjectDebugbar.php(66): Illuminate\\Pipeline\\Pipeline->Illuminate\\Pipeline\\{closure}(Object(Illuminate\\Http\\Request))
#25 E:\\xampp-8.2\\htdocs\\nexelit\\@core\\vendor\\laravel\\framework\\src\\Illuminate\\Pipeline\\Pipeline.php(219): Barryvdh\\Debugbar\\Middleware\\InjectDebugbar->handle(Object(Illuminate\\Http\\Request), Object(Closure))
#26 E:\\xampp-8.2\\htdocs\\nexelit\\@core\\vendor\\laravel\\framework\\src\\Illuminate\\Routing\\Middleware\\SubstituteBindings.php(50): Illuminate\\Pipeline\\Pipeline->Illuminate\\Pipeline\\{closure}(Object(Illuminate\\Http\\Request))
#27 E:\\xampp-8.2\\htdocs\\nexelit\\@core\\vendor\\laravel\\framework\\src\\Illuminate\\Pipeline\\Pipeline.php(219): Illuminate\\Routing\\Middleware\\SubstituteBindings->handle(Object(Illuminate\\Http\\Request), Object(Closure))
#28 E:\\xampp-8.2\\htdocs\\nexelit\\@core\\vendor\\laravel\\framework\\src\\Illuminate\\Foundation\\Http\\Middleware\\VerifyCsrfToken.php(87): Illuminate\\Pipeline\\Pipeline->Illuminate\\Pipeline\\{closure}(Object(Illuminate\\Http\\Request))
#29 E:\\xampp-8.2\\htdocs\\nexelit\\@core\\vendor\\laravel\\framework\\src\\Illuminate\\Pipeline\\Pipeline.php(219): Illuminate\\Foundation\\Http\\Middleware\\VerifyCsrfToken->handle(Object(Illuminate\\Http\\Request), Object(Closure))
#30 E:\\xampp-8.2\\htdocs\\nexelit\\@core\\vendor\\laravel\\framework\\src\\Illuminate\\View\\Middleware\\ShareErrorsFromSession.php(48): Illuminate\\Pipeline\\Pipeline->Illuminate\\Pipeline\\{closure}(Object(Illuminate\\Http\\Request))
#31 E:\\xampp-8.2\\htdocs\\nexelit\\@core\\vendor\\laravel\\framework\\src\\Illuminate\\Pipeline\\Pipeline.php(219): Illuminate\\View\\Middleware\\ShareErrorsFromSession->handle(Object(Illuminate\\Http\\Request), Object(Closure))
#32 E:\\xampp-8.2\\htdocs\\nexelit\\@core\\vendor\\laravel\\framework\\src\\Illuminate\\Session\\Middleware\\StartSession.php(120): Illuminate\\Pipeline\\Pipeline->Illuminate\\Pipeline\\{closure}(Object(Illuminate\\Http\\Request))
#33 E:\\xampp-8.2\\htdocs\\nexelit\\@core\\vendor\\laravel\\framework\\src\\Illuminate\\Session\\Middleware\\StartSession.php(63): Illuminate\\Session\\Middleware\\StartSession->handleStatefulRequest(Object(Illuminate\\Http\\Request), Object(Illuminate\\Session\\Store), Object(Closure))
#34 E:\\xampp-8.2\\htdocs\\nexelit\\@core\\vendor\\laravel\\framework\\src\\Illuminate\\Pipeline\\Pipeline.php(219): Illuminate\\Session\\Middleware\\StartSession->handle(Object(Illuminate\\Http\\Request), Object(Closure))
#35 E:\\xampp-8.2\\htdocs\\nexelit\\@core\\vendor\\laravel\\framework\\src\\Illuminate\\Cookie\\Middleware\\AddQueuedCookiesToResponse.php(36): Illuminate\\Pipeline\\Pipeline->Illuminate\\Pipeline\\{closure}(Object(Illuminate\\Http\\Request))
#36 E:\\xampp-8.2\\htdocs\\nexelit\\@core\\vendor\\laravel\\framework\\src\\Illuminate\\Pipeline\\Pipeline.php(219): Illuminate\\Cookie\\Middleware\\AddQueuedCookiesToResponse->handle(Object(Illuminate\\Http\\Request), Object(Closure))
#37 E:\\xampp-8.2\\htdocs\\nexelit\\@core\\vendor\\laravel\\framework\\src\\Illuminate\\Cookie\\Middleware\\EncryptCookies.php(74): Illuminate\\Pipeline\\Pipeline->Illuminate\\Pipeline\\{closure}(Object(Illuminate\\Http\\Request))
#38 E:\\xampp-8.2\\htdocs\\nexelit\\@core\\vendor\\laravel\\framework\\src\\Illuminate\\Pipeline\\Pipeline.php(219): Illuminate\\Cookie\\Middleware\\EncryptCookies->handle(Object(Illuminate\\Http\\Request), Object(Closure))
#39 E:\\xampp-8.2\\htdocs\\nexelit\\@core\\vendor\\laravel\\framework\\src\\Illuminate\\Pipeline\\Pipeline.php(137): Illuminate\\Pipeline\\Pipeline->Illuminate\\Pipeline\\{closure}(Object(Illuminate\\Http\\Request))
#40 E:\\xampp-8.2\\htdocs\\nexelit\\@core\\vendor\\laravel\\framework\\src\\Illuminate\\Routing\\Router.php(821): Illuminate\\Pipeline\\Pipeline->then(Object(Closure))
#41 E:\\xampp-8.2\\htdocs\\nexelit\\@core\\vendor\\laravel\\framework\\src\\Illuminate\\Routing\\Router.php(800): Illuminate\\Routing\\Router->runRouteWithinStack(Object(Illuminate\\Routing\\Route), Object(Illuminate\\Http\\Request))
#42 E:\\xampp-8.2\\htdocs\\nexelit\\@core\\vendor\\laravel\\framework\\src\\Illuminate\\Routing\\Router.php(764): Illuminate\\Routing\\Router->runRoute(Object(Illuminate\\Http\\Request), Object(Illuminate\\Routing\\Route))
#43 E:\\xampp-8.2\\htdocs\\nexelit\\@core\\vendor\\laravel\\framework\\src\\Illuminate\\Routing\\Router.php(753): Illuminate\\Routing\\Router->dispatchToRoute(Object(Illuminate\\Http\\Request))
#44 E:\\xampp-8.2\\htdocs\\nexelit\\@core\\vendor\\laravel\\framework\\src\\Illuminate\\Foundation\\Http\\Kernel.php(200): Illuminate\\Routing\\Router->dispatch(Object(Illuminate\\Http\\Request))
#45 E:\\xampp-8.2\\htdocs\\nexelit\\@core\\vendor\\laravel\\framework\\src\\Illuminate\\Pipeline\\Pipeline.php(180): Illuminate\\Foundation\\Http\\Kernel->Illuminate\\Foundation\\Http\\{closure}(Object(Illuminate\\Http\\Request))
#46 E:\\xampp-8.2\\htdocs\\nexelit\\@core\\vendor\\barryvdh\\laravel-debugbar\\src\\Middleware\\InjectDebugbar.php(66): Illuminate\\Pipeline\\Pipeline->Illuminate\\Pipeline\\{closure}(Object(Illuminate\\Http\\Request))
#47 E:\\xampp-8.2\\htdocs\\nexelit\\@core\\vendor\\laravel\\framework\\src\\Illuminate\\Pipeline\\Pipeline.php(219): Barryvdh\\Debugbar\\Middleware\\InjectDebugbar->handle(Object(Illuminate\\Http\\Request), Object(Closure))
#48 E:\\xampp-8.2\\htdocs\\nexelit\\@core\\vendor\\xgenious\\installer\\src\\Http\\Middleware\\InstallerMiddleware.php(18): Illuminate\\Pipeline\\Pipeline->Illuminate\\Pipeline\\{closure}(Object(Illuminate\\Http\\Request))
#49 E:\\xampp-8.2\\htdocs\\nexelit\\@core\\vendor\\laravel\\framework\\src\\Illuminate\\Pipeline\\Pipeline.php(219): Xgenious\\Installer\\Http\\Middleware\\InstallerMiddleware->handle(Object(Illuminate\\Http\\Request), Object(Closure))
#50 E:\\xampp-8.2\\htdocs\\nexelit\\@core\\vendor\\laravel\\framework\\src\\Illuminate\\Foundation\\Http\\Middleware\\TransformsRequest.php(21): Illuminate\\Pipeline\\Pipeline->Illuminate\\Pipeline\\{closure}(Object(Illuminate\\Http\\Request))
#51 E:\\xampp-8.2\\htdocs\\nexelit\\@core\\vendor\\laravel\\framework\\src\\Illuminate\\Foundation\\Http\\Middleware\\ConvertEmptyStringsToNull.php(31): Illuminate\\Foundation\\Http\\Middleware\\TransformsRequest->handle(Object(Illuminate\\Http\\Request), Object(Closure))
#52 E:\\xampp-8.2\\htdocs\\nexelit\\@core\\vendor\\laravel\\framework\\src\\Illuminate\\Pipeline\\Pipeline.php(219): Illuminate\\Foundation\\Http\\Middleware\\ConvertEmptyStringsToNull->handle(Object(Illuminate\\Http\\Request), Object(Closure))
#53 E:\\xampp-8.2\\htdocs\\nexelit\\@core\\vendor\\laravel\\framework\\src\\Illuminate\\Foundation\\Http\\Middleware\\TransformsRequest.php(21): Illuminate\\Pipeline\\Pipeline->Illuminate\\Pipeline\\{closure}(Object(Illuminate\\Http\\Request))
#54 E:\\xampp-8.2\\htdocs\\nexelit\\@core\\vendor\\laravel\\framework\\src\\Illuminate\\Foundation\\Http\\Middleware\\TrimStrings.php(51): Illuminate\\Foundation\\Http\\Middleware\\TransformsRequest->handle(Object(Illuminate\\Http\\Request), Object(Closure))
#55 E:\\xampp-8.2\\htdocs\\nexelit\\@core\\vendor\\laravel\\framework\\src\\Illuminate\\Pipeline\\Pipeline.php(219): Illuminate\\Foundation\\Http\\Middleware\\TrimStrings->handle(Object(Illuminate\\Http\\Request), Object(Closure))
#56 E:\\xampp-8.2\\htdocs\\nexelit\\@core\\vendor\\laravel\\framework\\src\\Illuminate\\Http\\Middleware\\ValidatePostSize.php(27): Illuminate\\Pipeline\\Pipeline->Illuminate\\Pipeline\\{closure}(Object(Illuminate\\Http\\Request))
#57 E:\\xampp-8.2\\htdocs\\nexelit\\@core\\vendor\\laravel\\framework\\src\\Illuminate\\Pipeline\\Pipeline.php(219): Illuminate\\Http\\Middleware\\ValidatePostSize->handle(Object(Illuminate\\Http\\Request), Object(Closure))
#58 E:\\xampp-8.2\\htdocs\\nexelit\\@core\\vendor\\laravel\\framework\\src\\Illuminate\\Foundation\\Http\\Middleware\\PreventRequestsDuringMaintenance.php(109): Illuminate\\Pipeline\\Pipeline->Illuminate\\Pipeline\\{closure}(Object(Illuminate\\Http\\Request))
#59 E:\\xampp-8.2\\htdocs\\nexelit\\@core\\vendor\\laravel\\framework\\src\\Illuminate\\Pipeline\\Pipeline.php(219): Illuminate\\Foundation\\Http\\Middleware\\PreventRequestsDuringMaintenance->handle(Object(Illuminate\\Http\\Request), Object(Closure))
#60 E:\\xampp-8.2\\htdocs\\nexelit\\@core\\vendor\\laravel\\framework\\src\\Illuminate\\Http\\Middleware\\TrustProxies.php(58): Illuminate\\Pipeline\\Pipeline->Illuminate\\Pipeline\\{closure}(Object(Illuminate\\Http\\Request))
#61 E:\\xampp-8.2\\htdocs\\nexelit\\@core\\vendor\\laravel\\framework\\src\\Illuminate\\Pipeline\\Pipeline.php(219): Illuminate\\Http\\Middleware\\TrustProxies->handle(Object(Illuminate\\Http\\Request), Object(Closure))
#62 E:\\xampp-8.2\\htdocs\\nexelit\\@core\\vendor\\laravel\\framework\\src\\Illuminate\\Pipeline\\Pipeline.php(137): Illuminate\\Pipeline\\Pipeline->Illuminate\\Pipeline\\{closure}(Object(Illuminate\\Http\\Request))
#63 E:\\xampp-8.2\\htdocs\\nexelit\\@core\\vendor\\laravel\\framework\\src\\Illuminate\\Foundation\\Http\\Kernel.php(175): Illuminate\\Pipeline\\Pipeline->then(Object(Closure))
#64 E:\\xampp-8.2\\htdocs\\nexelit\\@core\\vendor\\laravel\\framework\\src\\Illuminate\\Foundation\\Http\\Kernel.php(144): Illuminate\\Foundation\\Http\\Kernel->sendRequestThroughRouter(Object(Illuminate\\Http\\Request))
#65 E:\\xampp-8.2\\htdocs\\nexelit\\index.php(54): Illuminate\\Foundation\\Http\\Kernel->handle(Object(Illuminate\\Http\\Request))
#66 {main}

[previous exception] [object] (InvalidArgumentException(code: 0): View [frontend.home-pages.home-] not found. at E:\\xampp-8.2\\htdocs\\nexelit\\@core\\vendor\\laravel\\framework\\src\\Illuminate\\View\\FileViewFinder.php:138)
[stacktrace]
#0 E:\\xampp-8.2\\htdocs\\nexelit\\@core\\vendor\\laravel\\framework\\src\\Illuminate\\View\\FileViewFinder.php(78): Illuminate\\View\\FileViewFinder->findInPaths('frontend.home-p...', Array)
#1 E:\\xampp-8.2\\htdocs\\nexelit\\@core\\vendor\\laravel\\framework\\src\\Illuminate\\View\\Factory.php(150): Illuminate\\View\\FileViewFinder->find('frontend.home-p...')
#2 E:\\xampp-8.2\\htdocs\\nexelit\\@core\\storage\\framework\\views\\32513d16c9966f9aa270a4c716f8d139.php(8): Illuminate\\View\\Factory->make('frontend.home-p...', Array)
#3 E:\\xampp-8.2\\htdocs\\nexelit\\@core\\vendor\\laravel\\framework\\src\\Illuminate\\Filesystem\\Filesystem.php(123): require('E:\\\\xampp-8.2\\\\ht...')
#4 E:\\xampp-8.2\\htdocs\\nexelit\\@core\\vendor\\laravel\\framework\\src\\Illuminate\\Filesystem\\Filesystem.php(124): Illuminate\\Filesystem\\Filesystem::Illuminate\\Filesystem\\{closure}()
#5 E:\\xampp-8.2\\htdocs\\nexelit\\@core\\vendor\\laravel\\framework\\src\\Illuminate\\View\\Engines\\PhpEngine.php(57): Illuminate\\Filesystem\\Filesystem->getRequire('E:\\\\xampp-8.2\\\\ht...', Array)
#6 E:\\xampp-8.2\\htdocs\\nexelit\\@core\\vendor\\laravel\\framework\\src\\Illuminate\\View\\Engines\\CompilerEngine.php(76): Illuminate\\View\\Engines\\PhpEngine->evaluatePath('E:\\\\xampp-8.2\\\\ht...', Array)
#7 E:\\xampp-8.2\\htdocs\\nexelit\\@core\\vendor\\laravel\\framework\\src\\Illuminate\\View\\View.php(208): Illuminate\\View\\Engines\\CompilerEngine->get('E:\\\\xampp-8.2\\\\ht...', Array)
#8 E:\\xampp-8.2\\htdocs\\nexelit\\@core\\vendor\\laravel\\framework\\src\\Illuminate\\View\\View.php(191): Illuminate\\View\\View->getContents()
#9 E:\\xampp-8.2\\htdocs\\nexelit\\@core\\vendor\\laravel\\framework\\src\\Illuminate\\View\\View.php(160): Illuminate\\View\\View->renderContents()
#10 E:\\xampp-8.2\\htdocs\\nexelit\\@core\\vendor\\laravel\\framework\\src\\Illuminate\\Http\\Response.php(78): Illuminate\\View\\View->render()
#11 E:\\xampp-8.2\\htdocs\\nexelit\\@core\\vendor\\laravel\\framework\\src\\Illuminate\\Http\\Response.php(34): Illuminate\\Http\\Response->setContent(Object(Illuminate\\View\\View))
#12 E:\\xampp-8.2\\htdocs\\nexelit\\@core\\vendor\\laravel\\framework\\src\\Illuminate\\Routing\\Router.php(939): Illuminate\\Http\\Response->__construct(Object(Illuminate\\View\\View), 200, Array)
#13 E:\\xampp-8.2\\htdocs\\nexelit\\@core\\vendor\\laravel\\framework\\src\\Illuminate\\Routing\\Router.php(906): Illuminate\\Routing\\Router::toResponse(Object(Illuminate\\Http\\Request), Object(Illuminate\\View\\View))
#14 E:\\xampp-8.2\\htdocs\\nexelit\\@core\\vendor\\laravel\\framework\\src\\Illuminate\\Routing\\Router.php(821): Illuminate\\Routing\\Router->prepareResponse(Object(Illuminate\\Http\\Request), Object(Illuminate\\View\\View))
#15 E:\\xampp-8.2\\htdocs\\nexelit\\@core\\vendor\\laravel\\framework\\src\\Illuminate\\Pipeline\\Pipeline.php(180): Illuminate\\Routing\\Router->Illuminate\\Routing\\{closure}(Object(Illuminate\\Http\\Request))
#16 E:\\xampp-8.2\\htdocs\\nexelit\\@core\\app\\Http\\Middleware\\HtmlMinifier.php(13): Illuminate\\Pipeline\\Pipeline->Illuminate\\Pipeline\\{closure}(Object(Illuminate\\Http\\Request))
#17 E:\\xampp-8.2\\htdocs\\nexelit\\@core\\vendor\\laravel\\framework\\src\\Illuminate\\Pipeline\\Pipeline.php(219): App\\Http\\Middleware\\HtmlMinifier->handle(Object(Illuminate\\Http\\Request), Object(Closure), ':class')
#18 E:\\xampp-8.2\\htdocs\\nexelit\\@core\\app\\Http\\Middleware\\MaintainsMode.php(22): Illuminate\\Pipeline\\Pipeline->Illuminate\\Pipeline\\{closure}(Object(Illuminate\\Http\\Request))
#19 E:\\xampp-8.2\\htdocs\\nexelit\\@core\\vendor\\laravel\\framework\\src\\Illuminate\\Pipeline\\Pipeline.php(219): App\\Http\\Middleware\\MaintainsMode->handle(Object(Illuminate\\Http\\Request), Object(Closure))
#20 E:\\xampp-8.2\\htdocs\\nexelit\\@core\\app\\Http\\Middleware\\GlobalVariableMiddleware.php(145): Illuminate\\Pipeline\\Pipeline->Illuminate\\Pipeline\\{closure}(Object(Illuminate\\Http\\Request))
#21 E:\\xampp-8.2\\htdocs\\nexelit\\@core\\vendor\\laravel\\framework\\src\\Illuminate\\Pipeline\\Pipeline.php(219): App\\Http\\Middleware\\GlobalVariableMiddleware->handle(Object(Illuminate\\Http\\Request), Object(Closure))
#22 E:\\xampp-8.2\\htdocs\\nexelit\\@core\\app\\Http\\Middleware\\SetUserLanguages.php(35): Illuminate\\Pipeline\\Pipeline->Illuminate\\Pipeline\\{closure}(Object(Illuminate\\Http\\Request))
#23 E:\\xampp-8.2\\htdocs\\nexelit\\@core\\vendor\\laravel\\framework\\src\\Illuminate\\Pipeline\\Pipeline.php(219): App\\Http\\Middleware\\SetUserLanguages->handle(Object(Illuminate\\Http\\Request), Object(Closure), 'frontend')
#24 E:\\xampp-8.2\\htdocs\\nexelit\\@core\\vendor\\barryvdh\\laravel-debugbar\\src\\Middleware\\InjectDebugbar.php(66): Illuminate\\Pipeline\\Pipeline->Illuminate\\Pipeline\\{closure}(Object(Illuminate\\Http\\Request))
#25 E:\\xampp-8.2\\htdocs\\nexelit\\@core\\vendor\\laravel\\framework\\src\\Illuminate\\Pipeline\\Pipeline.php(219): Barryvdh\\Debugbar\\Middleware\\InjectDebugbar->handle(Object(Illuminate\\Http\\Request), Object(Closure))
#26 E:\\xampp-8.2\\htdocs\\nexelit\\@core\\vendor\\laravel\\framework\\src\\Illuminate\\Routing\\Middleware\\SubstituteBindings.php(50): Illuminate\\Pipeline\\Pipeline->Illuminate\\Pipeline\\{closure}(Object(Illuminate\\Http\\Request))
#27 E:\\xampp-8.2\\htdocs\\nexelit\\@core\\vendor\\laravel\\framework\\src\\Illuminate\\Pipeline\\Pipeline.php(219): Illuminate\\Routing\\Middleware\\SubstituteBindings->handle(Object(Illuminate\\Http\\Request), Object(Closure))
#28 E:\\xampp-8.2\\htdocs\\nexelit\\@core\\vendor\\laravel\\framework\\src\\Illuminate\\Foundation\\Http\\Middleware\\VerifyCsrfToken.php(87): Illuminate\\Pipeline\\Pipeline->Illuminate\\Pipeline\\{closure}(Object(Illuminate\\Http\\Request))
#29 E:\\xampp-8.2\\htdocs\\nexelit\\@core\\vendor\\laravel\\framework\\src\\Illuminate\\Pipeline\\Pipeline.php(219): Illuminate\\Foundation\\Http\\Middleware\\VerifyCsrfToken->handle(Object(Illuminate\\Http\\Request), Object(Closure))
#30 E:\\xampp-8.2\\htdocs\\nexelit\\@core\\vendor\\laravel\\framework\\src\\Illuminate\\View\\Middleware\\ShareErrorsFromSession.php(48): Illuminate\\Pipeline\\Pipeline->Illuminate\\Pipeline\\{closure}(Object(Illuminate\\Http\\Request))
#31 E:\\xampp-8.2\\htdocs\\nexelit\\@core\\vendor\\laravel\\framework\\src\\Illuminate\\Pipeline\\Pipeline.php(219): Illuminate\\View\\Middleware\\ShareErrorsFromSession->handle(Object(Illuminate\\Http\\Request), Object(Closure))
#32 E:\\xampp-8.2\\htdocs\\nexelit\\@core\\vendor\\laravel\\framework\\src\\Illuminate\\Session\\Middleware\\StartSession.php(120): Illuminate\\Pipeline\\Pipeline->Illuminate\\Pipeline\\{closure}(Object(Illuminate\\Http\\Request))
#33 E:\\xampp-8.2\\htdocs\\nexelit\\@core\\vendor\\laravel\\framework\\src\\Illuminate\\Session\\Middleware\\StartSession.php(63): Illuminate\\Session\\Middleware\\StartSession->handleStatefulRequest(Object(Illuminate\\Http\\Request), Object(Illuminate\\Session\\Store), Object(Closure))
#34 E:\\xampp-8.2\\htdocs\\nexelit\\@core\\vendor\\laravel\\framework\\src\\Illuminate\\Pipeline\\Pipeline.php(219): Illuminate\\Session\\Middleware\\StartSession->handle(Object(Illuminate\\Http\\Request), Object(Closure))
#35 E:\\xampp-8.2\\htdocs\\nexelit\\@core\\vendor\\laravel\\framework\\src\\Illuminate\\Cookie\\Middleware\\AddQueuedCookiesToResponse.php(36): Illuminate\\Pipeline\\Pipeline->Illuminate\\Pipeline\\{closure}(Object(Illuminate\\Http\\Request))
#36 E:\\xampp-8.2\\htdocs\\nexelit\\@core\\vendor\\laravel\\framework\\src\\Illuminate\\Pipeline\\Pipeline.php(219): Illuminate\\Cookie\\Middleware\\AddQueuedCookiesToResponse->handle(Object(Illuminate\\Http\\Request), Object(Closure))
#37 E:\\xampp-8.2\\htdocs\\nexelit\\@core\\vendor\\laravel\\framework\\src\\Illuminate\\Cookie\\Middleware\\EncryptCookies.php(74): Illuminate\\Pipeline\\Pipeline->Illuminate\\Pipeline\\{closure}(Object(Illuminate\\Http\\Request))
#38 E:\\xampp-8.2\\htdocs\\nexelit\\@core\\vendor\\laravel\\framework\\src\\Illuminate\\Pipeline\\Pipeline.php(219): Illuminate\\Cookie\\Middleware\\EncryptCookies->handle(Object(Illuminate\\Http\\Request), Object(Closure))
#39 E:\\xampp-8.2\\htdocs\\nexelit\\@core\\vendor\\laravel\\framework\\src\\Illuminate\\Pipeline\\Pipeline.php(137): Illuminate\\Pipeline\\Pipeline->Illuminate\\Pipeline\\{closure}(Object(Illuminate\\Http\\Request))
#40 E:\\xampp-8.2\\htdocs\\nexelit\\@core\\vendor\\laravel\\framework\\src\\Illuminate\\Routing\\Router.php(821): Illuminate\\Pipeline\\Pipeline->then(Object(Closure))
#41 E:\\xampp-8.2\\htdocs\\nexelit\\@core\\vendor\\laravel\\framework\\src\\Illuminate\\Routing\\Router.php(800): Illuminate\\Routing\\Router->runRouteWithinStack(Object(Illuminate\\Routing\\Route), Object(Illuminate\\Http\\Request))
#42 E:\\xampp-8.2\\htdocs\\nexelit\\@core\\vendor\\laravel\\framework\\src\\Illuminate\\Routing\\Router.php(764): Illuminate\\Routing\\Router->runRoute(Object(Illuminate\\Http\\Request), Object(Illuminate\\Routing\\Route))
#43 E:\\xampp-8.2\\htdocs\\nexelit\\@core\\vendor\\laravel\\framework\\src\\Illuminate\\Routing\\Router.php(753): Illuminate\\Routing\\Router->dispatchToRoute(Object(Illuminate\\Http\\Request))
#44 E:\\xampp-8.2\\htdocs\\nexelit\\@core\\vendor\\laravel\\framework\\src\\Illuminate\\Foundation\\Http\\Kernel.php(200): Illuminate\\Routing\\Router->dispatch(Object(Illuminate\\Http\\Request))
#45 E:\\xampp-8.2\\htdocs\\nexelit\\@core\\vendor\\laravel\\framework\\src\\Illuminate\\Pipeline\\Pipeline.php(180): Illuminate\\Foundation\\Http\\Kernel->Illuminate\\Foundation\\Http\\{closure}(Object(Illuminate\\Http\\Request))
#46 E:\\xampp-8.2\\htdocs\\nexelit\\@core\\vendor\\barryvdh\\laravel-debugbar\\src\\Middleware\\InjectDebugbar.php(66): Illuminate\\Pipeline\\Pipeline->Illuminate\\Pipeline\\{closure}(Object(Illuminate\\Http\\Request))
#47 E:\\xampp-8.2\\htdocs\\nexelit\\@core\\vendor\\laravel\\framework\\src\\Illuminate\\Pipeline\\Pipeline.php(219): Barryvdh\\Debugbar\\Middleware\\InjectDebugbar->handle(Object(Illuminate\\Http\\Request), Object(Closure))
#48 E:\\xampp-8.2\\htdocs\\nexelit\\@core\\vendor\\xgenious\\installer\\src\\Http\\Middleware\\InstallerMiddleware.php(18): Illuminate\\Pipeline\\Pipeline->Illuminate\\Pipeline\\{closure}(Object(Illuminate\\Http\\Request))
#49 E:\\xampp-8.2\\htdocs\\nexelit\\@core\\vendor\\laravel\\framework\\src\\Illuminate\\Pipeline\\Pipeline.php(219): Xgenious\\Installer\\Http\\Middleware\\InstallerMiddleware->handle(Object(Illuminate\\Http\\Request), Object(Closure))
#50 E:\\xampp-8.2\\htdocs\\nexelit\\@core\\vendor\\laravel\\framework\\src\\Illuminate\\Foundation\\Http\\Middleware\\TransformsRequest.php(21): Illuminate\\Pipeline\\Pipeline->Illuminate\\Pipeline\\{closure}(Object(Illuminate\\Http\\Request))
#51 E:\\xampp-8.2\\htdocs\\nexelit\\@core\\vendor\\laravel\\framework\\src\\Illuminate\\Foundation\\Http\\Middleware\\ConvertEmptyStringsToNull.php(31): Illuminate\\Foundation\\Http\\Middleware\\TransformsRequest->handle(Object(Illuminate\\Http\\Request), Object(Closure))
#52 E:\\xampp-8.2\\htdocs\\nexelit\\@core\\vendor\\laravel\\framework\\src\\Illuminate\\Pipeline\\Pipeline.php(219): Illuminate\\Foundation\\Http\\Middleware\\ConvertEmptyStringsToNull->handle(Object(Illuminate\\Http\\Request), Object(Closure))
#53 E:\\xampp-8.2\\htdocs\\nexelit\\@core\\vendor\\laravel\\framework\\src\\Illuminate\\Foundation\\Http\\Middleware\\TransformsRequest.php(21): Illuminate\\Pipeline\\Pipeline->Illuminate\\Pipeline\\{closure}(Object(Illuminate\\Http\\Request))
#54 E:\\xampp-8.2\\htdocs\\nexelit\\@core\\vendor\\laravel\\framework\\src\\Illuminate\\Foundation\\Http\\Middleware\\TrimStrings.php(51): Illuminate\\Foundation\\Http\\Middleware\\TransformsRequest->handle(Object(Illuminate\\Http\\Request), Object(Closure))
#55 E:\\xampp-8.2\\htdocs\\nexelit\\@core\\vendor\\laravel\\framework\\src\\Illuminate\\Pipeline\\Pipeline.php(219): Illuminate\\Foundation\\Http\\Middleware\\TrimStrings->handle(Object(Illuminate\\Http\\Request), Object(Closure))
#56 E:\\xampp-8.2\\htdocs\\nexelit\\@core\\vendor\\laravel\\framework\\src\\Illuminate\\Http\\Middleware\\ValidatePostSize.php(27): Illuminate\\Pipeline\\Pipeline->Illuminate\\Pipeline\\{closure}(Object(Illuminate\\Http\\Request))
#57 E:\\xampp-8.2\\htdocs\\nexelit\\@core\\vendor\\laravel\\framework\\src\\Illuminate\\Pipeline\\Pipeline.php(219): Illuminate\\Http\\Middleware\\ValidatePostSize->handle(Object(Illuminate\\Http\\Request), Object(Closure))
#58 E:\\xampp-8.2\\htdocs\\nexelit\\@core\\vendor\\laravel\\framework\\src\\Illuminate\\Foundation\\Http\\Middleware\\PreventRequestsDuringMaintenance.php(109): Illuminate\\Pipeline\\Pipeline->Illuminate\\Pipeline\\{closure}(Object(Illuminate\\Http\\Request))
#59 E:\\xampp-8.2\\htdocs\\nexelit\\@core\\vendor\\laravel\\framework\\src\\Illuminate\\Pipeline\\Pipeline.php(219): Illuminate\\Foundation\\Http\\Middleware\\PreventRequestsDuringMaintenance->handle(Object(Illuminate\\Http\\Request), Object(Closure))
#60 E:\\xampp-8.2\\htdocs\\nexelit\\@core\\vendor\\laravel\\framework\\src\\Illuminate\\Http\\Middleware\\TrustProxies.php(58): Illuminate\\Pipeline\\Pipeline->Illuminate\\Pipeline\\{closure}(Object(Illuminate\\Http\\Request))
#61 E:\\xampp-8.2\\htdocs\\nexelit\\@core\\vendor\\laravel\\framework\\src\\Illuminate\\Pipeline\\Pipeline.php(219): Illuminate\\Http\\Middleware\\TrustProxies->handle(Object(Illuminate\\Http\\Request), Object(Closure))
#62 E:\\xampp-8.2\\htdocs\\nexelit\\@core\\vendor\\laravel\\framework\\src\\Illuminate\\Pipeline\\Pipeline.php(137): Illuminate\\Pipeline\\Pipeline->Illuminate\\Pipeline\\{closure}(Object(Illuminate\\Http\\Request))
#63 E:\\xampp-8.2\\htdocs\\nexelit\\@core\\vendor\\laravel\\framework\\src\\Illuminate\\Foundation\\Http\\Kernel.php(175): Illuminate\\Pipeline\\Pipeline->then(Object(Closure))
#64 E:\\xampp-8.2\\htdocs\\nexelit\\@core\\vendor\\laravel\\framework\\src\\Illuminate\\Foundation\\Http\\Kernel.php(144): Illuminate\\Foundation\\Http\\Kernel->sendRequestThroughRouter(Object(Illuminate\\Http\\Request))
#65 E:\\xampp-8.2\\htdocs\\nexelit\\index.php(54): Illuminate\\Foundation\\Http\\Kernel->handle(Object(Illuminate\\Http\\Request))
#66 {main}
"} 
[2026-09-14 21:24:26] development.ERROR: View [frontend.home-pages.home-] not found. {"view":{"view":"E:\\xampp-8.2\\htdocs\\nexelit\\@core\\resources\\views\\frontend\\frontend-home.blade.php","data":{"home_page_variant":"<pre class=sf-dump id=sf-dump-857024731 data-indent-pad=\"  \"><span class=sf-dump-const>null</span>
</pre><script>Sfdump(\"sf-dump-857024731\", {\"maxDepth\":3,\"maxStringLength\":160})</script>
","errors":"<pre class=sf-dump id=sf-dump-2107034436 data-indent-pad=\"  \"><span class=sf-dump-note>Illuminate\\Support\\ViewErrorBag</span> {<a class=sf-dump-ref>#2042</a><samp data-depth=1 class=sf-dump-expanded>
  #<span class=sf-dump-protected title=\"Protected property\">bags</span>: []
</samp>}
</pre><script>Sfdump(\"sf-dump-2107034436\", {\"maxDepth\":3,\"maxStringLength\":160})</script>
","static_field_data":"<pre class=sf-dump id=sf-dump-1840730952 data-indent-pad=\"  \">[]
</pre><script>Sfdump(\"sf-dump-1840730952\", {\"maxDepth\":3,\"maxStringLength\":160})</script>
","all_header_slider":"<pre class=sf-dump id=sf-dump-1334027192 data-indent-pad=\"  \"><span class=sf-dump-note>Illuminate\\Database\\Eloquent\\Collection</span> {<a class=sf-dump-ref>#2607</a><samp data-depth=1 class=sf-dump-expanded>
  #<span class=sf-dump-protected title=\"Protected property\">items</span>: []
  #<span class=sf-dump-protected title=\"Protected property\">escapeWhenCastingToString</span>: <span class=sf-dump-const>false</span>
</samp>}
</pre><script>Sfdump(\"sf-dump-1334027192\", {\"maxDepth\":3,\"maxStringLength\":160})</script>
","all_counterup":"<pre class=sf-dump id=sf-dump-2048873342 data-indent-pad=\"  \"><span class=sf-dump-note>Illuminate\\Database\\Eloquent\\Collection</span> {<a class=sf-dump-ref>#2614</a><samp data-depth=1 class=sf-dump-expanded>
  #<span class=sf-dump-protected title=\"Protected property\">items</span>: []
  #<span class=sf-dump-protected title=\"Protected property\">escapeWhenCastingToString</span>: <span class=sf-dump-const>false</span>
</samp>}
</pre><script>Sfdump(\"sf-dump-2048873342\", {\"maxDepth\":3,\"maxStringLength\":160})</script>
","all_key_features":"<pre class=sf-dump id=sf-dump-1968030887 data-indent-pad=\"  \"><span class=sf-dump-note>Illuminate\\Database\\Eloquent\\Collection</span> {<a class=sf-dump-ref>#2622</a><samp data-depth=1 class=sf-dump-expanded>
  #<span class=sf-dump-protected title=\"Protected property\">items</span>: []
  #<span class=sf-dump-protected title=\"Protected property\">escapeWhenCastingToString</span>: <span class=sf-dump-const>false</span>
</samp>}
</pre><script>Sfdump(\"sf-dump-1968030887\", {\"maxDepth\":3,\"maxStringLength\":160})</script>
","all_service":"<pre class=sf-dump id=sf-dump-504365288 data-indent-pad=\"  \"><span class=sf-dump-note>Illuminate\\Database\\Eloquent\\Collection</span> {<a class=sf-dump-ref>#2617</a><samp data-depth=1 class=sf-dump-expanded>
  #<span class=sf-dump-protected title=\"Protected property\">items</span>: []
  #<span class=sf-dump-protected title=\"Protected property\">escapeWhenCastingToString</span>: <span class=sf-dump-const>false</span>
</samp>}
</pre><script>Sfdump(\"sf-dump-504365288\", {\"maxDepth\":3,\"maxStringLength\":160})</script>
","all_testimonial":"<pre class=sf-dump id=sf-dump-647162798 data-indent-pad=\"  \"><span class=sf-dump-note>Illuminate\\Database\\Eloquent\\Collection</span> {<a class=sf-dump-ref>#2640</a><samp data-depth=1 class=sf-dump-expanded>
  #<span class=sf-dump-protected title=\"Protected property\">items</span>: []
  #<span class=sf-dump-protected title=\"Protected property\">escapeWhenCastingToString</span>: <span class=sf-dump-const>false</span>
</samp>}
</pre><script>Sfdump(\"sf-dump-647162798\", {\"maxDepth\":3,\"maxStringLength\":160})</script>
","all_blog":"<pre class=sf-dump id=sf-dump-1397836355 data-indent-pad=\"  \"><span class=sf-dump-note>Illuminate\\Database\\Eloquent\\Collection</span> {<a class=sf-dump-ref>#2569</a><samp data-depth=1 class=sf-dump-expanded>
  #<span class=sf-dump-protected title=\"Protected property\">items</span>: []
  #<span class=sf-dump-protected title=\"Protected property\">escapeWhenCastingToString</span>: <span class=sf-dump-const>false</span>
</samp>}
</pre><script>Sfdump(\"sf-dump-1397836355\", {\"maxDepth\":3,\"maxStringLength\":160})</script>
","all_price_plan":"<pre class=sf-dump id=sf-dump-845730468 data-indent-pad=\"  \"><span class=sf-dump-note>Illuminate\\Database\\Eloquent\\Collection</span> {<a class=sf-dump-ref>#2634</a><samp data-depth=1 class=sf-dump-expanded>
  #<span class=sf-dump-protected title=\"Protected property\">items</span>: []
  #<span class=sf-dump-protected title=\"Protected property\">escapeWhenCastingToString</span>: <span class=sf-dump-const>false</span>
</samp>}
</pre><script>Sfdump(\"sf-dump-845730468\", {\"maxDepth\":3,\"maxStringLength\":160})</script>
","all_team_members":"<pre class=sf-dump id=sf-dump-537491530 data-indent-pad=\"  \"><span class=sf-dump-note>Illuminate\\Database\\Eloquent\\Collection</span> {<a class=sf-dump-ref>#2661</a><samp data-depth=1 class=sf-dump-expanded>
  #<span class=sf-dump-protected title=\"Protected property\">items</span>: []
  #<span class=sf-dump-protected title=\"Protected property\">escapeWhenCastingToString</span>: <span class=sf-dump-const>false</span>
</samp>}
</pre><script>Sfdump(\"sf-dump-537491530\", {\"maxDepth\":3,\"maxStringLength\":160})</script>
","all_brand_logo":"<pre class=sf-dump id=sf-dump-1553887580 data-indent-pad=\"  \"><span class=sf-dump-note>Illuminate\\Database\\Eloquent\\Collection</span> {<a class=sf-dump-ref>#2681</a><samp data-depth=1 class=sf-dump-expanded>
  #<span class=sf-dump-protected title=\"Protected property\">items</span>: []
  #<span class=sf-dump-protected title=\"Protected property\">escapeWhenCastingToString</span>: <span class=sf-dump-const>false</span>
</samp>}
</pre><script>Sfdump(\"sf-dump-1553887580\", {\"maxDepth\":3,\"maxStringLength\":160})</script>
","all_work_category":"<pre class=sf-dump id=sf-dump-129791595 data-indent-pad=\"  \"><span class=sf-dump-note>Illuminate\\Database\\Eloquent\\Collection</span> {<a class=sf-dump-ref>#2734</a><samp data-depth=1 class=sf-dump-expanded>
  #<span class=sf-dump-protected title=\"Protected property\">items</span>: []
  #<span class=sf-dump-protected title=\"Protected property\">escapeWhenCastingToString</span>: <span class=sf-dump-const>false</span>
</samp>}
</pre><script>Sfdump(\"sf-dump-129791595\", {\"maxDepth\":3,\"maxStringLength\":160})</script>
","all_work":"<pre class=sf-dump id=sf-dump-1687376872 data-indent-pad=\"  \"><span class=sf-dump-note>Illuminate\\Database\\Eloquent\\Collection</span> {<a class=sf-dump-ref>#2666</a><samp data-depth=1 class=sf-dump-expanded>
  #<span class=sf-dump-protected title=\"Protected property\">items</span>: []
  #<span class=sf-dump-protected title=\"Protected property\">escapeWhenCastingToString</span>: <span class=sf-dump-const>false</span>
</samp>}
</pre><script>Sfdump(\"sf-dump-1687376872\", {\"maxDepth\":3,\"maxStringLength\":160})</script>
","all_service_category":"<pre class=sf-dump id=sf-dump-1957581607 data-indent-pad=\"  \"><span class=sf-dump-note>Illuminate\\Database\\Eloquent\\Collection</span> {<a class=sf-dump-ref>#2691</a><samp data-depth=1 class=sf-dump-expanded>
  #<span class=sf-dump-protected title=\"Protected property\">items</span>: []
  #<span class=sf-dump-protected title=\"Protected property\">escapeWhenCastingToString</span>: <span class=sf-dump-const>false</span>
</samp>}
</pre><script>Sfdump(\"sf-dump-1957581607\", {\"maxDepth\":3,\"maxStringLength\":160})</script>
","all_contact_info":"<pre class=sf-dump id=sf-dump-145976563 data-indent-pad=\"  \"><span class=sf-dump-note>Illuminate\\Database\\Eloquent\\Collection</span> {<a class=sf-dump-ref>#2704</a><samp data-depth=1 class=sf-dump-expanded>
  #<span class=sf-dump-protected title=\"Protected property\">items</span>: []
  #<span class=sf-dump-protected title=\"Protected property\">escapeWhenCastingToString</span>: <span class=sf-dump-const>false</span>
</samp>}
</pre><script>Sfdump(\"sf-dump-145976563\", {\"maxDepth\":3,\"maxStringLength\":160})</script>
","global_static_field_data":"<pre class=sf-dump id=sf-dump-1135755224 data-indent-pad=\"  \">[]
</pre><script>Sfdump(\"sf-dump-1135755224\", {\"maxDepth\":3,\"maxStringLength\":160})</script>
","popup_details":"<pre class=sf-dump id=sf-dump-483882 data-indent-pad=\"  \"><span class=sf-dump-const>null</span>
</pre><script>Sfdump(\"sf-dump-483882\", {\"maxDepth\":3,\"maxStringLength\":160})</script>
","all_usefull_links":"<pre class=sf-dump id=sf-dump-1377029728 data-indent-pad=\"  \"><span class=sf-dump-const>null</span>
</pre><script>Sfdump(\"sf-dump-1377029728\", {\"maxDepth\":3,\"maxStringLength\":160})</script>
","all_important_links":"<pre class=sf-dump id=sf-dump-1997391031 data-indent-pad=\"  \"><span class=sf-dump-const>null</span>
</pre><script>Sfdump(\"sf-dump-1997391031\", {\"maxDepth\":3,\"maxStringLength\":160})</script>
","all_recent_post":"<pre class=sf-dump id=sf-dump-1856089138 data-indent-pad=\"  \"><span class=sf-dump-note>Illuminate\\Database\\Eloquent\\Collection</span> {<a class=sf-dump-ref>#2517</a><samp data-depth=1 class=sf-dump-expanded>
  #<span class=sf-dump-protected title=\"Protected property\">items</span>: []
  #<span class=sf-dump-protected title=\"Protected property\">escapeWhenCastingToString</span>: <span class=sf-dump-const>false</span>
</samp>}
</pre><script>Sfdump(\"sf-dump-1856089138\", {\"maxDepth\":3,\"maxStringLength\":160})</script>
","all_social_item":"<pre class=sf-dump id=sf-dump-1500149149 data-indent-pad=\"  \"><span class=sf-dump-note>Illuminate\\Database\\Eloquent\\Collection</span> {<a class=sf-dump-ref>#2485</a><samp data-depth=1 class=sf-dump-expanded>
  #<span class=sf-dump-protected title=\"Protected property\">items</span>: []
  #<span class=sf-dump-protected title=\"Protected property\">escapeWhenCastingToString</span>: <span class=sf-dump-const>false</span>
</samp>}
</pre><script>Sfdump(\"sf-dump-1500149149\", {\"maxDepth\":3,\"maxStringLength\":160})</script>
","all_language":"<pre class=sf-dump id=sf-dump-1001489350 data-indent-pad=\"  \"><span class=sf-dump-note>Illuminate\\Database\\Eloquent\\Collection</span> {<a class=sf-dump-ref>#2522</a><samp data-depth=1 class=sf-dump-expanded>
  #<span class=sf-dump-protected title=\"Protected property\">items</span>: <span class=sf-dump-note>array:1</span> [<samp data-depth=2 class=sf-dump-compact>
    <span class=sf-dump-index>0</span> => <span class=\"sf-dump-note sf-dump-ellipsization\" title=\"App\\Language
\"><span class=\"sf-dump-ellipsis sf-dump-ellipsis-note\">App</span><span class=\"sf-dump-ellipsis sf-dump-ellipsis-note\">\\</span><span class=\"sf-dump-ellipsis-tail\">Language</span></span> {<a class=sf-dump-ref>#2524</a><samp data-depth=3 class=sf-dump-compact>
      #<span class=sf-dump-protected title=\"Protected property\">connection</span>: \"<span class=sf-dump-str title=\"5 characters\">mysql</span>\"
      #<span class=sf-dump-protected title=\"Protected property\">table</span>: \"<span class=sf-dump-str title=\"9 characters\">languages</span>\"
      #<span class=sf-dump-protected title=\"Protected property\">primaryKey</span>: \"<span class=sf-dump-str title=\"2 characters\">id</span>\"
      #<span class=sf-dump-protected title=\"Protected property\">keyType</span>: \"<span class=sf-dump-str title=\"3 characters\">int</span>\"
      +<span class=sf-dump-public title=\"Public property\">incrementing</span>: <span class=sf-dump-const>true</span>
      #<span class=sf-dump-protected title=\"Protected property\">with</span>: []
      #<span class=sf-dump-protected title=\"Protected property\">withCount</span>: []
      +<span class=sf-dump-public title=\"Public property\">preventsLazyLoading</span>: <span class=sf-dump-const>false</span>
      #<span class=sf-dump-protected title=\"Protected property\">perPage</span>: <span class=sf-dump-num>15</span>
      +<span class=sf-dump-public title=\"Public property\">exists</span>: <span class=sf-dump-const>true</span>
      +<span class=sf-dump-public title=\"Public property\">wasRecentlyCreated</span>: <span class=sf-dump-const>false</span>
      #<span class=sf-dump-protected title=\"Protected property\">escapeWhenCastingToString</span>: <span class=sf-dump-const>false</span>
      #<span class=sf-dump-protected title=\"Protected property\">attributes</span>: <span class=sf-dump-note>array:8</span> [ &#8230;8]
      #<span class=sf-dump-protected title=\"Protected property\">original</span>: <span class=sf-dump-note>array:8</span> [ &#8230;8]
      #<span class=sf-dump-protected title=\"Protected property\">changes</span>: []
      #<span class=sf-dump-protected title=\"Protected property\">previous</span>: []
      #<span class=sf-dump-protected title=\"Protected property\">casts</span>: []
      #<span class=sf-dump-protected title=\"Protected property\">classCastCache</span>: []
      #<span class=sf-dump-protected title=\"Protected property\">attributeCastCache</span>: []
      #<span class=sf-dump-protected title=\"Protected property\">dateFormat</span>: <span class=sf-dump-const>null</span>
      #<span class=sf-dump-protected title=\"Protected property\">appends</span>: []
      #<span class=sf-dump-protected title=\"Protected property\">dispatchesEvents</span>: []
      #<span class=sf-dump-protected title=\"Protected property\">observables</span>: []
      #<span class=sf-dump-protected title=\"Protected property\">relations</span>: []
      #<span class=sf-dump-protected title=\"Protected property\">touches</span>: []
      #<span class=sf-dump-protected title=\"Protected property\">relationAutoloadCallback</span>: <span class=sf-dump-const>null</span>
      #<span class=sf-dump-protected title=\"Protected property\">relationAutoloadContext</span>: <span class=sf-dump-const>null</span>
      +<span class=sf-dump-public title=\"Public property\">timestamps</span>: <span class=sf-dump-const>true</span>
      +<span class=sf-dump-public title=\"Public property\">usesUniqueIds</span>: <span class=sf-dump-const>false</span>
      #<span class=sf-dump-protected title=\"Protected property\">hidden</span>: []
      #<span class=sf-dump-protected title=\"Protected property\">visible</span>: []
      #<span class=sf-dump-protected title=\"Protected property\">fillable</span>: <span class=sf-dump-note>array:5</span> [ &#8230;5]
      #<span class=sf-dump-protected title=\"Protected property\">guarded</span>: <span class=sf-dump-note>array:1</span> [ &#8230;1]
    </samp>}
  </samp>]
  #<span class=sf-dump-protected title=\"Protected property\">escapeWhenCastingToString</span>: <span class=sf-dump-const>false</span>
</samp>}
</pre><script>Sfdump(\"sf-dump-1001489350\", {\"maxDepth\":3,\"maxStringLength\":160})</script>
","primary_menu":"<pre class=sf-dump id=sf-dump-791553891 data-indent-pad=\"  \"><span class=sf-dump-const>null</span>
</pre><script>Sfdump(\"sf-dump-791553891\", {\"maxDepth\":3,\"maxStringLength\":160})</script>
","footer_widgets":"<pre class=sf-dump id=sf-dump-419812797 data-indent-pad=\"  \"><span class=sf-dump-note>Illuminate\\Database\\Eloquent\\Collection</span> {<a class=sf-dump-ref>#2544</a><samp data-depth=1 class=sf-dump-expanded>
  #<span class=sf-dump-protected title=\"Protected property\">items</span>: []
  #<span class=sf-dump-protected title=\"Protected property\">escapeWhenCastingToString</span>: <span class=sf-dump-const>false</span>
</samp>}
</pre><script>Sfdump(\"sf-dump-419812797\", {\"maxDepth\":3,\"maxStringLength\":160})</script>
","user_select_lang_slug":"<pre class=sf-dump id=sf-dump-2038586157 data-indent-pad=\"  \">\"<span class=sf-dump-str title=\"5 characters\">en_US</span>\"
</pre><script>Sfdump(\"sf-dump-2038586157\", {\"maxDepth\":3,\"maxStringLength\":160})</script>
"}},"exception":"[object] (Spatie\\LaravelIgnition\\Exceptions\\ViewException(code: 0): View [frontend.home-pages.home-] not found. at E:\\xampp-8.2\\htdocs\\nexelit\\@core\\vendor\\laravel\\framework\\src\\Illuminate\\View\\FileViewFinder.php:138)
[stacktrace]
#0 E:\\xampp-8.2\\htdocs\\nexelit\\@core\\vendor\\laravel\\framework\\src\\Illuminate\\View\\FileViewFinder.php(78): Illuminate\\View\\FileViewFinder->findInPaths('frontend.home-p...', Array)
#1 E:\\xampp-8.2\\htdocs\\nexelit\\@core\\vendor\\laravel\\framework\\src\\Illuminate\\View\\Factory.php(150): Illuminate\\View\\FileViewFinder->find('frontend.home-p...')
#2 E:\\xampp-8.2\\htdocs\\nexelit\\@core\\resources\\views\\frontend\\frontend-home.blade.php(10): Illuminate\\View\\Factory->make('frontend.home-p...', Array)
#3 E:\\xampp-8.2\\htdocs\\nexelit\\@core\\vendor\\laravel\\framework\\src\\Illuminate\\Filesystem\\Filesystem.php(123): require('E:\\\\xampp-8.2\\\\ht...')
#4 E:\\xampp-8.2\\htdocs\\nexelit\\@core\\vendor\\laravel\\framework\\src\\Illuminate\\Filesystem\\Filesystem.php(124): Illuminate\\Filesystem\\Filesystem::Illuminate\\Filesystem\\{closure}()
#5 E:\\xampp-8.2\\htdocs\\nexelit\\@core\\vendor\\laravel\\framework\\src\\Illuminate\\View\\Engines\\PhpEngine.php(57): Illuminate\\Filesystem\\Filesystem->getRequire('E:\\\\xampp-8.2\\\\ht...', Array)
#6 E:\\xampp-8.2\\htdocs\\nexelit\\@core\\vendor\\laravel\\framework\\src\\Illuminate\\View\\Engines\\CompilerEngine.php(76): Illuminate\\View\\Engines\\PhpEngine->evaluatePath('E:\\\\xampp-8.2\\\\ht...', Array)
#7 E:\\xampp-8.2\\htdocs\\nexelit\\@core\\vendor\\laravel\\framework\\src\\Illuminate\\View\\View.php(208): Illuminate\\View\\Engines\\CompilerEngine->get('E:\\\\xampp-8.2\\\\ht...', Array)
#8 E:\\xampp-8.2\\htdocs\\nexelit\\@core\\vendor\\laravel\\framework\\src\\Illuminate\\View\\View.php(191): Illuminate\\View\\View->getContents()
#9 E:\\xampp-8.2\\htdocs\\nexelit\\@core\\vendor\\laravel\\framework\\src\\Illuminate\\View\\View.php(160): Illuminate\\View\\View->renderContents()
#10 E:\\xampp-8.2\\htdocs\\nexelit\\@core\\vendor\\laravel\\framework\\src\\Illuminate\\Http\\Response.php(78): Illuminate\\View\\View->render()
#11 E:\\xampp-8.2\\htdocs\\nexelit\\@core\\vendor\\laravel\\framework\\src\\Illuminate\\Http\\Response.php(34): Illuminate\\Http\\Response->setContent(Object(Illuminate\\View\\View))
#12 E:\\xampp-8.2\\htdocs\\nexelit\\@core\\vendor\\laravel\\framework\\src\\Illuminate\\Routing\\Router.php(939): Illuminate\\Http\\Response->__construct(Object(Illuminate\\View\\View), 200, Array)
#13 E:\\xampp-8.2\\htdocs\\nexelit\\@core\\vendor\\laravel\\framework\\src\\Illuminate\\Routing\\Router.php(906): Illuminate\\Routing\\Router::toResponse(Object(Illuminate\\Http\\Request), Object(Illuminate\\View\\View))
#14 E:\\xampp-8.2\\htdocs\\nexelit\\@core\\vendor\\laravel\\framework\\src\\Illuminate\\Routing\\Router.php(821): Illuminate\\Routing\\Router->prepareResponse(Object(Illuminate\\Http\\Request), Object(Illuminate\\View\\View))
#15 E:\\xampp-8.2\\htdocs\\nexelit\\@core\\vendor\\laravel\\framework\\src\\Illuminate\\Pipeline\\Pipeline.php(180): Illuminate\\Routing\\Router->Illuminate\\Routing\\{closure}(Object(Illuminate\\Http\\Request))
#16 E:\\xampp-8.2\\htdocs\\nexelit\\@core\\app\\Http\\Middleware\\HtmlMinifier.php(13): Illuminate\\Pipeline\\Pipeline->Illuminate\\Pipeline\\{closure}(Object(Illuminate\\Http\\Request))
#17 E:\\xampp-8.2\\htdocs\\nexelit\\@core\\vendor\\laravel\\framework\\src\\Illuminate\\Pipeline\\Pipeline.php(219): App\\Http\\Middleware\\HtmlMinifier->handle(Object(Illuminate\\Http\\Request), Object(Closure), ':class')
#18 E:\\xampp-8.2\\htdocs\\nexelit\\@core\\app\\Http\\Middleware\\MaintainsMode.php(22): Illuminate\\Pipeline\\Pipeline->Illuminate\\Pipeline\\{closure}(Object(Illuminate\\Http\\Request))
#19 E:\\xampp-8.2\\htdocs\\nexelit\\@core\\vendor\\laravel\\framework\\src\\Illuminate\\Pipeline\\Pipeline.php(219): App\\Http\\Middleware\\MaintainsMode->handle(Object(Illuminate\\Http\\Request), Object(Closure))
#20 E:\\xampp-8.2\\htdocs\\nexelit\\@core\\app\\Http\\Middleware\\GlobalVariableMiddleware.php(145): Illuminate\\Pipeline\\Pipeline->Illuminate\\Pipeline\\{closure}(Object(Illuminate\\Http\\Request))
#21 E:\\xampp-8.2\\htdocs\\nexelit\\@core\\vendor\\laravel\\framework\\src\\Illuminate\\Pipeline\\Pipeline.php(219): App\\Http\\Middleware\\GlobalVariableMiddleware->handle(Object(Illuminate\\Http\\Request), Object(Closure))
#22 E:\\xampp-8.2\\htdocs\\nexelit\\@core\\app\\Http\\Middleware\\SetUserLanguages.php(35): Illuminate\\Pipeline\\Pipeline->Illuminate\\Pipeline\\{closure}(Object(Illuminate\\Http\\Request))
#23 E:\\xampp-8.2\\htdocs\\nexelit\\@core\\vendor\\laravel\\framework\\src\\Illuminate\\Pipeline\\Pipeline.php(219): App\\Http\\Middleware\\SetUserLanguages->handle(Object(Illuminate\\Http\\Request), Object(Closure), 'frontend')
#24 E:\\xampp-8.2\\htdocs\\nexelit\\@core\\vendor\\barryvdh\\laravel-debugbar\\src\\Middleware\\InjectDebugbar.php(66): Illuminate\\Pipeline\\Pipeline->Illuminate\\Pipeline\\{closure}(Object(Illuminate\\Http\\Request))
#25 E:\\xampp-8.2\\htdocs\\nexelit\\@core\\vendor\\laravel\\framework\\src\\Illuminate\\Pipeline\\Pipeline.php(219): Barryvdh\\Debugbar\\Middleware\\InjectDebugbar->handle(Object(Illuminate\\Http\\Request), Object(Closure))
#26 E:\\xampp-8.2\\htdocs\\nexelit\\@core\\vendor\\laravel\\framework\\src\\Illuminate\\Routing\\Middleware\\SubstituteBindings.php(50): Illuminate\\Pipeline\\Pipeline->Illuminate\\Pipeline\\{closure}(Object(Illuminate\\Http\\Request))
#27 E:\\xampp-8.2\\htdocs\\nexelit\\@core\\vendor\\laravel\\framework\\src\\Illuminate\\Pipeline\\Pipeline.php(219): Illuminate\\Routing\\Middleware\\SubstituteBindings->handle(Object(Illuminate\\Http\\Request), Object(Closure))
#28 E:\\xampp-8.2\\htdocs\\nexelit\\@core\\vendor\\laravel\\framework\\src\\Illuminate\\Foundation\\Http\\Middleware\\VerifyCsrfToken.php(87): Illuminate\\Pipeline\\Pipeline->Illuminate\\Pipeline\\{closure}(Object(Illuminate\\Http\\Request))
#29 E:\\xampp-8.2\\htdocs\\nexelit\\@core\\vendor\\laravel\\framework\\src\\Illuminate\\Pipeline\\Pipeline.php(219): Illuminate\\Foundation\\Http\\Middleware\\VerifyCsrfToken->handle(Object(Illuminate\\Http\\Request), Object(Closure))
#30 E:\\xampp-8.2\\htdocs\\nexelit\\@core\\vendor\\laravel\\framework\\src\\Illuminate\\View\\Middleware\\ShareErrorsFromSession.php(48): Illuminate\\Pipeline\\Pipeline->Illuminate\\Pipeline\\{closure}(Object(Illuminate\\Http\\Request))
#31 E:\\xampp-8.2\\htdocs\\nexelit\\@core\\vendor\\laravel\\framework\\src\\Illuminate\\Pipeline\\Pipeline.php(219): Illuminate\\View\\Middleware\\ShareErrorsFromSession->handle(Object(Illuminate\\Http\\Request), Object(Closure))
#32 E:\\xampp-8.2\\htdocs\\nexelit\\@core\\vendor\\laravel\\framework\\src\\Illuminate\\Session\\Middleware\\StartSession.php(120): Illuminate\\Pipeline\\Pipeline->Illuminate\\Pipeline\\{closure}(Object(Illuminate\\Http\\Request))
#33 E:\\xampp-8.2\\htdocs\\nexelit\\@core\\vendor\\laravel\\framework\\src\\Illuminate\\Session\\Middleware\\StartSession.php(63): Illuminate\\Session\\Middleware\\StartSession->handleStatefulRequest(Object(Illuminate\\Http\\Request), Object(Illuminate\\Session\\Store), Object(Closure))
#34 E:\\xampp-8.2\\htdocs\\nexelit\\@core\\vendor\\laravel\\framework\\src\\Illuminate\\Pipeline\\Pipeline.php(219): Illuminate\\Session\\Middleware\\StartSession->handle(Object(Illuminate\\Http\\Request), Object(Closure))
#35 E:\\xampp-8.2\\htdocs\\nexelit\\@core\\vendor\\laravel\\framework\\src\\Illuminate\\Cookie\\Middleware\\AddQueuedCookiesToResponse.php(36): Illuminate\\Pipeline\\Pipeline->Illuminate\\Pipeline\\{closure}(Object(Illuminate\\Http\\Request))
#36 E:\\xampp-8.2\\htdocs\\nexelit\\@core\\vendor\\laravel\\framework\\src\\Illuminate\\Pipeline\\Pipeline.php(219): Illuminate\\Cookie\\Middleware\\AddQueuedCookiesToResponse->handle(Object(Illuminate\\Http\\Request), Object(Closure))
#37 E:\\xampp-8.2\\htdocs\\nexelit\\@core\\vendor\\laravel\\framework\\src\\Illuminate\\Cookie\\Middleware\\EncryptCookies.php(74): Illuminate\\Pipeline\\Pipeline->Illuminate\\Pipeline\\{closure}(Object(Illuminate\\Http\\Request))
#38 E:\\xampp-8.2\\htdocs\\nexelit\\@core\\vendor\\laravel\\framework\\src\\Illuminate\\Pipeline\\Pipeline.php(219): Illuminate\\Cookie\\Middleware\\EncryptCookies->handle(Object(Illuminate\\Http\\Request), Object(Closure))
#39 E:\\xampp-8.2\\htdocs\\nexelit\\@core\\vendor\\laravel\\framework\\src\\Illuminate\\Pipeline\\Pipeline.php(137): Illuminate\\Pipeline\\Pipeline->Illuminate\\Pipeline\\{closure}(Object(Illuminate\\Http\\Request))
#40 E:\\xampp-8.2\\htdocs\\nexelit\\@core\\vendor\\laravel\\framework\\src\\Illuminate\\Routing\\Router.php(821): Illuminate\\Pipeline\\Pipeline->then(Object(Closure))
#41 E:\\xampp-8.2\\htdocs\\nexelit\\@core\\vendor\\laravel\\framework\\src\\Illuminate\\Routing\\Router.php(800): Illuminate\\Routing\\Router->runRouteWithinStack(Object(Illuminate\\Routing\\Route), Object(Illuminate\\Http\\Request))
#42 E:\\xampp-8.2\\htdocs\\nexelit\\@core\\vendor\\laravel\\framework\\src\\Illuminate\\Routing\\Router.php(764): Illuminate\\Routing\\Router->runRoute(Object(Illuminate\\Http\\Request), Object(Illuminate\\Routing\\Route))
#43 E:\\xampp-8.2\\htdocs\\nexelit\\@core\\vendor\\laravel\\framework\\src\\Illuminate\\Routing\\Router.php(753): Illuminate\\Routing\\Router->dispatchToRoute(Object(Illuminate\\Http\\Request))
#44 E:\\xampp-8.2\\htdocs\\nexelit\\@core\\vendor\\laravel\\framework\\src\\Illuminate\\Foundation\\Http\\Kernel.php(200): Illuminate\\Routing\\Router->dispatch(Object(Illuminate\\Http\\Request))
#45 E:\\xampp-8.2\\htdocs\\nexelit\\@core\\vendor\\laravel\\framework\\src\\Illuminate\\Pipeline\\Pipeline.php(180): Illuminate\\Foundation\\Http\\Kernel->Illuminate\\Foundation\\Http\\{closure}(Object(Illuminate\\Http\\Request))
#46 E:\\xampp-8.2\\htdocs\\nexelit\\@core\\vendor\\barryvdh\\laravel-debugbar\\src\\Middleware\\InjectDebugbar.php(66): Illuminate\\Pipeline\\Pipeline->Illuminate\\Pipeline\\{closure}(Object(Illuminate\\Http\\Request))
#47 E:\\xampp-8.2\\htdocs\\nexelit\\@core\\vendor\\laravel\\framework\\src\\Illuminate\\Pipeline\\Pipeline.php(219): Barryvdh\\Debugbar\\Middleware\\InjectDebugbar->handle(Object(Illuminate\\Http\\Request), Object(Closure))
#48 E:\\xampp-8.2\\htdocs\\nexelit\\@core\\vendor\\xgenious\\installer\\src\\Http\\Middleware\\InstallerMiddleware.php(18): Illuminate\\Pipeline\\Pipeline->Illuminate\\Pipeline\\{closure}(Object(Illuminate\\Http\\Request))
#49 E:\\xampp-8.2\\htdocs\\nexelit\\@core\\vendor\\laravel\\framework\\src\\Illuminate\\Pipeline\\Pipeline.php(219): Xgenious\\Installer\\Http\\Middleware\\InstallerMiddleware->handle(Object(Illuminate\\Http\\Request), Object(Closure))
#50 E:\\xampp-8.2\\htdocs\\nexelit\\@core\\vendor\\laravel\\framework\\src\\Illuminate\\Foundation\\Http\\Middleware\\TransformsRequest.php(21): Illuminate\\Pipeline\\Pipeline->Illuminate\\Pipeline\\{closure}(Object(Illuminate\\Http\\Request))
#51 E:\\xampp-8.2\\htdocs\\nexelit\\@core\\vendor\\laravel\\framework\\src\\Illuminate\\Foundation\\Http\\Middleware\\ConvertEmptyStringsToNull.php(31): Illuminate\\Foundation\\Http\\Middleware\\TransformsRequest->handle(Object(Illuminate\\Http\\Request), Object(Closure))
#52 E:\\xampp-8.2\\htdocs\\nexelit\\@core\\vendor\\laravel\\framework\\src\\Illuminate\\Pipeline\\Pipeline.php(219): Illuminate\\Foundation\\Http\\Middleware\\ConvertEmptyStringsToNull->handle(Object(Illuminate\\Http\\Request), Object(Closure))
#53 E:\\xampp-8.2\\htdocs\\nexelit\\@core\\vendor\\laravel\\framework\\src\\Illuminate\\Foundation\\Http\\Middleware\\TransformsRequest.php(21): Illuminate\\Pipeline\\Pipeline->Illuminate\\Pipeline\\{closure}(Object(Illuminate\\Http\\Request))
#54 E:\\xampp-8.2\\htdocs\\nexelit\\@core\\vendor\\laravel\\framework\\src\\Illuminate\\Foundation\\Http\\Middleware\\TrimStrings.php(51): Illuminate\\Foundation\\Http\\Middleware\\TransformsRequest->handle(Object(Illuminate\\Http\\Request), Object(Closure))
#55 E:\\xampp-8.2\\htdocs\\nexelit\\@core\\vendor\\laravel\\framework\\src\\Illuminate\\Pipeline\\Pipeline.php(219): Illuminate\\Foundation\\Http\\Middleware\\TrimStrings->handle(Object(Illuminate\\Http\\Request), Object(Closure))
#56 E:\\xampp-8.2\\htdocs\\nexelit\\@core\\vendor\\laravel\\framework\\src\\Illuminate\\Http\\Middleware\\ValidatePostSize.php(27): Illuminate\\Pipeline\\Pipeline->Illuminate\\Pipeline\\{closure}(Object(Illuminate\\Http\\Request))
#57 E:\\xampp-8.2\\htdocs\\nexelit\\@core\\vendor\\laravel\\framework\\src\\Illuminate\\Pipeline\\Pipeline.php(219): Illuminate\\Http\\Middleware\\ValidatePostSize->handle(Object(Illuminate\\Http\\Request), Object(Closure))
#58 E:\\xampp-8.2\\htdocs\\nexelit\\@core\\vendor\\laravel\\framework\\src\\Illuminate\\Foundation\\Http\\Middleware\\PreventRequestsDuringMaintenance.php(109): Illuminate\\Pipeline\\Pipeline->Illuminate\\Pipeline\\{closure}(Object(Illuminate\\Http\\Request))
#59 E:\\xampp-8.2\\htdocs\\nexelit\\@core\\vendor\\laravel\\framework\\src\\Illuminate\\Pipeline\\Pipeline.php(219): Illuminate\\Foundation\\Http\\Middleware\\PreventRequestsDuringMaintenance->handle(Object(Illuminate\\Http\\Request), Object(Closure))
#60 E:\\xampp-8.2\\htdocs\\nexelit\\@core\\vendor\\laravel\\framework\\src\\Illuminate\\Http\\Middleware\\TrustProxies.php(58): Illuminate\\Pipeline\\Pipeline->Illuminate\\Pipeline\\{closure}(Object(Illuminate\\Http\\Request))
#61 E:\\xampp-8.2\\htdocs\\nexelit\\@core\\vendor\\laravel\\framework\\src\\Illuminate\\Pipeline\\Pipeline.php(219): Illuminate\\Http\\Middleware\\TrustProxies->handle(Object(Illuminate\\Http\\Request), Object(Closure))
#62 E:\\xampp-8.2\\htdocs\\nexelit\\@core\\vendor\\laravel\\framework\\src\\Illuminate\\Pipeline\\Pipeline.php(137): Illuminate\\Pipeline\\Pipeline->Illuminate\\Pipeline\\{closure}(Object(Illuminate\\Http\\Request))
#63 E:\\xampp-8.2\\htdocs\\nexelit\\@core\\vendor\\laravel\\framework\\src\\Illuminate\\Foundation\\Http\\Kernel.php(175): Illuminate\\Pipeline\\Pipeline->then(Object(Closure))
#64 E:\\xampp-8.2\\htdocs\\nexelit\\@core\\vendor\\laravel\\framework\\src\\Illuminate\\Foundation\\Http\\Kernel.php(144): Illuminate\\Foundation\\Http\\Kernel->sendRequestThroughRouter(Object(Illuminate\\Http\\Request))
#65 E:\\xampp-8.2\\htdocs\\nexelit\\index.php(54): Illuminate\\Foundation\\Http\\Kernel->handle(Object(Illuminate\\Http\\Request))
#66 {main}

[previous exception] [object] (InvalidArgumentException(code: 0): View [frontend.home-pages.home-] not found. at E:\\xampp-8.2\\htdocs\\nexelit\\@core\\vendor\\laravel\\framework\\src\\Illuminate\\View\\FileViewFinder.php:138)
[stacktrace]
#0 E:\\xampp-8.2\\htdocs\\nexelit\\@core\\vendor\\laravel\\framework\\src\\Illuminate\\View\\FileViewFinder.php(78): Illuminate\\View\\FileViewFinder->findInPaths('frontend.home-p...', Array)
#1 E:\\xampp-8.2\\htdocs\\nexelit\\@core\\vendor\\laravel\\framework\\src\\Illuminate\\View\\Factory.php(150): Illuminate\\View\\FileViewFinder->find('frontend.home-p...')
#2 E:\\xampp-8.2\\htdocs\\nexelit\\@core\\storage\\framework\\views\\32513d16c9966f9aa270a4c716f8d139.php(8): Illuminate\\View\\Factory->make('frontend.home-p...', Array)
#3 E:\\xampp-8.2\\htdocs\\nexelit\\@core\\vendor\\laravel\\framework\\src\\Illuminate\\Filesystem\\Filesystem.php(123): require('E:\\\\xampp-8.2\\\\ht...')
#4 E:\\xampp-8.2\\htdocs\\nexelit\\@core\\vendor\\laravel\\framework\\src\\Illuminate\\Filesystem\\Filesystem.php(124): Illuminate\\Filesystem\\Filesystem::Illuminate\\Filesystem\\{closure}()
#5 E:\\xampp-8.2\\htdocs\\nexelit\\@core\\vendor\\laravel\\framework\\src\\Illuminate\\View\\Engines\\PhpEngine.php(57): Illuminate\\Filesystem\\Filesystem->getRequire('E:\\\\xampp-8.2\\\\ht...', Array)
#6 E:\\xampp-8.2\\htdocs\\nexelit\\@core\\vendor\\laravel\\framework\\src\\Illuminate\\View\\Engines\\CompilerEngine.php(76): Illuminate\\View\\Engines\\PhpEngine->evaluatePath('E:\\\\xampp-8.2\\\\ht...', Array)
#7 E:\\xampp-8.2\\htdocs\\nexelit\\@core\\vendor\\laravel\\framework\\src\\Illuminate\\View\\View.php(208): Illuminate\\View\\Engines\\CompilerEngine->get('E:\\\\xampp-8.2\\\\ht...', Array)
#8 E:\\xampp-8.2\\htdocs\\nexelit\\@core\\vendor\\laravel\\framework\\src\\Illuminate\\View\\View.php(191): Illuminate\\View\\View->getContents()
#9 E:\\xampp-8.2\\htdocs\\nexelit\\@core\\vendor\\laravel\\framework\\src\\Illuminate\\View\\View.php(160): Illuminate\\View\\View->renderContents()
#10 E:\\xampp-8.2\\htdocs\\nexelit\\@core\\vendor\\laravel\\framework\\src\\Illuminate\\Http\\Response.php(78): Illuminate\\View\\View->render()
#11 E:\\xampp-8.2\\htdocs\\nexelit\\@core\\vendor\\laravel\\framework\\src\\Illuminate\\Http\\Response.php(34): Illuminate\\Http\\Response->setContent(Object(Illuminate\\View\\View))
#12 E:\\xampp-8.2\\htdocs\\nexelit\\@core\\vendor\\laravel\\framework\\src\\Illuminate\\Routing\\Router.php(939): Illuminate\\Http\\Response->__construct(Object(Illuminate\\View\\View), 200, Array)
#13 E:\\xampp-8.2\\htdocs\\nexelit\\@core\\vendor\\laravel\\framework\\src\\Illuminate\\Routing\\Router.php(906): Illuminate\\Routing\\Router::toResponse(Object(Illuminate\\Http\\Request), Object(Illuminate\\View\\View))
#14 E:\\xampp-8.2\\htdocs\\nexelit\\@core\\vendor\\laravel\\framework\\src\\Illuminate\\Routing\\Router.php(821): Illuminate\\Routing\\Router->prepareResponse(Object(Illuminate\\Http\\Request), Object(Illuminate\\View\\View))
#15 E:\\xampp-8.2\\htdocs\\nexelit\\@core\\vendor\\laravel\\framework\\src\\Illuminate\\Pipeline\\Pipeline.php(180): Illuminate\\Routing\\Router->Illuminate\\Routing\\{closure}(Object(Illuminate\\Http\\Request))
#16 E:\\xampp-8.2\\htdocs\\nexelit\\@core\\app\\Http\\Middleware\\HtmlMinifier.php(13): Illuminate\\Pipeline\\Pipeline->Illuminate\\Pipeline\\{closure}(Object(Illuminate\\Http\\Request))
#17 E:\\xampp-8.2\\htdocs\\nexelit\\@core\\vendor\\laravel\\framework\\src\\Illuminate\\Pipeline\\Pipeline.php(219): App\\Http\\Middleware\\HtmlMinifier->handle(Object(Illuminate\\Http\\Request), Object(Closure), ':class')
#18 E:\\xampp-8.2\\htdocs\\nexelit\\@core\\app\\Http\\Middleware\\MaintainsMode.php(22): Illuminate\\Pipeline\\Pipeline->Illuminate\\Pipeline\\{closure}(Object(Illuminate\\Http\\Request))
#19 E:\\xampp-8.2\\htdocs\\nexelit\\@core\\vendor\\laravel\\framework\\src\\Illuminate\\Pipeline\\Pipeline.php(219): App\\Http\\Middleware\\MaintainsMode->handle(Object(Illuminate\\Http\\Request), Object(Closure))
#20 E:\\xampp-8.2\\htdocs\\nexelit\\@core\\app\\Http\\Middleware\\GlobalVariableMiddleware.php(145): Illuminate\\Pipeline\\Pipeline->Illuminate\\Pipeline\\{closure}(Object(Illuminate\\Http\\Request))
#21 E:\\xampp-8.2\\htdocs\\nexelit\\@core\\vendor\\laravel\\framework\\src\\Illuminate\\Pipeline\\Pipeline.php(219): App\\Http\\Middleware\\GlobalVariableMiddleware->handle(Object(Illuminate\\Http\\Request), Object(Closure))
#22 E:\\xampp-8.2\\htdocs\\nexelit\\@core\\app\\Http\\Middleware\\SetUserLanguages.php(35): Illuminate\\Pipeline\\Pipeline->Illuminate\\Pipeline\\{closure}(Object(Illuminate\\Http\\Request))
#23 E:\\xampp-8.2\\htdocs\\nexelit\\@core\\vendor\\laravel\\framework\\src\\Illuminate\\Pipeline\\Pipeline.php(219): App\\Http\\Middleware\\SetUserLanguages->handle(Object(Illuminate\\Http\\Request), Object(Closure), 'frontend')
#24 E:\\xampp-8.2\\htdocs\\nexelit\\@core\\vendor\\barryvdh\\laravel-debugbar\\src\\Middleware\\InjectDebugbar.php(66): Illuminate\\Pipeline\\Pipeline->Illuminate\\Pipeline\\{closure}(Object(Illuminate\\Http\\Request))
#25 E:\\xampp-8.2\\htdocs\\nexelit\\@core\\vendor\\laravel\\framework\\src\\Illuminate\\Pipeline\\Pipeline.php(219): Barryvdh\\Debugbar\\Middleware\\InjectDebugbar->handle(Object(Illuminate\\Http\\Request), Object(Closure))
#26 E:\\xampp-8.2\\htdocs\\nexelit\\@core\\vendor\\laravel\\framework\\src\\Illuminate\\Routing\\Middleware\\SubstituteBindings.php(50): Illuminate\\Pipeline\\Pipeline->Illuminate\\Pipeline\\{closure}(Object(Illuminate\\Http\\Request))
#27 E:\\xampp-8.2\\htdocs\\nexelit\\@core\\vendor\\laravel\\framework\\src\\Illuminate\\Pipeline\\Pipeline.php(219): Illuminate\\Routing\\Middleware\\SubstituteBindings->handle(Object(Illuminate\\Http\\Request), Object(Closure))
#28 E:\\xampp-8.2\\htdocs\\nexelit\\@core\\vendor\\laravel\\framework\\src\\Illuminate\\Foundation\\Http\\Middleware\\VerifyCsrfToken.php(87): Illuminate\\Pipeline\\Pipeline->Illuminate\\Pipeline\\{closure}(Object(Illuminate\\Http\\Request))
#29 E:\\xampp-8.2\\htdocs\\nexelit\\@core\\vendor\\laravel\\framework\\src\\Illuminate\\Pipeline\\Pipeline.php(219): Illuminate\\Foundation\\Http\\Middleware\\VerifyCsrfToken->handle(Object(Illuminate\\Http\\Request), Object(Closure))
#30 E:\\xampp-8.2\\htdocs\\nexelit\\@core\\vendor\\laravel\\framework\\src\\Illuminate\\View\\Middleware\\ShareErrorsFromSession.php(48): Illuminate\\Pipeline\\Pipeline->Illuminate\\Pipeline\\{closure}(Object(Illuminate\\Http\\Request))
#31 E:\\xampp-8.2\\htdocs\\nexelit\\@core\\vendor\\laravel\\framework\\src\\Illuminate\\Pipeline\\Pipeline.php(219): Illuminate\\View\\Middleware\\ShareErrorsFromSession->handle(Object(Illuminate\\Http\\Request), Object(Closure))
#32 E:\\xampp-8.2\\htdocs\\nexelit\\@core\\vendor\\laravel\\framework\\src\\Illuminate\\Session\\Middleware\\StartSession.php(120): Illuminate\\Pipeline\\Pipeline->Illuminate\\Pipeline\\{closure}(Object(Illuminate\\Http\\Request))
#33 E:\\xampp-8.2\\htdocs\\nexelit\\@core\\vendor\\laravel\\framework\\src\\Illuminate\\Session\\Middleware\\StartSession.php(63): Illuminate\\Session\\Middleware\\StartSession->handleStatefulRequest(Object(Illuminate\\Http\\Request), Object(Illuminate\\Session\\Store), Object(Closure))
#34 E:\\xampp-8.2\\htdocs\\nexelit\\@core\\vendor\\laravel\\framework\\src\\Illuminate\\Pipeline\\Pipeline.php(219): Illuminate\\Session\\Middleware\\StartSession->handle(Object(Illuminate\\Http\\Request), Object(Closure))
#35 E:\\xampp-8.2\\htdocs\\nexelit\\@core\\vendor\\laravel\\framework\\src\\Illuminate\\Cookie\\Middleware\\AddQueuedCookiesToResponse.php(36): Illuminate\\Pipeline\\Pipeline->Illuminate\\Pipeline\\{closure}(Object(Illuminate\\Http\\Request))
#36 E:\\xampp-8.2\\htdocs\\nexelit\\@core\\vendor\\laravel\\framework\\src\\Illuminate\\Pipeline\\Pipeline.php(219): Illuminate\\Cookie\\Middleware\\AddQueuedCookiesToResponse->handle(Object(Illuminate\\Http\\Request), Object(Closure))
#37 E:\\xampp-8.2\\htdocs\\nexelit\\@core\\vendor\\laravel\\framework\\src\\Illuminate\\Cookie\\Middleware\\EncryptCookies.php(74): Illuminate\\Pipeline\\Pipeline->Illuminate\\Pipeline\\{closure}(Object(Illuminate\\Http\\Request))
#38 E:\\xampp-8.2\\htdocs\\nexelit\\@core\\vendor\\laravel\\framework\\src\\Illuminate\\Pipeline\\Pipeline.php(219): Illuminate\\Cookie\\Middleware\\EncryptCookies->handle(Object(Illuminate\\Http\\Request), Object(Closure))
#39 E:\\xampp-8.2\\htdocs\\nexelit\\@core\\vendor\\laravel\\framework\\src\\Illuminate\\Pipeline\\Pipeline.php(137): Illuminate\\Pipeline\\Pipeline->Illuminate\\Pipeline\\{closure}(Object(Illuminate\\Http\\Request))
#40 E:\\xampp-8.2\\htdocs\\nexelit\\@core\\vendor\\laravel\\framework\\src\\Illuminate\\Routing\\Router.php(821): Illuminate\\Pipeline\\Pipeline->then(Object(Closure))
#41 E:\\xampp-8.2\\htdocs\\nexelit\\@core\\vendor\\laravel\\framework\\src\\Illuminate\\Routing\\Router.php(800): Illuminate\\Routing\\Router->runRouteWithinStack(Object(Illuminate\\Routing\\Route), Object(Illuminate\\Http\\Request))
#42 E:\\xampp-8.2\\htdocs\\nexelit\\@core\\vendor\\laravel\\framework\\src\\Illuminate\\Routing\\Router.php(764): Illuminate\\Routing\\Router->runRoute(Object(Illuminate\\Http\\Request), Object(Illuminate\\Routing\\Route))
#43 E:\\xampp-8.2\\htdocs\\nexelit\\@core\\vendor\\laravel\\framework\\src\\Illuminate\\Routing\\Router.php(753): Illuminate\\Routing\\Router->dispatchToRoute(Object(Illuminate\\Http\\Request))
#44 E:\\xampp-8.2\\htdocs\\nexelit\\@core\\vendor\\laravel\\framework\\src\\Illuminate\\Foundation\\Http\\Kernel.php(200): Illuminate\\Routing\\Router->dispatch(Object(Illuminate\\Http\\Request))
#45 E:\\xampp-8.2\\htdocs\\nexelit\\@core\\vendor\\laravel\\framework\\src\\Illuminate\\Pipeline\\Pipeline.php(180): Illuminate\\Foundation\\Http\\Kernel->Illuminate\\Foundation\\Http\\{closure}(Object(Illuminate\\Http\\Request))
#46 E:\\xampp-8.2\\htdocs\\nexelit\\@core\\vendor\\barryvdh\\laravel-debugbar\\src\\Middleware\\InjectDebugbar.php(66): Illuminate\\Pipeline\\Pipeline->Illuminate\\Pipeline\\{closure}(Object(Illuminate\\Http\\Request))
#47 E:\\xampp-8.2\\htdocs\\nexelit\\@core\\vendor\\laravel\\framework\\src\\Illuminate\\Pipeline\\Pipeline.php(219): Barryvdh\\Debugbar\\Middleware\\InjectDebugbar->handle(Object(Illuminate\\Http\\Request), Object(Closure))
#48 E:\\xampp-8.2\\htdocs\\nexelit\\@core\\vendor\\xgenious\\installer\\src\\Http\\Middleware\\InstallerMiddleware.php(18): Illuminate\\Pipeline\\Pipeline->Illuminate\\Pipeline\\{closure}(Object(Illuminate\\Http\\Request))
#49 E:\\xampp-8.2\\htdocs\\nexelit\\@core\\vendor\\laravel\\framework\\src\\Illuminate\\Pipeline\\Pipeline.php(219): Xgenious\\Installer\\Http\\Middleware\\InstallerMiddleware->handle(Object(Illuminate\\Http\\Request), Object(Closure))
#50 E:\\xampp-8.2\\htdocs\\nexelit\\@core\\vendor\\laravel\\framework\\src\\Illuminate\\Foundation\\Http\\Middleware\\TransformsRequest.php(21): Illuminate\\Pipeline\\Pipeline->Illuminate\\Pipeline\\{closure}(Object(Illuminate\\Http\\Request))
#51 E:\\xampp-8.2\\htdocs\\nexelit\\@core\\vendor\\laravel\\framework\\src\\Illuminate\\Foundation\\Http\\Middleware\\ConvertEmptyStringsToNull.php(31): Illuminate\\Foundation\\Http\\Middleware\\TransformsRequest->handle(Object(Illuminate\\Http\\Request), Object(Closure))
#52 E:\\xampp-8.2\\htdocs\\nexelit\\@core\\vendor\\laravel\\framework\\src\\Illuminate\\Pipeline\\Pipeline.php(219): Illuminate\\Foundation\\Http\\Middleware\\ConvertEmptyStringsToNull->handle(Object(Illuminate\\Http\\Request), Object(Closure))
#53 E:\\xampp-8.2\\htdocs\\nexelit\\@core\\vendor\\laravel\\framework\\src\\Illuminate\\Foundation\\Http\\Middleware\\TransformsRequest.php(21): Illuminate\\Pipeline\\Pipeline->Illuminate\\Pipeline\\{closure}(Object(Illuminate\\Http\\Request))
#54 E:\\xampp-8.2\\htdocs\\nexelit\\@core\\vendor\\laravel\\framework\\src\\Illuminate\\Foundation\\Http\\Middleware\\TrimStrings.php(51): Illuminate\\Foundation\\Http\\Middleware\\TransformsRequest->handle(Object(Illuminate\\Http\\Request), Object(Closure))
#55 E:\\xampp-8.2\\htdocs\\nexelit\\@core\\vendor\\laravel\\framework\\src\\Illuminate\\Pipeline\\Pipeline.php(219): Illuminate\\Foundation\\Http\\Middleware\\TrimStrings->handle(Object(Illuminate\\Http\\Request), Object(Closure))
#56 E:\\xampp-8.2\\htdocs\\nexelit\\@core\\vendor\\laravel\\framework\\src\\Illuminate\\Http\\Middleware\\ValidatePostSize.php(27): Illuminate\\Pipeline\\Pipeline->Illuminate\\Pipeline\\{closure}(Object(Illuminate\\Http\\Request))
#57 E:\\xampp-8.2\\htdocs\\nexelit\\@core\\vendor\\laravel\\framework\\src\\Illuminate\\Pipeline\\Pipeline.php(219): Illuminate\\Http\\Middleware\\ValidatePostSize->handle(Object(Illuminate\\Http\\Request), Object(Closure))
#58 E:\\xampp-8.2\\htdocs\\nexelit\\@core\\vendor\\laravel\\framework\\src\\Illuminate\\Foundation\\Http\\Middleware\\PreventRequestsDuringMaintenance.php(109): Illuminate\\Pipeline\\Pipeline->Illuminate\\Pipeline\\{closure}(Object(Illuminate\\Http\\Request))
#59 E:\\xampp-8.2\\htdocs\\nexelit\\@core\\vendor\\laravel\\framework\\src\\Illuminate\\Pipeline\\Pipeline.php(219): Illuminate\\Foundation\\Http\\Middleware\\PreventRequestsDuringMaintenance->handle(Object(Illuminate\\Http\\Request), Object(Closure))
#60 E:\\xampp-8.2\\htdocs\\nexelit\\@core\\vendor\\laravel\\framework\\src\\Illuminate\\Http\\Middleware\\TrustProxies.php(58): Illuminate\\Pipeline\\Pipeline->Illuminate\\Pipeline\\{closure}(Object(Illuminate\\Http\\Request))
#61 E:\\xampp-8.2\\htdocs\\nexelit\\@core\\vendor\\laravel\\framework\\src\\Illuminate\\Pipeline\\Pipeline.php(219): Illuminate\\Http\\Middleware\\TrustProxies->handle(Object(Illuminate\\Http\\Request), Object(Closure))
#62 E:\\xampp-8.2\\htdocs\\nexelit\\@core\\vendor\\laravel\\framework\\src\\Illuminate\\Pipeline\\Pipeline.php(137): Illuminate\\Pipeline\\Pipeline->Illuminate\\Pipeline\\{closure}(Object(Illuminate\\Http\\Request))
#63 E:\\xampp-8.2\\htdocs\\nexelit\\@core\\vendor\\laravel\\framework\\src\\Illuminate\\Foundation\\Http\\Kernel.php(175): Illuminate\\Pipeline\\Pipeline->then(Object(Closure))
#64 E:\\xampp-8.2\\htdocs\\nexelit\\@core\\vendor\\laravel\\framework\\src\\Illuminate\\Foundation\\Http\\Kernel.php(144): Illuminate\\Foundation\\Http\\Kernel->sendRequestThroughRouter(Object(Illuminate\\Http\\Request))
#65 E:\\xampp-8.2\\htdocs\\nexelit\\index.php(54): Illuminate\\Foundation\\Http\\Kernel->handle(Object(Illuminate\\Http\\Request))
#66 {main}
"} 
[2026-09-14 21:25:06] development.ERROR: View [frontend.home-pages.home-] not found. {"view":{"view":"E:\\xampp-8.2\\htdocs\\nexelit\\@core\\resources\\views\\frontend\\frontend-home.blade.php","data":{"home_page_variant":"<pre class=sf-dump id=sf-dump-1887852167 data-indent-pad=\"  \"><span class=sf-dump-const>null</span>
</pre><script>Sfdump(\"sf-dump-1887852167\", {\"maxDepth\":3,\"maxStringLength\":160})</script>
","errors":"<pre class=sf-dump id=sf-dump-1126013664 data-indent-pad=\"  \"><span class=sf-dump-note>Illuminate\\Support\\ViewErrorBag</span> {<a class=sf-dump-ref>#2042</a><samp data-depth=1 class=sf-dump-expanded>
  #<span class=sf-dump-protected title=\"Protected property\">bags</span>: []
</samp>}
</pre><script>Sfdump(\"sf-dump-1126013664\", {\"maxDepth\":3,\"maxStringLength\":160})</script>
","static_field_data":"<pre class=sf-dump id=sf-dump-278891963 data-indent-pad=\"  \">[]
</pre><script>Sfdump(\"sf-dump-278891963\", {\"maxDepth\":3,\"maxStringLength\":160})</script>
","all_header_slider":"<pre class=sf-dump id=sf-dump-1376338669 data-indent-pad=\"  \"><span class=sf-dump-note>Illuminate\\Database\\Eloquent\\Collection</span> {<a class=sf-dump-ref>#2607</a><samp data-depth=1 class=sf-dump-expanded>
  #<span class=sf-dump-protected title=\"Protected property\">items</span>: []
  #<span class=sf-dump-protected title=\"Protected property\">escapeWhenCastingToString</span>: <span class=sf-dump-const>false</span>
</samp>}
</pre><script>Sfdump(\"sf-dump-1376338669\", {\"maxDepth\":3,\"maxStringLength\":160})</script>
","all_counterup":"<pre class=sf-dump id=sf-dump-473504375 data-indent-pad=\"  \"><span class=sf-dump-note>Illuminate\\Database\\Eloquent\\Collection</span> {<a class=sf-dump-ref>#2614</a><samp data-depth=1 class=sf-dump-expanded>
  #<span class=sf-dump-protected title=\"Protected property\">items</span>: []
  #<span class=sf-dump-protected title=\"Protected property\">escapeWhenCastingToString</span>: <span class=sf-dump-const>false</span>
</samp>}
</pre><script>Sfdump(\"sf-dump-473504375\", {\"maxDepth\":3,\"maxStringLength\":160})</script>
","all_key_features":"<pre class=sf-dump id=sf-dump-1706895319 data-indent-pad=\"  \"><span class=sf-dump-note>Illuminate\\Database\\Eloquent\\Collection</span> {<a class=sf-dump-ref>#2622</a><samp data-depth=1 class=sf-dump-expanded>
  #<span class=sf-dump-protected title=\"Protected property\">items</span>: []
  #<span class=sf-dump-protected title=\"Protected property\">escapeWhenCastingToString</span>: <span class=sf-dump-const>false</span>
</samp>}
</pre><script>Sfdump(\"sf-dump-1706895319\", {\"maxDepth\":3,\"maxStringLength\":160})</script>
","all_service":"<pre class=sf-dump id=sf-dump-1616674968 data-indent-pad=\"  \"><span class=sf-dump-note>Illuminate\\Database\\Eloquent\\Collection</span> {<a class=sf-dump-ref>#2617</a><samp data-depth=1 class=sf-dump-expanded>
  #<span class=sf-dump-protected title=\"Protected property\">items</span>: []
  #<span class=sf-dump-protected title=\"Protected property\">escapeWhenCastingToString</span>: <span class=sf-dump-const>false</span>
</samp>}
</pre><script>Sfdump(\"sf-dump-1616674968\", {\"maxDepth\":3,\"maxStringLength\":160})</script>
","all_testimonial":"<pre class=sf-dump id=sf-dump-1749101685 data-indent-pad=\"  \"><span class=sf-dump-note>Illuminate\\Database\\Eloquent\\Collection</span> {<a class=sf-dump-ref>#2640</a><samp data-depth=1 class=sf-dump-expanded>
  #<span class=sf-dump-protected title=\"Protected property\">items</span>: []
  #<span class=sf-dump-protected title=\"Protected property\">escapeWhenCastingToString</span>: <span class=sf-dump-const>false</span>
</samp>}
</pre><script>Sfdump(\"sf-dump-1749101685\", {\"maxDepth\":3,\"maxStringLength\":160})</script>
","all_blog":"<pre class=sf-dump id=sf-dump-1406943078 data-indent-pad=\"  \"><span class=sf-dump-note>Illuminate\\Database\\Eloquent\\Collection</span> {<a class=sf-dump-ref>#2569</a><samp data-depth=1 class=sf-dump-expanded>
  #<span class=sf-dump-protected title=\"Protected property\">items</span>: []
  #<span class=sf-dump-protected title=\"Protected property\">escapeWhenCastingToString</span>: <span class=sf-dump-const>false</span>
</samp>}
</pre><script>Sfdump(\"sf-dump-1406943078\", {\"maxDepth\":3,\"maxStringLength\":160})</script>
","all_price_plan":"<pre class=sf-dump id=sf-dump-1269932824 data-indent-pad=\"  \"><span class=sf-dump-note>Illuminate\\Database\\Eloquent\\Collection</span> {<a class=sf-dump-ref>#2634</a><samp data-depth=1 class=sf-dump-expanded>
  #<span class=sf-dump-protected title=\"Protected property\">items</span>: []
  #<span class=sf-dump-protected title=\"Protected property\">escapeWhenCastingToString</span>: <span class=sf-dump-const>false</span>
</samp>}
</pre><script>Sfdump(\"sf-dump-1269932824\", {\"maxDepth\":3,\"maxStringLength\":160})</script>
","all_team_members":"<pre class=sf-dump id=sf-dump-1034152481 data-indent-pad=\"  \"><span class=sf-dump-note>Illuminate\\Database\\Eloquent\\Collection</span> {<a class=sf-dump-ref>#2661</a><samp data-depth=1 class=sf-dump-expanded>
  #<span class=sf-dump-protected title=\"Protected property\">items</span>: []
  #<span class=sf-dump-protected title=\"Protected property\">escapeWhenCastingToString</span>: <span class=sf-dump-const>false</span>
</samp>}
</pre><script>Sfdump(\"sf-dump-1034152481\", {\"maxDepth\":3,\"maxStringLength\":160})</script>
","all_brand_logo":"<pre class=sf-dump id=sf-dump-433958435 data-indent-pad=\"  \"><span class=sf-dump-note>Illuminate\\Database\\Eloquent\\Collection</span> {<a class=sf-dump-ref>#2681</a><samp data-depth=1 class=sf-dump-expanded>
  #<span class=sf-dump-protected title=\"Protected property\">items</span>: []
  #<span class=sf-dump-protected title=\"Protected property\">escapeWhenCastingToString</span>: <span class=sf-dump-const>false</span>
</samp>}
</pre><script>Sfdump(\"sf-dump-433958435\", {\"maxDepth\":3,\"maxStringLength\":160})</script>
","all_work_category":"<pre class=sf-dump id=sf-dump-233520579 data-indent-pad=\"  \"><span class=sf-dump-note>Illuminate\\Database\\Eloquent\\Collection</span> {<a class=sf-dump-ref>#2734</a><samp data-depth=1 class=sf-dump-expanded>
  #<span class=sf-dump-protected title=\"Protected property\">items</span>: []
  #<span class=sf-dump-protected title=\"Protected property\">escapeWhenCastingToString</span>: <span class=sf-dump-const>false</span>
</samp>}
</pre><script>Sfdump(\"sf-dump-233520579\", {\"maxDepth\":3,\"maxStringLength\":160})</script>
","all_work":"<pre class=sf-dump id=sf-dump-1937879472 data-indent-pad=\"  \"><span class=sf-dump-note>Illuminate\\Database\\Eloquent\\Collection</span> {<a class=sf-dump-ref>#2666</a><samp data-depth=1 class=sf-dump-expanded>
  #<span class=sf-dump-protected title=\"Protected property\">items</span>: []
  #<span class=sf-dump-protected title=\"Protected property\">escapeWhenCastingToString</span>: <span class=sf-dump-const>false</span>
</samp>}
</pre><script>Sfdump(\"sf-dump-1937879472\", {\"maxDepth\":3,\"maxStringLength\":160})</script>
","all_service_category":"<pre class=sf-dump id=sf-dump-1321160724 data-indent-pad=\"  \"><span class=sf-dump-note>Illuminate\\Database\\Eloquent\\Collection</span> {<a class=sf-dump-ref>#2691</a><samp data-depth=1 class=sf-dump-expanded>
  #<span class=sf-dump-protected title=\"Protected property\">items</span>: []
  #<span class=sf-dump-protected title=\"Protected property\">escapeWhenCastingToString</span>: <span class=sf-dump-const>false</span>
</samp>}
</pre><script>Sfdump(\"sf-dump-1321160724\", {\"maxDepth\":3,\"maxStringLength\":160})</script>
","all_contact_info":"<pre class=sf-dump id=sf-dump-1292293405 data-indent-pad=\"  \"><span class=sf-dump-note>Illuminate\\Database\\Eloquent\\Collection</span> {<a class=sf-dump-ref>#2704</a><samp data-depth=1 class=sf-dump-expanded>
  #<span class=sf-dump-protected title=\"Protected property\">items</span>: []
  #<span class=sf-dump-protected title=\"Protected property\">escapeWhenCastingToString</span>: <span class=sf-dump-const>false</span>
</samp>}
</pre><script>Sfdump(\"sf-dump-1292293405\", {\"maxDepth\":3,\"maxStringLength\":160})</script>
","global_static_field_data":"<pre class=sf-dump id=sf-dump-424243432 data-indent-pad=\"  \">[]
</pre><script>Sfdump(\"sf-dump-424243432\", {\"maxDepth\":3,\"maxStringLength\":160})</script>
","popup_details":"<pre class=sf-dump id=sf-dump-399683555 data-indent-pad=\"  \"><span class=sf-dump-const>null</span>
</pre><script>Sfdump(\"sf-dump-399683555\", {\"maxDepth\":3,\"maxStringLength\":160})</script>
","all_usefull_links":"<pre class=sf-dump id=sf-dump-1142615895 data-indent-pad=\"  \"><span class=sf-dump-const>null</span>
</pre><script>Sfdump(\"sf-dump-1142615895\", {\"maxDepth\":3,\"maxStringLength\":160})</script>
","all_important_links":"<pre class=sf-dump id=sf-dump-339355974 data-indent-pad=\"  \"><span class=sf-dump-const>null</span>
</pre><script>Sfdump(\"sf-dump-339355974\", {\"maxDepth\":3,\"maxStringLength\":160})</script>
","all_recent_post":"<pre class=sf-dump id=sf-dump-1409192944 data-indent-pad=\"  \"><span class=sf-dump-note>Illuminate\\Database\\Eloquent\\Collection</span> {<a class=sf-dump-ref>#2517</a><samp data-depth=1 class=sf-dump-expanded>
  #<span class=sf-dump-protected title=\"Protected property\">items</span>: []
  #<span class=sf-dump-protected title=\"Protected property\">escapeWhenCastingToString</span>: <span class=sf-dump-const>false</span>
</samp>}
</pre><script>Sfdump(\"sf-dump-1409192944\", {\"maxDepth\":3,\"maxStringLength\":160})</script>
","all_social_item":"<pre class=sf-dump id=sf-dump-2144485455 data-indent-pad=\"  \"><span class=sf-dump-note>Illuminate\\Database\\Eloquent\\Collection</span> {<a class=sf-dump-ref>#2485</a><samp data-depth=1 class=sf-dump-expanded>
  #<span class=sf-dump-protected title=\"Protected property\">items</span>: []
  #<span class=sf-dump-protected title=\"Protected property\">escapeWhenCastingToString</span>: <span class=sf-dump-const>false</span>
</samp>}
</pre><script>Sfdump(\"sf-dump-2144485455\", {\"maxDepth\":3,\"maxStringLength\":160})</script>
","all_language":"<pre class=sf-dump id=sf-dump-1869727781 data-indent-pad=\"  \"><span class=sf-dump-note>Illuminate\\Database\\Eloquent\\Collection</span> {<a class=sf-dump-ref>#2522</a><samp data-depth=1 class=sf-dump-expanded>
  #<span class=sf-dump-protected title=\"Protected property\">items</span>: <span class=sf-dump-note>array:1</span> [<samp data-depth=2 class=sf-dump-compact>
    <span class=sf-dump-index>0</span> => <span class=\"sf-dump-note sf-dump-ellipsization\" title=\"App\\Language
\"><span class=\"sf-dump-ellipsis sf-dump-ellipsis-note\">App</span><span class=\"sf-dump-ellipsis sf-dump-ellipsis-note\">\\</span><span class=\"sf-dump-ellipsis-tail\">Language</span></span> {<a class=sf-dump-ref>#2524</a><samp data-depth=3 class=sf-dump-compact>
      #<span class=sf-dump-protected title=\"Protected property\">connection</span>: \"<span class=sf-dump-str title=\"5 characters\">mysql</span>\"
      #<span class=sf-dump-protected title=\"Protected property\">table</span>: \"<span class=sf-dump-str title=\"9 characters\">languages</span>\"
      #<span class=sf-dump-protected title=\"Protected property\">primaryKey</span>: \"<span class=sf-dump-str title=\"2 characters\">id</span>\"
      #<span class=sf-dump-protected title=\"Protected property\">keyType</span>: \"<span class=sf-dump-str title=\"3 characters\">int</span>\"
      +<span class=sf-dump-public title=\"Public property\">incrementing</span>: <span class=sf-dump-const>true</span>
      #<span class=sf-dump-protected title=\"Protected property\">with</span>: []
      #<span class=sf-dump-protected title=\"Protected property\">withCount</span>: []
      +<span class=sf-dump-public title=\"Public property\">preventsLazyLoading</span>: <span class=sf-dump-const>false</span>
      #<span class=sf-dump-protected title=\"Protected property\">perPage</span>: <span class=sf-dump-num>15</span>
      +<span class=sf-dump-public title=\"Public property\">exists</span>: <span class=sf-dump-const>true</span>
      +<span class=sf-dump-public title=\"Public property\">wasRecentlyCreated</span>: <span class=sf-dump-const>false</span>
      #<span class=sf-dump-protected title=\"Protected property\">escapeWhenCastingToString</span>: <span class=sf-dump-const>false</span>
      #<span class=sf-dump-protected title=\"Protected property\">attributes</span>: <span class=sf-dump-note>array:8</span> [ &#8230;8]
      #<span class=sf-dump-protected title=\"Protected property\">original</span>: <span class=sf-dump-note>array:8</span> [ &#8230;8]
      #<span class=sf-dump-protected title=\"Protected property\">changes</span>: []
      #<span class=sf-dump-protected title=\"Protected property\">previous</span>: []
      #<span class=sf-dump-protected title=\"Protected property\">casts</span>: []
      #<span class=sf-dump-protected title=\"Protected property\">classCastCache</span>: []
      #<span class=sf-dump-protected title=\"Protected property\">attributeCastCache</span>: []
      #<span class=sf-dump-protected title=\"Protected property\">dateFormat</span>: <span class=sf-dump-const>null</span>
      #<span class=sf-dump-protected title=\"Protected property\">appends</span>: []
      #<span class=sf-dump-protected title=\"Protected property\">dispatchesEvents</span>: []
      #<span class=sf-dump-protected title=\"Protected property\">observables</span>: []
      #<span class=sf-dump-protected title=\"Protected property\">relations</span>: []
      #<span class=sf-dump-protected title=\"Protected property\">touches</span>: []
      #<span class=sf-dump-protected title=\"Protected property\">relationAutoloadCallback</span>: <span class=sf-dump-const>null</span>
      #<span class=sf-dump-protected title=\"Protected property\">relationAutoloadContext</span>: <span class=sf-dump-const>null</span>
      +<span class=sf-dump-public title=\"Public property\">timestamps</span>: <span class=sf-dump-const>true</span>
      +<span class=sf-dump-public title=\"Public property\">usesUniqueIds</span>: <span class=sf-dump-const>false</span>
      #<span class=sf-dump-protected title=\"Protected property\">hidden</span>: []
      #<span class=sf-dump-protected title=\"Protected property\">visible</span>: []
      #<span class=sf-dump-protected title=\"Protected property\">fillable</span>: <span class=sf-dump-note>array:5</span> [ &#8230;5]
      #<span class=sf-dump-protected title=\"Protected property\">guarded</span>: <span class=sf-dump-note>array:1</span> [ &#8230;1]
    </samp>}
  </samp>]
  #<span class=sf-dump-protected title=\"Protected property\">escapeWhenCastingToString</span>: <span class=sf-dump-const>false</span>
</samp>}
</pre><script>Sfdump(\"sf-dump-1869727781\", {\"maxDepth\":3,\"maxStringLength\":160})</script>
","primary_menu":"<pre class=sf-dump id=sf-dump-454154481 data-indent-pad=\"  \"><span class=sf-dump-const>null</span>
</pre><script>Sfdump(\"sf-dump-454154481\", {\"maxDepth\":3,\"maxStringLength\":160})</script>
","footer_widgets":"<pre class=sf-dump id=sf-dump-1543944557 data-indent-pad=\"  \"><span class=sf-dump-note>Illuminate\\Database\\Eloquent\\Collection</span> {<a class=sf-dump-ref>#2544</a><samp data-depth=1 class=sf-dump-expanded>
  #<span class=sf-dump-protected title=\"Protected property\">items</span>: []
  #<span class=sf-dump-protected title=\"Protected property\">escapeWhenCastingToString</span>: <span class=sf-dump-const>false</span>
</samp>}
</pre><script>Sfdump(\"sf-dump-1543944557\", {\"maxDepth\":3,\"maxStringLength\":160})</script>
","user_select_lang_slug":"<pre class=sf-dump id=sf-dump-1102846741 data-indent-pad=\"  \">\"<span class=sf-dump-str title=\"5 characters\">en_US</span>\"
</pre><script>Sfdump(\"sf-dump-1102846741\", {\"maxDepth\":3,\"maxStringLength\":160})</script>
"}},"exception":"[object] (Spatie\\LaravelIgnition\\Exceptions\\ViewException(code: 0): View [frontend.home-pages.home-] not found. at E:\\xampp-8.2\\htdocs\\nexelit\\@core\\vendor\\laravel\\framework\\src\\Illuminate\\View\\FileViewFinder.php:138)
[stacktrace]
#0 E:\\xampp-8.2\\htdocs\\nexelit\\@core\\vendor\\laravel\\framework\\src\\Illuminate\\View\\FileViewFinder.php(78): Illuminate\\View\\FileViewFinder->findInPaths('frontend.home-p...', Array)
#1 E:\\xampp-8.2\\htdocs\\nexelit\\@core\\vendor\\laravel\\framework\\src\\Illuminate\\View\\Factory.php(150): Illuminate\\View\\FileViewFinder->find('frontend.home-p...')
#2 E:\\xampp-8.2\\htdocs\\nexelit\\@core\\resources\\views\\frontend\\frontend-home.blade.php(10): Illuminate\\View\\Factory->make('frontend.home-p...', Array)
#3 E:\\xampp-8.2\\htdocs\\nexelit\\@core\\vendor\\laravel\\framework\\src\\Illuminate\\Filesystem\\Filesystem.php(123): require('E:\\\\xampp-8.2\\\\ht...')
#4 E:\\xampp-8.2\\htdocs\\nexelit\\@core\\vendor\\laravel\\framework\\src\\Illuminate\\Filesystem\\Filesystem.php(124): Illuminate\\Filesystem\\Filesystem::Illuminate\\Filesystem\\{closure}()
#5 E:\\xampp-8.2\\htdocs\\nexelit\\@core\\vendor\\laravel\\framework\\src\\Illuminate\\View\\Engines\\PhpEngine.php(57): Illuminate\\Filesystem\\Filesystem->getRequire('E:\\\\xampp-8.2\\\\ht...', Array)
#6 E:\\xampp-8.2\\htdocs\\nexelit\\@core\\vendor\\laravel\\framework\\src\\Illuminate\\View\\Engines\\CompilerEngine.php(76): Illuminate\\View\\Engines\\PhpEngine->evaluatePath('E:\\\\xampp-8.2\\\\ht...', Array)
#7 E:\\xampp-8.2\\htdocs\\nexelit\\@core\\vendor\\laravel\\framework\\src\\Illuminate\\View\\View.php(208): Illuminate\\View\\Engines\\CompilerEngine->get('E:\\\\xampp-8.2\\\\ht...', Array)
#8 E:\\xampp-8.2\\htdocs\\nexelit\\@core\\vendor\\laravel\\framework\\src\\Illuminate\\View\\View.php(191): Illuminate\\View\\View->getContents()
#9 E:\\xampp-8.2\\htdocs\\nexelit\\@core\\vendor\\laravel\\framework\\src\\Illuminate\\View\\View.php(160): Illuminate\\View\\View->renderContents()
#10 E:\\xampp-8.2\\htdocs\\nexelit\\@core\\vendor\\laravel\\framework\\src\\Illuminate\\Http\\Response.php(78): Illuminate\\View\\View->render()
#11 E:\\xampp-8.2\\htdocs\\nexelit\\@core\\vendor\\laravel\\framework\\src\\Illuminate\\Http\\Response.php(34): Illuminate\\Http\\Response->setContent(Object(Illuminate\\View\\View))
#12 E:\\xampp-8.2\\htdocs\\nexelit\\@core\\vendor\\laravel\\framework\\src\\Illuminate\\Routing\\Router.php(939): Illuminate\\Http\\Response->__construct(Object(Illuminate\\View\\View), 200, Array)
#13 E:\\xampp-8.2\\htdocs\\nexelit\\@core\\vendor\\laravel\\framework\\src\\Illuminate\\Routing\\Router.php(906): Illuminate\\Routing\\Router::toResponse(Object(Illuminate\\Http\\Request), Object(Illuminate\\View\\View))
#14 E:\\xampp-8.2\\htdocs\\nexelit\\@core\\vendor\\laravel\\framework\\src\\Illuminate\\Routing\\Router.php(821): Illuminate\\Routing\\Router->prepareResponse(Object(Illuminate\\Http\\Request), Object(Illuminate\\View\\View))
#15 E:\\xampp-8.2\\htdocs\\nexelit\\@core\\vendor\\laravel\\framework\\src\\Illuminate\\Pipeline\\Pipeline.php(180): Illuminate\\Routing\\Router->Illuminate\\Routing\\{closure}(Object(Illuminate\\Http\\Request))
#16 E:\\xampp-8.2\\htdocs\\nexelit\\@core\\app\\Http\\Middleware\\HtmlMinifier.php(13): Illuminate\\Pipeline\\Pipeline->Illuminate\\Pipeline\\{closure}(Object(Illuminate\\Http\\Request))
#17 E:\\xampp-8.2\\htdocs\\nexelit\\@core\\vendor\\laravel\\framework\\src\\Illuminate\\Pipeline\\Pipeline.php(219): App\\Http\\Middleware\\HtmlMinifier->handle(Object(Illuminate\\Http\\Request), Object(Closure), ':class')
#18 E:\\xampp-8.2\\htdocs\\nexelit\\@core\\app\\Http\\Middleware\\MaintainsMode.php(22): Illuminate\\Pipeline\\Pipeline->Illuminate\\Pipeline\\{closure}(Object(Illuminate\\Http\\Request))
#19 E:\\xampp-8.2\\htdocs\\nexelit\\@core\\vendor\\laravel\\framework\\src\\Illuminate\\Pipeline\\Pipeline.php(219): App\\Http\\Middleware\\MaintainsMode->handle(Object(Illuminate\\Http\\Request), Object(Closure))
#20 E:\\xampp-8.2\\htdocs\\nexelit\\@core\\app\\Http\\Middleware\\GlobalVariableMiddleware.php(145): Illuminate\\Pipeline\\Pipeline->Illuminate\\Pipeline\\{closure}(Object(Illuminate\\Http\\Request))
#21 E:\\xampp-8.2\\htdocs\\nexelit\\@core\\vendor\\laravel\\framework\\src\\Illuminate\\Pipeline\\Pipeline.php(219): App\\Http\\Middleware\\GlobalVariableMiddleware->handle(Object(Illuminate\\Http\\Request), Object(Closure))
#22 E:\\xampp-8.2\\htdocs\\nexelit\\@core\\app\\Http\\Middleware\\SetUserLanguages.php(35): Illuminate\\Pipeline\\Pipeline->Illuminate\\Pipeline\\{closure}(Object(Illuminate\\Http\\Request))
#23 E:\\xampp-8.2\\htdocs\\nexelit\\@core\\vendor\\laravel\\framework\\src\\Illuminate\\Pipeline\\Pipeline.php(219): App\\Http\\Middleware\\SetUserLanguages->handle(Object(Illuminate\\Http\\Request), Object(Closure), 'frontend')
#24 E:\\xampp-8.2\\htdocs\\nexelit\\@core\\vendor\\barryvdh\\laravel-debugbar\\src\\Middleware\\InjectDebugbar.php(66): Illuminate\\Pipeline\\Pipeline->Illuminate\\Pipeline\\{closure}(Object(Illuminate\\Http\\Request))
#25 E:\\xampp-8.2\\htdocs\\nexelit\\@core\\vendor\\laravel\\framework\\src\\Illuminate\\Pipeline\\Pipeline.php(219): Barryvdh\\Debugbar\\Middleware\\InjectDebugbar->handle(Object(Illuminate\\Http\\Request), Object(Closure))
#26 E:\\xampp-8.2\\htdocs\\nexelit\\@core\\vendor\\laravel\\framework\\src\\Illuminate\\Routing\\Middleware\\SubstituteBindings.php(50): Illuminate\\Pipeline\\Pipeline->Illuminate\\Pipeline\\{closure}(Object(Illuminate\\Http\\Request))
#27 E:\\xampp-8.2\\htdocs\\nexelit\\@core\\vendor\\laravel\\framework\\src\\Illuminate\\Pipeline\\Pipeline.php(219): Illuminate\\Routing\\Middleware\\SubstituteBindings->handle(Object(Illuminate\\Http\\Request), Object(Closure))
#28 E:\\xampp-8.2\\htdocs\\nexelit\\@core\\vendor\\laravel\\framework\\src\\Illuminate\\Foundation\\Http\\Middleware\\VerifyCsrfToken.php(87): Illuminate\\Pipeline\\Pipeline->Illuminate\\Pipeline\\{closure}(Object(Illuminate\\Http\\Request))
#29 E:\\xampp-8.2\\htdocs\\nexelit\\@core\\vendor\\laravel\\framework\\src\\Illuminate\\Pipeline\\Pipeline.php(219): Illuminate\\Foundation\\Http\\Middleware\\VerifyCsrfToken->handle(Object(Illuminate\\Http\\Request), Object(Closure))
#30 E:\\xampp-8.2\\htdocs\\nexelit\\@core\\vendor\\laravel\\framework\\src\\Illuminate\\View\\Middleware\\ShareErrorsFromSession.php(48): Illuminate\\Pipeline\\Pipeline->Illuminate\\Pipeline\\{closure}(Object(Illuminate\\Http\\Request))
#31 E:\\xampp-8.2\\htdocs\\nexelit\\@core\\vendor\\laravel\\framework\\src\\Illuminate\\Pipeline\\Pipeline.php(219): Illuminate\\View\\Middleware\\ShareErrorsFromSession->handle(Object(Illuminate\\Http\\Request), Object(Closure))
#32 E:\\xampp-8.2\\htdocs\\nexelit\\@core\\vendor\\laravel\\framework\\src\\Illuminate\\Session\\Middleware\\StartSession.php(120): Illuminate\\Pipeline\\Pipeline->Illuminate\\Pipeline\\{closure}(Object(Illuminate\\Http\\Request))
#33 E:\\xampp-8.2\\htdocs\\nexelit\\@core\\vendor\\laravel\\framework\\src\\Illuminate\\Session\\Middleware\\StartSession.php(63): Illuminate\\Session\\Middleware\\StartSession->handleStatefulRequest(Object(Illuminate\\Http\\Request), Object(Illuminate\\Session\\Store), Object(Closure))
#34 E:\\xampp-8.2\\htdocs\\nexelit\\@core\\vendor\\laravel\\framework\\src\\Illuminate\\Pipeline\\Pipeline.php(219): Illuminate\\Session\\Middleware\\StartSession->handle(Object(Illuminate\\Http\\Request), Object(Closure))
#35 E:\\xampp-8.2\\htdocs\\nexelit\\@core\\vendor\\laravel\\framework\\src\\Illuminate\\Cookie\\Middleware\\AddQueuedCookiesToResponse.php(36): Illuminate\\Pipeline\\Pipeline->Illuminate\\Pipeline\\{closure}(Object(Illuminate\\Http\\Request))
#36 E:\\xampp-8.2\\htdocs\\nexelit\\@core\\vendor\\laravel\\framework\\src\\Illuminate\\Pipeline\\Pipeline.php(219): Illuminate\\Cookie\\Middleware\\AddQueuedCookiesToResponse->handle(Object(Illuminate\\Http\\Request), Object(Closure))
#37 E:\\xampp-8.2\\htdocs\\nexelit\\@core\\vendor\\laravel\\framework\\src\\Illuminate\\Cookie\\Middleware\\EncryptCookies.php(74): Illuminate\\Pipeline\\Pipeline->Illuminate\\Pipeline\\{closure}(Object(Illuminate\\Http\\Request))
#38 E:\\xampp-8.2\\htdocs\\nexelit\\@core\\vendor\\laravel\\framework\\src\\Illuminate\\Pipeline\\Pipeline.php(219): Illuminate\\Cookie\\Middleware\\EncryptCookies->handle(Object(Illuminate\\Http\\Request), Object(Closure))
#39 E:\\xampp-8.2\\htdocs\\nexelit\\@core\\vendor\\laravel\\framework\\src\\Illuminate\\Pipeline\\Pipeline.php(137): Illuminate\\Pipeline\\Pipeline->Illuminate\\Pipeline\\{closure}(Object(Illuminate\\Http\\Request))
#40 E:\\xampp-8.2\\htdocs\\nexelit\\@core\\vendor\\laravel\\framework\\src\\Illuminate\\Routing\\Router.php(821): Illuminate\\Pipeline\\Pipeline->then(Object(Closure))
#41 E:\\xampp-8.2\\htdocs\\nexelit\\@core\\vendor\\laravel\\framework\\src\\Illuminate\\Routing\\Router.php(800): Illuminate\\Routing\\Router->runRouteWithinStack(Object(Illuminate\\Routing\\Route), Object(Illuminate\\Http\\Request))
#42 E:\\xampp-8.2\\htdocs\\nexelit\\@core\\vendor\\laravel\\framework\\src\\Illuminate\\Routing\\Router.php(764): Illuminate\\Routing\\Router->runRoute(Object(Illuminate\\Http\\Request), Object(Illuminate\\Routing\\Route))
#43 E:\\xampp-8.2\\htdocs\\nexelit\\@core\\vendor\\laravel\\framework\\src\\Illuminate\\Routing\\Router.php(753): Illuminate\\Routing\\Router->dispatchToRoute(Object(Illuminate\\Http\\Request))
#44 E:\\xampp-8.2\\htdocs\\nexelit\\@core\\vendor\\laravel\\framework\\src\\Illuminate\\Foundation\\Http\\Kernel.php(200): Illuminate\\Routing\\Router->dispatch(Object(Illuminate\\Http\\Request))
#45 E:\\xampp-8.2\\htdocs\\nexelit\\@core\\vendor\\laravel\\framework\\src\\Illuminate\\Pipeline\\Pipeline.php(180): Illuminate\\Foundation\\Http\\Kernel->Illuminate\\Foundation\\Http\\{closure}(Object(Illuminate\\Http\\Request))
#46 E:\\xampp-8.2\\htdocs\\nexelit\\@core\\vendor\\barryvdh\\laravel-debugbar\\src\\Middleware\\InjectDebugbar.php(66): Illuminate\\Pipeline\\Pipeline->Illuminate\\Pipeline\\{closure}(Object(Illuminate\\Http\\Request))
#47 E:\\xampp-8.2\\htdocs\\nexelit\\@core\\vendor\\laravel\\framework\\src\\Illuminate\\Pipeline\\Pipeline.php(219): Barryvdh\\Debugbar\\Middleware\\InjectDebugbar->handle(Object(Illuminate\\Http\\Request), Object(Closure))
#48 E:\\xampp-8.2\\htdocs\\nexelit\\@core\\vendor\\xgenious\\installer\\src\\Http\\Middleware\\InstallerMiddleware.php(18): Illuminate\\Pipeline\\Pipeline->Illuminate\\Pipeline\\{closure}(Object(Illuminate\\Http\\Request))
#49 E:\\xampp-8.2\\htdocs\\nexelit\\@core\\vendor\\laravel\\framework\\src\\Illuminate\\Pipeline\\Pipeline.php(219): Xgenious\\Installer\\Http\\Middleware\\InstallerMiddleware->handle(Object(Illuminate\\Http\\Request), Object(Closure))
#50 E:\\xampp-8.2\\htdocs\\nexelit\\@core\\vendor\\laravel\\framework\\src\\Illuminate\\Foundation\\Http\\Middleware\\TransformsRequest.php(21): Illuminate\\Pipeline\\Pipeline->Illuminate\\Pipeline\\{closure}(Object(Illuminate\\Http\\Request))
#51 E:\\xampp-8.2\\htdocs\\nexelit\\@core\\vendor\\laravel\\framework\\src\\Illuminate\\Foundation\\Http\\Middleware\\ConvertEmptyStringsToNull.php(31): Illuminate\\Foundation\\Http\\Middleware\\TransformsRequest->handle(Object(Illuminate\\Http\\Request), Object(Closure))
#52 E:\\xampp-8.2\\htdocs\\nexelit\\@core\\vendor\\laravel\\framework\\src\\Illuminate\\Pipeline\\Pipeline.php(219): Illuminate\\Foundation\\Http\\Middleware\\ConvertEmptyStringsToNull->handle(Object(Illuminate\\Http\\Request), Object(Closure))
#53 E:\\xampp-8.2\\htdocs\\nexelit\\@core\\vendor\\laravel\\framework\\src\\Illuminate\\Foundation\\Http\\Middleware\\TransformsRequest.php(21): Illuminate\\Pipeline\\Pipeline->Illuminate\\Pipeline\\{closure}(Object(Illuminate\\Http\\Request))
#54 E:\\xampp-8.2\\htdocs\\nexelit\\@core\\vendor\\laravel\\framework\\src\\Illuminate\\Foundation\\Http\\Middleware\\TrimStrings.php(51): Illuminate\\Foundation\\Http\\Middleware\\TransformsRequest->handle(Object(Illuminate\\Http\\Request), Object(Closure))
#55 E:\\xampp-8.2\\htdocs\\nexelit\\@core\\vendor\\laravel\\framework\\src\\Illuminate\\Pipeline\\Pipeline.php(219): Illuminate\\Foundation\\Http\\Middleware\\TrimStrings->handle(Object(Illuminate\\Http\\Request), Object(Closure))
#56 E:\\xampp-8.2\\htdocs\\nexelit\\@core\\vendor\\laravel\\framework\\src\\Illuminate\\Http\\Middleware\\ValidatePostSize.php(27): Illuminate\\Pipeline\\Pipeline->Illuminate\\Pipeline\\{closure}(Object(Illuminate\\Http\\Request))
#57 E:\\xampp-8.2\\htdocs\\nexelit\\@core\\vendor\\laravel\\framework\\src\\Illuminate\\Pipeline\\Pipeline.php(219): Illuminate\\Http\\Middleware\\ValidatePostSize->handle(Object(Illuminate\\Http\\Request), Object(Closure))
#58 E:\\xampp-8.2\\htdocs\\nexelit\\@core\\vendor\\laravel\\framework\\src\\Illuminate\\Foundation\\Http\\Middleware\\PreventRequestsDuringMaintenance.php(109): Illuminate\\Pipeline\\Pipeline->Illuminate\\Pipeline\\{closure}(Object(Illuminate\\Http\\Request))
#59 E:\\xampp-8.2\\htdocs\\nexelit\\@core\\vendor\\laravel\\framework\\src\\Illuminate\\Pipeline\\Pipeline.php(219): Illuminate\\Foundation\\Http\\Middleware\\PreventRequestsDuringMaintenance->handle(Object(Illuminate\\Http\\Request), Object(Closure))
#60 E:\\xampp-8.2\\htdocs\\nexelit\\@core\\vendor\\laravel\\framework\\src\\Illuminate\\Http\\Middleware\\TrustProxies.php(58): Illuminate\\Pipeline\\Pipeline->Illuminate\\Pipeline\\{closure}(Object(Illuminate\\Http\\Request))
#61 E:\\xampp-8.2\\htdocs\\nexelit\\@core\\vendor\\laravel\\framework\\src\\Illuminate\\Pipeline\\Pipeline.php(219): Illuminate\\Http\\Middleware\\TrustProxies->handle(Object(Illuminate\\Http\\Request), Object(Closure))
#62 E:\\xampp-8.2\\htdocs\\nexelit\\@core\\vendor\\laravel\\framework\\src\\Illuminate\\Pipeline\\Pipeline.php(137): Illuminate\\Pipeline\\Pipeline->Illuminate\\Pipeline\\{closure}(Object(Illuminate\\Http\\Request))
#63 E:\\xampp-8.2\\htdocs\\nexelit\\@core\\vendor\\laravel\\framework\\src\\Illuminate\\Foundation\\Http\\Kernel.php(175): Illuminate\\Pipeline\\Pipeline->then(Object(Closure))
#64 E:\\xampp-8.2\\htdocs\\nexelit\\@core\\vendor\\laravel\\framework\\src\\Illuminate\\Foundation\\Http\\Kernel.php(144): Illuminate\\Foundation\\Http\\Kernel->sendRequestThroughRouter(Object(Illuminate\\Http\\Request))
#65 E:\\xampp-8.2\\htdocs\\nexelit\\index.php(54): Illuminate\\Foundation\\Http\\Kernel->handle(Object(Illuminate\\Http\\Request))
#66 {main}

[previous exception] [object] (InvalidArgumentException(code: 0): View [frontend.home-pages.home-] not found. at E:\\xampp-8.2\\htdocs\\nexelit\\@core\\vendor\\laravel\\framework\\src\\Illuminate\\View\\FileViewFinder.php:138)
[stacktrace]
#0 E:\\xampp-8.2\\htdocs\\nexelit\\@core\\vendor\\laravel\\framework\\src\\Illuminate\\View\\FileViewFinder.php(78): Illuminate\\View\\FileViewFinder->findInPaths('frontend.home-p...', Array)
#1 E:\\xampp-8.2\\htdocs\\nexelit\\@core\\vendor\\laravel\\framework\\src\\Illuminate\\View\\Factory.php(150): Illuminate\\View\\FileViewFinder->find('frontend.home-p...')
#2 E:\\xampp-8.2\\htdocs\\nexelit\\@core\\storage\\framework\\views\\32513d16c9966f9aa270a4c716f8d139.php(8): Illuminate\\View\\Factory->make('frontend.home-p...', Array)
#3 E:\\xampp-8.2\\htdocs\\nexelit\\@core\\vendor\\laravel\\framework\\src\\Illuminate\\Filesystem\\Filesystem.php(123): require('E:\\\\xampp-8.2\\\\ht...')
#4 E:\\xampp-8.2\\htdocs\\nexelit\\@core\\vendor\\laravel\\framework\\src\\Illuminate\\Filesystem\\Filesystem.php(124): Illuminate\\Filesystem\\Filesystem::Illuminate\\Filesystem\\{closure}()
#5 E:\\xampp-8.2\\htdocs\\nexelit\\@core\\vendor\\laravel\\framework\\src\\Illuminate\\View\\Engines\\PhpEngine.php(57): Illuminate\\Filesystem\\Filesystem->getRequire('E:\\\\xampp-8.2\\\\ht...', Array)
#6 E:\\xampp-8.2\\htdocs\\nexelit\\@core\\vendor\\laravel\\framework\\src\\Illuminate\\View\\Engines\\CompilerEngine.php(76): Illuminate\\View\\Engines\\PhpEngine->evaluatePath('E:\\\\xampp-8.2\\\\ht...', Array)
#7 E:\\xampp-8.2\\htdocs\\nexelit\\@core\\vendor\\laravel\\framework\\src\\Illuminate\\View\\View.php(208): Illuminate\\View\\Engines\\CompilerEngine->get('E:\\\\xampp-8.2\\\\ht...', Array)
#8 E:\\xampp-8.2\\htdocs\\nexelit\\@core\\vendor\\laravel\\framework\\src\\Illuminate\\View\\View.php(191): Illuminate\\View\\View->getContents()
#9 E:\\xampp-8.2\\htdocs\\nexelit\\@core\\vendor\\laravel\\framework\\src\\Illuminate\\View\\View.php(160): Illuminate\\View\\View->renderContents()
#10 E:\\xampp-8.2\\htdocs\\nexelit\\@core\\vendor\\laravel\\framework\\src\\Illuminate\\Http\\Response.php(78): Illuminate\\View\\View->render()
#11 E:\\xampp-8.2\\htdocs\\nexelit\\@core\\vendor\\laravel\\framework\\src\\Illuminate\\Http\\Response.php(34): Illuminate\\Http\\Response->setContent(Object(Illuminate\\View\\View))
#12 E:\\xampp-8.2\\htdocs\\nexelit\\@core\\vendor\\laravel\\framework\\src\\Illuminate\\Routing\\Router.php(939): Illuminate\\Http\\Response->__construct(Object(Illuminate\\View\\View), 200, Array)
#13 E:\\xampp-8.2\\htdocs\\nexelit\\@core\\vendor\\laravel\\framework\\src\\Illuminate\\Routing\\Router.php(906): Illuminate\\Routing\\Router::toResponse(Object(Illuminate\\Http\\Request), Object(Illuminate\\View\\View))
#14 E:\\xampp-8.2\\htdocs\\nexelit\\@core\\vendor\\laravel\\framework\\src\\Illuminate\\Routing\\Router.php(821): Illuminate\\Routing\\Router->prepareResponse(Object(Illuminate\\Http\\Request), Object(Illuminate\\View\\View))
#15 E:\\xampp-8.2\\htdocs\\nexelit\\@core\\vendor\\laravel\\framework\\src\\Illuminate\\Pipeline\\Pipeline.php(180): Illuminate\\Routing\\Router->Illuminate\\Routing\\{closure}(Object(Illuminate\\Http\\Request))
#16 E:\\xampp-8.2\\htdocs\\nexelit\\@core\\app\\Http\\Middleware\\HtmlMinifier.php(13): Illuminate\\Pipeline\\Pipeline->Illuminate\\Pipeline\\{closure}(Object(Illuminate\\Http\\Request))
#17 E:\\xampp-8.2\\htdocs\\nexelit\\@core\\vendor\\laravel\\framework\\src\\Illuminate\\Pipeline\\Pipeline.php(219): App\\Http\\Middleware\\HtmlMinifier->handle(Object(Illuminate\\Http\\Request), Object(Closure), ':class')
#18 E:\\xampp-8.2\\htdocs\\nexelit\\@core\\app\\Http\\Middleware\\MaintainsMode.php(22): Illuminate\\Pipeline\\Pipeline->Illuminate\\Pipeline\\{closure}(Object(Illuminate\\Http\\Request))
#19 E:\\xampp-8.2\\htdocs\\nexelit\\@core\\vendor\\laravel\\framework\\src\\Illuminate\\Pipeline\\Pipeline.php(219): App\\Http\\Middleware\\MaintainsMode->handle(Object(Illuminate\\Http\\Request), Object(Closure))
#20 E:\\xampp-8.2\\htdocs\\nexelit\\@core\\app\\Http\\Middleware\\GlobalVariableMiddleware.php(145): Illuminate\\Pipeline\\Pipeline->Illuminate\\Pipeline\\{closure}(Object(Illuminate\\Http\\Request))
#21 E:\\xampp-8.2\\htdocs\\nexelit\\@core\\vendor\\laravel\\framework\\src\\Illuminate\\Pipeline\\Pipeline.php(219): App\\Http\\Middleware\\GlobalVariableMiddleware->handle(Object(Illuminate\\Http\\Request), Object(Closure))
#22 E:\\xampp-8.2\\htdocs\\nexelit\\@core\\app\\Http\\Middleware\\SetUserLanguages.php(35): Illuminate\\Pipeline\\Pipeline->Illuminate\\Pipeline\\{closure}(Object(Illuminate\\Http\\Request))
#23 E:\\xampp-8.2\\htdocs\\nexelit\\@core\\vendor\\laravel\\framework\\src\\Illuminate\\Pipeline\\Pipeline.php(219): App\\Http\\Middleware\\SetUserLanguages->handle(Object(Illuminate\\Http\\Request), Object(Closure), 'frontend')
#24 E:\\xampp-8.2\\htdocs\\nexelit\\@core\\vendor\\barryvdh\\laravel-debugbar\\src\\Middleware\\InjectDebugbar.php(66): Illuminate\\Pipeline\\Pipeline->Illuminate\\Pipeline\\{closure}(Object(Illuminate\\Http\\Request))
#25 E:\\xampp-8.2\\htdocs\\nexelit\\@core\\vendor\\laravel\\framework\\src\\Illuminate\\Pipeline\\Pipeline.php(219): Barryvdh\\Debugbar\\Middleware\\InjectDebugbar->handle(Object(Illuminate\\Http\\Request), Object(Closure))
#26 E:\\xampp-8.2\\htdocs\\nexelit\\@core\\vendor\\laravel\\framework\\src\\Illuminate\\Routing\\Middleware\\SubstituteBindings.php(50): Illuminate\\Pipeline\\Pipeline->Illuminate\\Pipeline\\{closure}(Object(Illuminate\\Http\\Request))
#27 E:\\xampp-8.2\\htdocs\\nexelit\\@core\\vendor\\laravel\\framework\\src\\Illuminate\\Pipeline\\Pipeline.php(219): Illuminate\\Routing\\Middleware\\SubstituteBindings->handle(Object(Illuminate\\Http\\Request), Object(Closure))
#28 E:\\xampp-8.2\\htdocs\\nexelit\\@core\\vendor\\laravel\\framework\\src\\Illuminate\\Foundation\\Http\\Middleware\\VerifyCsrfToken.php(87): Illuminate\\Pipeline\\Pipeline->Illuminate\\Pipeline\\{closure}(Object(Illuminate\\Http\\Request))
#29 E:\\xampp-8.2\\htdocs\\nexelit\\@core\\vendor\\laravel\\framework\\src\\Illuminate\\Pipeline\\Pipeline.php(219): Illuminate\\Foundation\\Http\\Middleware\\VerifyCsrfToken->handle(Object(Illuminate\\Http\\Request), Object(Closure))
#30 E:\\xampp-8.2\\htdocs\\nexelit\\@core\\vendor\\laravel\\framework\\src\\Illuminate\\View\\Middleware\\ShareErrorsFromSession.php(48): Illuminate\\Pipeline\\Pipeline->Illuminate\\Pipeline\\{closure}(Object(Illuminate\\Http\\Request))
#31 E:\\xampp-8.2\\htdocs\\nexelit\\@core\\vendor\\laravel\\framework\\src\\Illuminate\\Pipeline\\Pipeline.php(219): Illuminate\\View\\Middleware\\ShareErrorsFromSession->handle(Object(Illuminate\\Http\\Request), Object(Closure))
#32 E:\\xampp-8.2\\htdocs\\nexelit\\@core\\vendor\\laravel\\framework\\src\\Illuminate\\Session\\Middleware\\StartSession.php(120): Illuminate\\Pipeline\\Pipeline->Illuminate\\Pipeline\\{closure}(Object(Illuminate\\Http\\Request))
#33 E:\\xampp-8.2\\htdocs\\nexelit\\@core\\vendor\\laravel\\framework\\src\\Illuminate\\Session\\Middleware\\StartSession.php(63): Illuminate\\Session\\Middleware\\StartSession->handleStatefulRequest(Object(Illuminate\\Http\\Request), Object(Illuminate\\Session\\Store), Object(Closure))
#34 E:\\xampp-8.2\\htdocs\\nexelit\\@core\\vendor\\laravel\\framework\\src\\Illuminate\\Pipeline\\Pipeline.php(219): Illuminate\\Session\\Middleware\\StartSession->handle(Object(Illuminate\\Http\\Request), Object(Closure))
#35 E:\\xampp-8.2\\htdocs\\nexelit\\@core\\vendor\\laravel\\framework\\src\\Illuminate\\Cookie\\Middleware\\AddQueuedCookiesToResponse.php(36): Illuminate\\Pipeline\\Pipeline->Illuminate\\Pipeline\\{closure}(Object(Illuminate\\Http\\Request))
#36 E:\\xampp-8.2\\htdocs\\nexelit\\@core\\vendor\\laravel\\framework\\src\\Illuminate\\Pipeline\\Pipeline.php(219): Illuminate\\Cookie\\Middleware\\AddQueuedCookiesToResponse->handle(Object(Illuminate\\Http\\Request), Object(Closure))
#37 E:\\xampp-8.2\\htdocs\\nexelit\\@core\\vendor\\laravel\\framework\\src\\Illuminate\\Cookie\\Middleware\\EncryptCookies.php(74): Illuminate\\Pipeline\\Pipeline->Illuminate\\Pipeline\\{closure}(Object(Illuminate\\Http\\Request))
#38 E:\\xampp-8.2\\htdocs\\nexelit\\@core\\vendor\\laravel\\framework\\src\\Illuminate\\Pipeline\\Pipeline.php(219): Illuminate\\Cookie\\Middleware\\EncryptCookies->handle(Object(Illuminate\\Http\\Request), Object(Closure))
#39 E:\\xampp-8.2\\htdocs\\nexelit\\@core\\vendor\\laravel\\framework\\src\\Illuminate\\Pipeline\\Pipeline.php(137): Illuminate\\Pipeline\\Pipeline->Illuminate\\Pipeline\\{closure}(Object(Illuminate\\Http\\Request))
#40 E:\\xampp-8.2\\htdocs\\nexelit\\@core\\vendor\\laravel\\framework\\src\\Illuminate\\Routing\\Router.php(821): Illuminate\\Pipeline\\Pipeline->then(Object(Closure))
#41 E:\\xampp-8.2\\htdocs\\nexelit\\@core\\vendor\\laravel\\framework\\src\\Illuminate\\Routing\\Router.php(800): Illuminate\\Routing\\Router->runRouteWithinStack(Object(Illuminate\\Routing\\Route), Object(Illuminate\\Http\\Request))
#42 E:\\xampp-8.2\\htdocs\\nexelit\\@core\\vendor\\laravel\\framework\\src\\Illuminate\\Routing\\Router.php(764): Illuminate\\Routing\\Router->runRoute(Object(Illuminate\\Http\\Request), Object(Illuminate\\Routing\\Route))
#43 E:\\xampp-8.2\\htdocs\\nexelit\\@core\\vendor\\laravel\\framework\\src\\Illuminate\\Routing\\Router.php(753): Illuminate\\Routing\\Router->dispatchToRoute(Object(Illuminate\\Http\\Request))
#44 E:\\xampp-8.2\\htdocs\\nexelit\\@core\\vendor\\laravel\\framework\\src\\Illuminate\\Foundation\\Http\\Kernel.php(200): Illuminate\\Routing\\Router->dispatch(Object(Illuminate\\Http\\Request))
#45 E:\\xampp-8.2\\htdocs\\nexelit\\@core\\vendor\\laravel\\framework\\src\\Illuminate\\Pipeline\\Pipeline.php(180): Illuminate\\Foundation\\Http\\Kernel->Illuminate\\Foundation\\Http\\{closure}(Object(Illuminate\\Http\\Request))
#46 E:\\xampp-8.2\\htdocs\\nexelit\\@core\\vendor\\barryvdh\\laravel-debugbar\\src\\Middleware\\InjectDebugbar.php(66): Illuminate\\Pipeline\\Pipeline->Illuminate\\Pipeline\\{closure}(Object(Illuminate\\Http\\Request))
#47 E:\\xampp-8.2\\htdocs\\nexelit\\@core\\vendor\\laravel\\framework\\src\\Illuminate\\Pipeline\\Pipeline.php(219): Barryvdh\\Debugbar\\Middleware\\InjectDebugbar->handle(Object(Illuminate\\Http\\Request), Object(Closure))
#48 E:\\xampp-8.2\\htdocs\\nexelit\\@core\\vendor\\xgenious\\installer\\src\\Http\\Middleware\\InstallerMiddleware.php(18): Illuminate\\Pipeline\\Pipeline->Illuminate\\Pipeline\\{closure}(Object(Illuminate\\Http\\Request))
#49 E:\\xampp-8.2\\htdocs\\nexelit\\@core\\vendor\\laravel\\framework\\src\\Illuminate\\Pipeline\\Pipeline.php(219): Xgenious\\Installer\\Http\\Middleware\\InstallerMiddleware->handle(Object(Illuminate\\Http\\Request), Object(Closure))
#50 E:\\xampp-8.2\\htdocs\\nexelit\\@core\\vendor\\laravel\\framework\\src\\Illuminate\\Foundation\\Http\\Middleware\\TransformsRequest.php(21): Illuminate\\Pipeline\\Pipeline->Illuminate\\Pipeline\\{closure}(Object(Illuminate\\Http\\Request))
#51 E:\\xampp-8.2\\htdocs\\nexelit\\@core\\vendor\\laravel\\framework\\src\\Illuminate\\Foundation\\Http\\Middleware\\ConvertEmptyStringsToNull.php(31): Illuminate\\Foundation\\Http\\Middleware\\TransformsRequest->handle(Object(Illuminate\\Http\\Request), Object(Closure))
#52 E:\\xampp-8.2\\htdocs\\nexelit\\@core\\vendor\\laravel\\framework\\src\\Illuminate\\Pipeline\\Pipeline.php(219): Illuminate\\Foundation\\Http\\Middleware\\ConvertEmptyStringsToNull->handle(Object(Illuminate\\Http\\Request), Object(Closure))
#53 E:\\xampp-8.2\\htdocs\\nexelit\\@core\\vendor\\laravel\\framework\\src\\Illuminate\\Foundation\\Http\\Middleware\\TransformsRequest.php(21): Illuminate\\Pipeline\\Pipeline->Illuminate\\Pipeline\\{closure}(Object(Illuminate\\Http\\Request))
#54 E:\\xampp-8.2\\htdocs\\nexelit\\@core\\vendor\\laravel\\framework\\src\\Illuminate\\Foundation\\Http\\Middleware\\TrimStrings.php(51): Illuminate\\Foundation\\Http\\Middleware\\TransformsRequest->handle(Object(Illuminate\\Http\\Request), Object(Closure))
#55 E:\\xampp-8.2\\htdocs\\nexelit\\@core\\vendor\\laravel\\framework\\src\\Illuminate\\Pipeline\\Pipeline.php(219): Illuminate\\Foundation\\Http\\Middleware\\TrimStrings->handle(Object(Illuminate\\Http\\Request), Object(Closure))
#56 E:\\xampp-8.2\\htdocs\\nexelit\\@core\\vendor\\laravel\\framework\\src\\Illuminate\\Http\\Middleware\\ValidatePostSize.php(27): Illuminate\\Pipeline\\Pipeline->Illuminate\\Pipeline\\{closure}(Object(Illuminate\\Http\\Request))
#57 E:\\xampp-8.2\\htdocs\\nexelit\\@core\\vendor\\laravel\\framework\\src\\Illuminate\\Pipeline\\Pipeline.php(219): Illuminate\\Http\\Middleware\\ValidatePostSize->handle(Object(Illuminate\\Http\\Request), Object(Closure))
#58 E:\\xampp-8.2\\htdocs\\nexelit\\@core\\vendor\\laravel\\framework\\src\\Illuminate\\Foundation\\Http\\Middleware\\PreventRequestsDuringMaintenance.php(109): Illuminate\\Pipeline\\Pipeline->Illuminate\\Pipeline\\{closure}(Object(Illuminate\\Http\\Request))
#59 E:\\xampp-8.2\\htdocs\\nexelit\\@core\\vendor\\laravel\\framework\\src\\Illuminate\\Pipeline\\Pipeline.php(219): Illuminate\\Foundation\\Http\\Middleware\\PreventRequestsDuringMaintenance->handle(Object(Illuminate\\Http\\Request), Object(Closure))
#60 E:\\xampp-8.2\\htdocs\\nexelit\\@core\\vendor\\laravel\\framework\\src\\Illuminate\\Http\\Middleware\\TrustProxies.php(58): Illuminate\\Pipeline\\Pipeline->Illuminate\\Pipeline\\{closure}(Object(Illuminate\\Http\\Request))
#61 E:\\xampp-8.2\\htdocs\\nexelit\\@core\\vendor\\laravel\\framework\\src\\Illuminate\\Pipeline\\Pipeline.php(219): Illuminate\\Http\\Middleware\\TrustProxies->handle(Object(Illuminate\\Http\\Request), Object(Closure))
#62 E:\\xampp-8.2\\htdocs\\nexelit\\@core\\vendor\\laravel\\framework\\src\\Illuminate\\Pipeline\\Pipeline.php(137): Illuminate\\Pipeline\\Pipeline->Illuminate\\Pipeline\\{closure}(Object(Illuminate\\Http\\Request))
#63 E:\\xampp-8.2\\htdocs\\nexelit\\@core\\vendor\\laravel\\framework\\src\\Illuminate\\Foundation\\Http\\Kernel.php(175): Illuminate\\Pipeline\\Pipeline->then(Object(Closure))
#64 E:\\xampp-8.2\\htdocs\\nexelit\\@core\\vendor\\laravel\\framework\\src\\Illuminate\\Foundation\\Http\\Kernel.php(144): Illuminate\\Foundation\\Http\\Kernel->sendRequestThroughRouter(Object(Illuminate\\Http\\Request))
#65 E:\\xampp-8.2\\htdocs\\nexelit\\index.php(54): Illuminate\\Foundation\\Http\\Kernel->handle(Object(Illuminate\\Http\\Request))
#66 {main}
"} 
[2026-09-14 21:26:05] development.ERROR: View [frontend.home-pages.home-] not found. {"view":{"view":"E:\\xampp-8.2\\htdocs\\nexelit\\@core\\resources\\views\\frontend\\frontend-home.blade.php","data":{"home_page_variant":"<pre class=sf-dump id=sf-dump-1021926823 data-indent-pad=\"  \"><span class=sf-dump-const>null</span>
</pre><script>Sfdump(\"sf-dump-1021926823\", {\"maxDepth\":3,\"maxStringLength\":160})</script>
","errors":"<pre class=sf-dump id=sf-dump-734010669 data-indent-pad=\"  \"><span class=sf-dump-note>Illuminate\\Support\\ViewErrorBag</span> {<a class=sf-dump-ref>#2042</a><samp data-depth=1 class=sf-dump-expanded>
  #<span class=sf-dump-protected title=\"Protected property\">bags</span>: []
</samp>}
</pre><script>Sfdump(\"sf-dump-734010669\", {\"maxDepth\":3,\"maxStringLength\":160})</script>
","static_field_data":"<pre class=sf-dump id=sf-dump-1266947370 data-indent-pad=\"  \">[]
</pre><script>Sfdump(\"sf-dump-1266947370\", {\"maxDepth\":3,\"maxStringLength\":160})</script>
","all_header_slider":"<pre class=sf-dump id=sf-dump-1825787540 data-indent-pad=\"  \"><span class=sf-dump-note>Illuminate\\Database\\Eloquent\\Collection</span> {<a class=sf-dump-ref>#2607</a><samp data-depth=1 class=sf-dump-expanded>
  #<span class=sf-dump-protected title=\"Protected property\">items</span>: []
  #<span class=sf-dump-protected title=\"Protected property\">escapeWhenCastingToString</span>: <span class=sf-dump-const>false</span>
</samp>}
</pre><script>Sfdump(\"sf-dump-1825787540\", {\"maxDepth\":3,\"maxStringLength\":160})</script>
","all_counterup":"<pre class=sf-dump id=sf-dump-147041190 data-indent-pad=\"  \"><span class=sf-dump-note>Illuminate\\Database\\Eloquent\\Collection</span> {<a class=sf-dump-ref>#2614</a><samp data-depth=1 class=sf-dump-expanded>
  #<span class=sf-dump-protected title=\"Protected property\">items</span>: []
  #<span class=sf-dump-protected title=\"Protected property\">escapeWhenCastingToString</span>: <span class=sf-dump-const>false</span>
</samp>}
</pre><script>Sfdump(\"sf-dump-147041190\", {\"maxDepth\":3,\"maxStringLength\":160})</script>
","all_key_features":"<pre class=sf-dump id=sf-dump-1533489416 data-indent-pad=\"  \"><span class=sf-dump-note>Illuminate\\Database\\Eloquent\\Collection</span> {<a class=sf-dump-ref>#2622</a><samp data-depth=1 class=sf-dump-expanded>
  #<span class=sf-dump-protected title=\"Protected property\">items</span>: []
  #<span class=sf-dump-protected title=\"Protected property\">escapeWhenCastingToString</span>: <span class=sf-dump-const>false</span>
</samp>}
</pre><script>Sfdump(\"sf-dump-1533489416\", {\"maxDepth\":3,\"maxStringLength\":160})</script>
","all_service":"<pre class=sf-dump id=sf-dump-395862996 data-indent-pad=\"  \"><span class=sf-dump-note>Illuminate\\Database\\Eloquent\\Collection</span> {<a class=sf-dump-ref>#2617</a><samp data-depth=1 class=sf-dump-expanded>
  #<span class=sf-dump-protected title=\"Protected property\">items</span>: []
  #<span class=sf-dump-protected title=\"Protected property\">escapeWhenCastingToString</span>: <span class=sf-dump-const>false</span>
</samp>}
</pre><script>Sfdump(\"sf-dump-395862996\", {\"maxDepth\":3,\"maxStringLength\":160})</script>
","all_testimonial":"<pre class=sf-dump id=sf-dump-650071901 data-indent-pad=\"  \"><span class=sf-dump-note>Illuminate\\Database\\Eloquent\\Collection</span> {<a class=sf-dump-ref>#2640</a><samp data-depth=1 class=sf-dump-expanded>
  #<span class=sf-dump-protected title=\"Protected property\">items</span>: []
  #<span class=sf-dump-protected title=\"Protected property\">escapeWhenCastingToString</span>: <span class=sf-dump-const>false</span>
</samp>}
</pre><script>Sfdump(\"sf-dump-650071901\", {\"maxDepth\":3,\"maxStringLength\":160})</script>
","all_blog":"<pre class=sf-dump id=sf-dump-2064766564 data-indent-pad=\"  \"><span class=sf-dump-note>Illuminate\\Database\\Eloquent\\Collection</span> {<a class=sf-dump-ref>#2569</a><samp data-depth=1 class=sf-dump-expanded>
  #<span class=sf-dump-protected title=\"Protected property\">items</span>: []
  #<span class=sf-dump-protected title=\"Protected property\">escapeWhenCastingToString</span>: <span class=sf-dump-const>false</span>
</samp>}
</pre><script>Sfdump(\"sf-dump-2064766564\", {\"maxDepth\":3,\"maxStringLength\":160})</script>
","all_price_plan":"<pre class=sf-dump id=sf-dump-712548258 data-indent-pad=\"  \"><span class=sf-dump-note>Illuminate\\Database\\Eloquent\\Collection</span> {<a class=sf-dump-ref>#2634</a><samp data-depth=1 class=sf-dump-expanded>
  #<span class=sf-dump-protected title=\"Protected property\">items</span>: []
  #<span class=sf-dump-protected title=\"Protected property\">escapeWhenCastingToString</span>: <span class=sf-dump-const>false</span>
</samp>}
</pre><script>Sfdump(\"sf-dump-712548258\", {\"maxDepth\":3,\"maxStringLength\":160})</script>
","all_team_members":"<pre class=sf-dump id=sf-dump-2100531261 data-indent-pad=\"  \"><span class=sf-dump-note>Illuminate\\Database\\Eloquent\\Collection</span> {<a class=sf-dump-ref>#2661</a><samp data-depth=1 class=sf-dump-expanded>
  #<span class=sf-dump-protected title=\"Protected property\">items</span>: []
  #<span class=sf-dump-protected title=\"Protected property\">escapeWhenCastingToString</span>: <span class=sf-dump-const>false</span>
</samp>}
</pre><script>Sfdump(\"sf-dump-2100531261\", {\"maxDepth\":3,\"maxStringLength\":160})</script>
","all_brand_logo":"<pre class=sf-dump id=sf-dump-1283613037 data-indent-pad=\"  \"><span class=sf-dump-note>Illuminate\\Database\\Eloquent\\Collection</span> {<a class=sf-dump-ref>#2681</a><samp data-depth=1 class=sf-dump-expanded>
  #<span class=sf-dump-protected title=\"Protected property\">items</span>: []
  #<span class=sf-dump-protected title=\"Protected property\">escapeWhenCastingToString</span>: <span class=sf-dump-const>false</span>
</samp>}
</pre><script>Sfdump(\"sf-dump-1283613037\", {\"maxDepth\":3,\"maxStringLength\":160})</script>
","all_work_category":"<pre class=sf-dump id=sf-dump-1118676417 data-indent-pad=\"  \"><span class=sf-dump-note>Illuminate\\Database\\Eloquent\\Collection</span> {<a class=sf-dump-ref>#2734</a><samp data-depth=1 class=sf-dump-expanded>
  #<span class=sf-dump-protected title=\"Protected property\">items</span>: []
  #<span class=sf-dump-protected title=\"Protected property\">escapeWhenCastingToString</span>: <span class=sf-dump-const>false</span>
</samp>}
</pre><script>Sfdump(\"sf-dump-1118676417\", {\"maxDepth\":3,\"maxStringLength\":160})</script>
","all_work":"<pre class=sf-dump id=sf-dump-1645702268 data-indent-pad=\"  \"><span class=sf-dump-note>Illuminate\\Database\\Eloquent\\Collection</span> {<a class=sf-dump-ref>#2666</a><samp data-depth=1 class=sf-dump-expanded>
  #<span class=sf-dump-protected title=\"Protected property\">items</span>: []
  #<span class=sf-dump-protected title=\"Protected property\">escapeWhenCastingToString</span>: <span class=sf-dump-const>false</span>
</samp>}
</pre><script>Sfdump(\"sf-dump-1645702268\", {\"maxDepth\":3,\"maxStringLength\":160})</script>
","all_service_category":"<pre class=sf-dump id=sf-dump-87123566 data-indent-pad=\"  \"><span class=sf-dump-note>Illuminate\\Database\\Eloquent\\Collection</span> {<a class=sf-dump-ref>#2691</a><samp data-depth=1 class=sf-dump-expanded>
  #<span class=sf-dump-protected title=\"Protected property\">items</span>: []
  #<span class=sf-dump-protected title=\"Protected property\">escapeWhenCastingToString</span>: <span class=sf-dump-const>false</span>
</samp>}
</pre><script>Sfdump(\"sf-dump-87123566\", {\"maxDepth\":3,\"maxStringLength\":160})</script>
","all_contact_info":"<pre class=sf-dump id=sf-dump-1785567438 data-indent-pad=\"  \"><span class=sf-dump-note>Illuminate\\Database\\Eloquent\\Collection</span> {<a class=sf-dump-ref>#2704</a><samp data-depth=1 class=sf-dump-expanded>
  #<span class=sf-dump-protected title=\"Protected property\">items</span>: []
  #<span class=sf-dump-protected title=\"Protected property\">escapeWhenCastingToString</span>: <span class=sf-dump-const>false</span>
</samp>}
</pre><script>Sfdump(\"sf-dump-1785567438\", {\"maxDepth\":3,\"maxStringLength\":160})</script>
","global_static_field_data":"<pre class=sf-dump id=sf-dump-1607400104 data-indent-pad=\"  \">[]
</pre><script>Sfdump(\"sf-dump-1607400104\", {\"maxDepth\":3,\"maxStringLength\":160})</script>
","popup_details":"<pre class=sf-dump id=sf-dump-922125121 data-indent-pad=\"  \"><span class=sf-dump-const>null</span>
</pre><script>Sfdump(\"sf-dump-922125121\", {\"maxDepth\":3,\"maxStringLength\":160})</script>
","all_usefull_links":"<pre class=sf-dump id=sf-dump-277803579 data-indent-pad=\"  \"><span class=sf-dump-const>null</span>
</pre><script>Sfdump(\"sf-dump-277803579\", {\"maxDepth\":3,\"maxStringLength\":160})</script>
","all_important_links":"<pre class=sf-dump id=sf-dump-1744091172 data-indent-pad=\"  \"><span class=sf-dump-const>null</span>
</pre><script>Sfdump(\"sf-dump-1744091172\", {\"maxDepth\":3,\"maxStringLength\":160})</script>
","all_recent_post":"<pre class=sf-dump id=sf-dump-49531738 data-indent-pad=\"  \"><span class=sf-dump-note>Illuminate\\Database\\Eloquent\\Collection</span> {<a class=sf-dump-ref>#2517</a><samp data-depth=1 class=sf-dump-expanded>
  #<span class=sf-dump-protected title=\"Protected property\">items</span>: []
  #<span class=sf-dump-protected title=\"Protected property\">escapeWhenCastingToString</span>: <span class=sf-dump-const>false</span>
</samp>}
</pre><script>Sfdump(\"sf-dump-49531738\", {\"maxDepth\":3,\"maxStringLength\":160})</script>
","all_social_item":"<pre class=sf-dump id=sf-dump-551151316 data-indent-pad=\"  \"><span class=sf-dump-note>Illuminate\\Database\\Eloquent\\Collection</span> {<a class=sf-dump-ref>#2485</a><samp data-depth=1 class=sf-dump-expanded>
  #<span class=sf-dump-protected title=\"Protected property\">items</span>: []
  #<span class=sf-dump-protected title=\"Protected property\">escapeWhenCastingToString</span>: <span class=sf-dump-const>false</span>
</samp>}
</pre><script>Sfdump(\"sf-dump-551151316\", {\"maxDepth\":3,\"maxStringLength\":160})</script>
","all_language":"<pre class=sf-dump id=sf-dump-1232101181 data-indent-pad=\"  \"><span class=sf-dump-note>Illuminate\\Database\\Eloquent\\Collection</span> {<a class=sf-dump-ref>#2522</a><samp data-depth=1 class=sf-dump-expanded>
  #<span class=sf-dump-protected title=\"Protected property\">items</span>: <span class=sf-dump-note>array:1</span> [<samp data-depth=2 class=sf-dump-compact>
    <span class=sf-dump-index>0</span> => <span class=\"sf-dump-note sf-dump-ellipsization\" title=\"App\\Language
\"><span class=\"sf-dump-ellipsis sf-dump-ellipsis-note\">App</span><span class=\"sf-dump-ellipsis sf-dump-ellipsis-note\">\\</span><span class=\"sf-dump-ellipsis-tail\">Language</span></span> {<a class=sf-dump-ref>#2524</a><samp data-depth=3 class=sf-dump-compact>
      #<span class=sf-dump-protected title=\"Protected property\">connection</span>: \"<span class=sf-dump-str title=\"5 characters\">mysql</span>\"
      #<span class=sf-dump-protected title=\"Protected property\">table</span>: \"<span class=sf-dump-str title=\"9 characters\">languages</span>\"
      #<span class=sf-dump-protected title=\"Protected property\">primaryKey</span>: \"<span class=sf-dump-str title=\"2 characters\">id</span>\"
      #<span class=sf-dump-protected title=\"Protected property\">keyType</span>: \"<span class=sf-dump-str title=\"3 characters\">int</span>\"
      +<span class=sf-dump-public title=\"Public property\">incrementing</span>: <span class=sf-dump-const>true</span>
      #<span class=sf-dump-protected title=\"Protected property\">with</span>: []
      #<span class=sf-dump-protected title=\"Protected property\">withCount</span>: []
      +<span class=sf-dump-public title=\"Public property\">preventsLazyLoading</span>: <span class=sf-dump-const>false</span>
      #<span class=sf-dump-protected title=\"Protected property\">perPage</span>: <span class=sf-dump-num>15</span>
      +<span class=sf-dump-public title=\"Public property\">exists</span>: <span class=sf-dump-const>true</span>
      +<span class=sf-dump-public title=\"Public property\">wasRecentlyCreated</span>: <span class=sf-dump-const>false</span>
      #<span class=sf-dump-protected title=\"Protected property\">escapeWhenCastingToString</span>: <span class=sf-dump-const>false</span>
      #<span class=sf-dump-protected title=\"Protected property\">attributes</span>: <span class=sf-dump-note>array:8</span> [ &#8230;8]
      #<span class=sf-dump-protected title=\"Protected property\">original</span>: <span class=sf-dump-note>array:8</span> [ &#8230;8]
      #<span class=sf-dump-protected title=\"Protected property\">changes</span>: []
      #<span class=sf-dump-protected title=\"Protected property\">previous</span>: []
      #<span class=sf-dump-protected title=\"Protected property\">casts</span>: []
      #<span class=sf-dump-protected title=\"Protected property\">classCastCache</span>: []
      #<span class=sf-dump-protected title=\"Protected property\">attributeCastCache</span>: []
      #<span class=sf-dump-protected title=\"Protected property\">dateFormat</span>: <span class=sf-dump-const>null</span>
      #<span class=sf-dump-protected title=\"Protected property\">appends</span>: []
      #<span class=sf-dump-protected title=\"Protected property\">dispatchesEvents</span>: []
      #<span class=sf-dump-protected title=\"Protected property\">observables</span>: []
      #<span class=sf-dump-protected title=\"Protected property\">relations</span>: []
      #<span class=sf-dump-protected title=\"Protected property\">touches</span>: []
      #<span class=sf-dump-protected title=\"Protected property\">relationAutoloadCallback</span>: <span class=sf-dump-const>null</span>
      #<span class=sf-dump-protected title=\"Protected property\">relationAutoloadContext</span>: <span class=sf-dump-const>null</span>
      +<span class=sf-dump-public title=\"Public property\">timestamps</span>: <span class=sf-dump-const>true</span>
      +<span class=sf-dump-public title=\"Public property\">usesUniqueIds</span>: <span class=sf-dump-const>false</span>
      #<span class=sf-dump-protected title=\"Protected property\">hidden</span>: []
      #<span class=sf-dump-protected title=\"Protected property\">visible</span>: []
      #<span class=sf-dump-protected title=\"Protected property\">fillable</span>: <span class=sf-dump-note>array:5</span> [ &#8230;5]
      #<span class=sf-dump-protected title=\"Protected property\">guarded</span>: <span class=sf-dump-note>array:1</span> [ &#8230;1]
    </samp>}
  </samp>]
  #<span class=sf-dump-protected title=\"Protected property\">escapeWhenCastingToString</span>: <span class=sf-dump-const>false</span>
</samp>}
</pre><script>Sfdump(\"sf-dump-1232101181\", {\"maxDepth\":3,\"maxStringLength\":160})</script>
","primary_menu":"<pre class=sf-dump id=sf-dump-2044150910 data-indent-pad=\"  \"><span class=sf-dump-const>null</span>
</pre><script>Sfdump(\"sf-dump-2044150910\", {\"maxDepth\":3,\"maxStringLength\":160})</script>
","footer_widgets":"<pre class=sf-dump id=sf-dump-446196816 data-indent-pad=\"  \"><span class=sf-dump-note>Illuminate\\Database\\Eloquent\\Collection</span> {<a class=sf-dump-ref>#2544</a><samp data-depth=1 class=sf-dump-expanded>
  #<span class=sf-dump-protected title=\"Protected property\">items</span>: []
  #<span class=sf-dump-protected title=\"Protected property\">escapeWhenCastingToString</span>: <span class=sf-dump-const>false</span>
</samp>}
</pre><script>Sfdump(\"sf-dump-446196816\", {\"maxDepth\":3,\"maxStringLength\":160})</script>
","user_select_lang_slug":"<pre class=sf-dump id=sf-dump-405312286 data-indent-pad=\"  \">\"<span class=sf-dump-str title=\"5 characters\">en_US</span>\"
</pre><script>Sfdump(\"sf-dump-405312286\", {\"maxDepth\":3,\"maxStringLength\":160})</script>
"}},"exception":"[object] (Spatie\\LaravelIgnition\\Exceptions\\ViewException(code: 0): View [frontend.home-pages.home-] not found. at E:\\xampp-8.2\\htdocs\\nexelit\\@core\\vendor\\laravel\\framework\\src\\Illuminate\\View\\FileViewFinder.php:138)
[stacktrace]
#0 E:\\xampp-8.2\\htdocs\\nexelit\\@core\\vendor\\laravel\\framework\\src\\Illuminate\\View\\FileViewFinder.php(78): Illuminate\\View\\FileViewFinder->findInPaths('frontend.home-p...', Array)
#1 E:\\xampp-8.2\\htdocs\\nexelit\\@core\\vendor\\laravel\\framework\\src\\Illuminate\\View\\Factory.php(150): Illuminate\\View\\FileViewFinder->find('frontend.home-p...')
#2 E:\\xampp-8.2\\htdocs\\nexelit\\@core\\resources\\views\\frontend\\frontend-home.blade.php(10): Illuminate\\View\\Factory->make('frontend.home-p...', Array)
#3 E:\\xampp-8.2\\htdocs\\nexelit\\@core\\vendor\\laravel\\framework\\src\\Illuminate\\Filesystem\\Filesystem.php(123): require('E:\\\\xampp-8.2\\\\ht...')
#4 E:\\xampp-8.2\\htdocs\\nexelit\\@core\\vendor\\laravel\\framework\\src\\Illuminate\\Filesystem\\Filesystem.php(124): Illuminate\\Filesystem\\Filesystem::Illuminate\\Filesystem\\{closure}()
#5 E:\\xampp-8.2\\htdocs\\nexelit\\@core\\vendor\\laravel\\framework\\src\\Illuminate\\View\\Engines\\PhpEngine.php(57): Illuminate\\Filesystem\\Filesystem->getRequire('E:\\\\xampp-8.2\\\\ht...', Array)
#6 E:\\xampp-8.2\\htdocs\\nexelit\\@core\\vendor\\laravel\\framework\\src\\Illuminate\\View\\Engines\\CompilerEngine.php(76): Illuminate\\View\\Engines\\PhpEngine->evaluatePath('E:\\\\xampp-8.2\\\\ht...', Array)
#7 E:\\xampp-8.2\\htdocs\\nexelit\\@core\\vendor\\laravel\\framework\\src\\Illuminate\\View\\View.php(208): Illuminate\\View\\Engines\\CompilerEngine->get('E:\\\\xampp-8.2\\\\ht...', Array)
#8 E:\\xampp-8.2\\htdocs\\nexelit\\@core\\vendor\\laravel\\framework\\src\\Illuminate\\View\\View.php(191): Illuminate\\View\\View->getContents()
#9 E:\\xampp-8.2\\htdocs\\nexelit\\@core\\vendor\\laravel\\framework\\src\\Illuminate\\View\\View.php(160): Illuminate\\View\\View->renderContents()
#10 E:\\xampp-8.2\\htdocs\\nexelit\\@core\\vendor\\laravel\\framework\\src\\Illuminate\\Http\\Response.php(78): Illuminate\\View\\View->render()
#11 E:\\xampp-8.2\\htdocs\\nexelit\\@core\\vendor\\laravel\\framework\\src\\Illuminate\\Http\\Response.php(34): Illuminate\\Http\\Response->setContent(Object(Illuminate\\View\\View))
#12 E:\\xampp-8.2\\htdocs\\nexelit\\@core\\vendor\\laravel\\framework\\src\\Illuminate\\Routing\\Router.php(939): Illuminate\\Http\\Response->__construct(Object(Illuminate\\View\\View), 200, Array)
#13 E:\\xampp-8.2\\htdocs\\nexelit\\@core\\vendor\\laravel\\framework\\src\\Illuminate\\Routing\\Router.php(906): Illuminate\\Routing\\Router::toResponse(Object(Illuminate\\Http\\Request), Object(Illuminate\\View\\View))
#14 E:\\xampp-8.2\\htdocs\\nexelit\\@core\\vendor\\laravel\\framework\\src\\Illuminate\\Routing\\Router.php(821): Illuminate\\Routing\\Router->prepareResponse(Object(Illuminate\\Http\\Request), Object(Illuminate\\View\\View))
#15 E:\\xampp-8.2\\htdocs\\nexelit\\@core\\vendor\\laravel\\framework\\src\\Illuminate\\Pipeline\\Pipeline.php(180): Illuminate\\Routing\\Router->Illuminate\\Routing\\{closure}(Object(Illuminate\\Http\\Request))
#16 E:\\xampp-8.2\\htdocs\\nexelit\\@core\\app\\Http\\Middleware\\HtmlMinifier.php(13): Illuminate\\Pipeline\\Pipeline->Illuminate\\Pipeline\\{closure}(Object(Illuminate\\Http\\Request))
#17 E:\\xampp-8.2\\htdocs\\nexelit\\@core\\vendor\\laravel\\framework\\src\\Illuminate\\Pipeline\\Pipeline.php(219): App\\Http\\Middleware\\HtmlMinifier->handle(Object(Illuminate\\Http\\Request), Object(Closure), ':class')
#18 E:\\xampp-8.2\\htdocs\\nexelit\\@core\\app\\Http\\Middleware\\MaintainsMode.php(22): Illuminate\\Pipeline\\Pipeline->Illuminate\\Pipeline\\{closure}(Object(Illuminate\\Http\\Request))
#19 E:\\xampp-8.2\\htdocs\\nexelit\\@core\\vendor\\laravel\\framework\\src\\Illuminate\\Pipeline\\Pipeline.php(219): App\\Http\\Middleware\\MaintainsMode->handle(Object(Illuminate\\Http\\Request), Object(Closure))
#20 E:\\xampp-8.2\\htdocs\\nexelit\\@core\\app\\Http\\Middleware\\GlobalVariableMiddleware.php(145): Illuminate\\Pipeline\\Pipeline->Illuminate\\Pipeline\\{closure}(Object(Illuminate\\Http\\Request))
#21 E:\\xampp-8.2\\htdocs\\nexelit\\@core\\vendor\\laravel\\framework\\src\\Illuminate\\Pipeline\\Pipeline.php(219): App\\Http\\Middleware\\GlobalVariableMiddleware->handle(Object(Illuminate\\Http\\Request), Object(Closure))
#22 E:\\xampp-8.2\\htdocs\\nexelit\\@core\\app\\Http\\Middleware\\SetUserLanguages.php(35): Illuminate\\Pipeline\\Pipeline->Illuminate\\Pipeline\\{closure}(Object(Illuminate\\Http\\Request))
#23 E:\\xampp-8.2\\htdocs\\nexelit\\@core\\vendor\\laravel\\framework\\src\\Illuminate\\Pipeline\\Pipeline.php(219): App\\Http\\Middleware\\SetUserLanguages->handle(Object(Illuminate\\Http\\Request), Object(Closure), 'frontend')
#24 E:\\xampp-8.2\\htdocs\\nexelit\\@core\\vendor\\barryvdh\\laravel-debugbar\\src\\Middleware\\InjectDebugbar.php(66): Illuminate\\Pipeline\\Pipeline->Illuminate\\Pipeline\\{closure}(Object(Illuminate\\Http\\Request))
#25 E:\\xampp-8.2\\htdocs\\nexelit\\@core\\vendor\\laravel\\framework\\src\\Illuminate\\Pipeline\\Pipeline.php(219): Barryvdh\\Debugbar\\Middleware\\InjectDebugbar->handle(Object(Illuminate\\Http\\Request), Object(Closure))
#26 E:\\xampp-8.2\\htdocs\\nexelit\\@core\\vendor\\laravel\\framework\\src\\Illuminate\\Routing\\Middleware\\SubstituteBindings.php(50): Illuminate\\Pipeline\\Pipeline->Illuminate\\Pipeline\\{closure}(Object(Illuminate\\Http\\Request))
#27 E:\\xampp-8.2\\htdocs\\nexelit\\@core\\vendor\\laravel\\framework\\src\\Illuminate\\Pipeline\\Pipeline.php(219): Illuminate\\Routing\\Middleware\\SubstituteBindings->handle(Object(Illuminate\\Http\\Request), Object(Closure))
#28 E:\\xampp-8.2\\htdocs\\nexelit\\@core\\vendor\\laravel\\framework\\src\\Illuminate\\Foundation\\Http\\Middleware\\VerifyCsrfToken.php(87): Illuminate\\Pipeline\\Pipeline->Illuminate\\Pipeline\\{closure}(Object(Illuminate\\Http\\Request))
#29 E:\\xampp-8.2\\htdocs\\nexelit\\@core\\vendor\\laravel\\framework\\src\\Illuminate\\Pipeline\\Pipeline.php(219): Illuminate\\Foundation\\Http\\Middleware\\VerifyCsrfToken->handle(Object(Illuminate\\Http\\Request), Object(Closure))
#30 E:\\xampp-8.2\\htdocs\\nexelit\\@core\\vendor\\laravel\\framework\\src\\Illuminate\\View\\Middleware\\ShareErrorsFromSession.php(48): Illuminate\\Pipeline\\Pipeline->Illuminate\\Pipeline\\{closure}(Object(Illuminate\\Http\\Request))
#31 E:\\xampp-8.2\\htdocs\\nexelit\\@core\\vendor\\laravel\\framework\\src\\Illuminate\\Pipeline\\Pipeline.php(219): Illuminate\\View\\Middleware\\ShareErrorsFromSession->handle(Object(Illuminate\\Http\\Request), Object(Closure))
#32 E:\\xampp-8.2\\htdocs\\nexelit\\@core\\vendor\\laravel\\framework\\src\\Illuminate\\Session\\Middleware\\StartSession.php(120): Illuminate\\Pipeline\\Pipeline->Illuminate\\Pipeline\\{closure}(Object(Illuminate\\Http\\Request))
#33 E:\\xampp-8.2\\htdocs\\nexelit\\@core\\vendor\\laravel\\framework\\src\\Illuminate\\Session\\Middleware\\StartSession.php(63): Illuminate\\Session\\Middleware\\StartSession->handleStatefulRequest(Object(Illuminate\\Http\\Request), Object(Illuminate\\Session\\Store), Object(Closure))
#34 E:\\xampp-8.2\\htdocs\\nexelit\\@core\\vendor\\laravel\\framework\\src\\Illuminate\\Pipeline\\Pipeline.php(219): Illuminate\\Session\\Middleware\\StartSession->handle(Object(Illuminate\\Http\\Request), Object(Closure))
#35 E:\\xampp-8.2\\htdocs\\nexelit\\@core\\vendor\\laravel\\framework\\src\\Illuminate\\Cookie\\Middleware\\AddQueuedCookiesToResponse.php(36): Illuminate\\Pipeline\\Pipeline->Illuminate\\Pipeline\\{closure}(Object(Illuminate\\Http\\Request))
#36 E:\\xampp-8.2\\htdocs\\nexelit\\@core\\vendor\\laravel\\framework\\src\\Illuminate\\Pipeline\\Pipeline.php(219): Illuminate\\Cookie\\Middleware\\AddQueuedCookiesToResponse->handle(Object(Illuminate\\Http\\Request), Object(Closure))
#37 E:\\xampp-8.2\\htdocs\\nexelit\\@core\\vendor\\laravel\\framework\\src\\Illuminate\\Cookie\\Middleware\\EncryptCookies.php(74): Illuminate\\Pipeline\\Pipeline->Illuminate\\Pipeline\\{closure}(Object(Illuminate\\Http\\Request))
#38 E:\\xampp-8.2\\htdocs\\nexelit\\@core\\vendor\\laravel\\framework\\src\\Illuminate\\Pipeline\\Pipeline.php(219): Illuminate\\Cookie\\Middleware\\EncryptCookies->handle(Object(Illuminate\\Http\\Request), Object(Closure))
#39 E:\\xampp-8.2\\htdocs\\nexelit\\@core\\vendor\\laravel\\framework\\src\\Illuminate\\Pipeline\\Pipeline.php(137): Illuminate\\Pipeline\\Pipeline->Illuminate\\Pipeline\\{closure}(Object(Illuminate\\Http\\Request))
#40 E:\\xampp-8.2\\htdocs\\nexelit\\@core\\vendor\\laravel\\framework\\src\\Illuminate\\Routing\\Router.php(821): Illuminate\\Pipeline\\Pipeline->then(Object(Closure))
#41 E:\\xampp-8.2\\htdocs\\nexelit\\@core\\vendor\\laravel\\framework\\src\\Illuminate\\Routing\\Router.php(800): Illuminate\\Routing\\Router->runRouteWithinStack(Object(Illuminate\\Routing\\Route), Object(Illuminate\\Http\\Request))
#42 E:\\xampp-8.2\\htdocs\\nexelit\\@core\\vendor\\laravel\\framework\\src\\Illuminate\\Routing\\Router.php(764): Illuminate\\Routing\\Router->runRoute(Object(Illuminate\\Http\\Request), Object(Illuminate\\Routing\\Route))
#43 E:\\xampp-8.2\\htdocs\\nexelit\\@core\\vendor\\laravel\\framework\\src\\Illuminate\\Routing\\Router.php(753): Illuminate\\Routing\\Router->dispatchToRoute(Object(Illuminate\\Http\\Request))
#44 E:\\xampp-8.2\\htdocs\\nexelit\\@core\\vendor\\laravel\\framework\\src\\Illuminate\\Foundation\\Http\\Kernel.php(200): Illuminate\\Routing\\Router->dispatch(Object(Illuminate\\Http\\Request))
#45 E:\\xampp-8.2\\htdocs\\nexelit\\@core\\vendor\\laravel\\framework\\src\\Illuminate\\Pipeline\\Pipeline.php(180): Illuminate\\Foundation\\Http\\Kernel->Illuminate\\Foundation\\Http\\{closure}(Object(Illuminate\\Http\\Request))
#46 E:\\xampp-8.2\\htdocs\\nexelit\\@core\\vendor\\barryvdh\\laravel-debugbar\\src\\Middleware\\InjectDebugbar.php(66): Illuminate\\Pipeline\\Pipeline->Illuminate\\Pipeline\\{closure}(Object(Illuminate\\Http\\Request))
#47 E:\\xampp-8.2\\htdocs\\nexelit\\@core\\vendor\\laravel\\framework\\src\\Illuminate\\Pipeline\\Pipeline.php(219): Barryvdh\\Debugbar\\Middleware\\InjectDebugbar->handle(Object(Illuminate\\Http\\Request), Object(Closure))
#48 E:\\xampp-8.2\\htdocs\\nexelit\\@core\\vendor\\xgenious\\installer\\src\\Http\\Middleware\\InstallerMiddleware.php(18): Illuminate\\Pipeline\\Pipeline->Illuminate\\Pipeline\\{closure}(Object(Illuminate\\Http\\Request))
#49 E:\\xampp-8.2\\htdocs\\nexelit\\@core\\vendor\\laravel\\framework\\src\\Illuminate\\Pipeline\\Pipeline.php(219): Xgenious\\Installer\\Http\\Middleware\\InstallerMiddleware->handle(Object(Illuminate\\Http\\Request), Object(Closure))
#50 E:\\xampp-8.2\\htdocs\\nexelit\\@core\\vendor\\laravel\\framework\\src\\Illuminate\\Foundation\\Http\\Middleware\\TransformsRequest.php(21): Illuminate\\Pipeline\\Pipeline->Illuminate\\Pipeline\\{closure}(Object(Illuminate\\Http\\Request))
#51 E:\\xampp-8.2\\htdocs\\nexelit\\@core\\vendor\\laravel\\framework\\src\\Illuminate\\Foundation\\Http\\Middleware\\ConvertEmptyStringsToNull.php(31): Illuminate\\Foundation\\Http\\Middleware\\TransformsRequest->handle(Object(Illuminate\\Http\\Request), Object(Closure))
#52 E:\\xampp-8.2\\htdocs\\nexelit\\@core\\vendor\\laravel\\framework\\src\\Illuminate\\Pipeline\\Pipeline.php(219): Illuminate\\Foundation\\Http\\Middleware\\ConvertEmptyStringsToNull->handle(Object(Illuminate\\Http\\Request), Object(Closure))
#53 E:\\xampp-8.2\\htdocs\\nexelit\\@core\\vendor\\laravel\\framework\\src\\Illuminate\\Foundation\\Http\\Middleware\\TransformsRequest.php(21): Illuminate\\Pipeline\\Pipeline->Illuminate\\Pipeline\\{closure}(Object(Illuminate\\Http\\Request))
#54 E:\\xampp-8.2\\htdocs\\nexelit\\@core\\vendor\\laravel\\framework\\src\\Illuminate\\Foundation\\Http\\Middleware\\TrimStrings.php(51): Illuminate\\Foundation\\Http\\Middleware\\TransformsRequest->handle(Object(Illuminate\\Http\\Request), Object(Closure))
#55 E:\\xampp-8.2\\htdocs\\nexelit\\@core\\vendor\\laravel\\framework\\src\\Illuminate\\Pipeline\\Pipeline.php(219): Illuminate\\Foundation\\Http\\Middleware\\TrimStrings->handle(Object(Illuminate\\Http\\Request), Object(Closure))
#56 E:\\xampp-8.2\\htdocs\\nexelit\\@core\\vendor\\laravel\\framework\\src\\Illuminate\\Http\\Middleware\\ValidatePostSize.php(27): Illuminate\\Pipeline\\Pipeline->Illuminate\\Pipeline\\{closure}(Object(Illuminate\\Http\\Request))
#57 E:\\xampp-8.2\\htdocs\\nexelit\\@core\\vendor\\laravel\\framework\\src\\Illuminate\\Pipeline\\Pipeline.php(219): Illuminate\\Http\\Middleware\\ValidatePostSize->handle(Object(Illuminate\\Http\\Request), Object(Closure))
#58 E:\\xampp-8.2\\htdocs\\nexelit\\@core\\vendor\\laravel\\framework\\src\\Illuminate\\Foundation\\Http\\Middleware\\PreventRequestsDuringMaintenance.php(109): Illuminate\\Pipeline\\Pipeline->Illuminate\\Pipeline\\{closure}(Object(Illuminate\\Http\\Request))
#59 E:\\xampp-8.2\\htdocs\\nexelit\\@core\\vendor\\laravel\\framework\\src\\Illuminate\\Pipeline\\Pipeline.php(219): Illuminate\\Foundation\\Http\\Middleware\\PreventRequestsDuringMaintenance->handle(Object(Illuminate\\Http\\Request), Object(Closure))
#60 E:\\xampp-8.2\\htdocs\\nexelit\\@core\\vendor\\laravel\\framework\\src\\Illuminate\\Http\\Middleware\\TrustProxies.php(58): Illuminate\\Pipeline\\Pipeline->Illuminate\\Pipeline\\{closure}(Object(Illuminate\\Http\\Request))
#61 E:\\xampp-8.2\\htdocs\\nexelit\\@core\\vendor\\laravel\\framework\\src\\Illuminate\\Pipeline\\Pipeline.php(219): Illuminate\\Http\\Middleware\\TrustProxies->handle(Object(Illuminate\\Http\\Request), Object(Closure))
#62 E:\\xampp-8.2\\htdocs\\nexelit\\@core\\vendor\\laravel\\framework\\src\\Illuminate\\Pipeline\\Pipeline.php(137): Illuminate\\Pipeline\\Pipeline->Illuminate\\Pipeline\\{closure}(Object(Illuminate\\Http\\Request))
#63 E:\\xampp-8.2\\htdocs\\nexelit\\@core\\vendor\\laravel\\framework\\src\\Illuminate\\Foundation\\Http\\Kernel.php(175): Illuminate\\Pipeline\\Pipeline->then(Object(Closure))
#64 E:\\xampp-8.2\\htdocs\\nexelit\\@core\\vendor\\laravel\\framework\\src\\Illuminate\\Foundation\\Http\\Kernel.php(144): Illuminate\\Foundation\\Http\\Kernel->sendRequestThroughRouter(Object(Illuminate\\Http\\Request))
#65 E:\\xampp-8.2\\htdocs\\nexelit\\index.php(54): Illuminate\\Foundation\\Http\\Kernel->handle(Object(Illuminate\\Http\\Request))
#66 {main}

[previous exception] [object] (InvalidArgumentException(code: 0): View [frontend.home-pages.home-] not found. at E:\\xampp-8.2\\htdocs\\nexelit\\@core\\vendor\\laravel\\framework\\src\\Illuminate\\View\\FileViewFinder.php:138)
[stacktrace]
#0 E:\\xampp-8.2\\htdocs\\nexelit\\@core\\vendor\\laravel\\framework\\src\\Illuminate\\View\\FileViewFinder.php(78): Illuminate\\View\\FileViewFinder->findInPaths('frontend.home-p...', Array)
#1 E:\\xampp-8.2\\htdocs\\nexelit\\@core\\vendor\\laravel\\framework\\src\\Illuminate\\View\\Factory.php(150): Illuminate\\View\\FileViewFinder->find('frontend.home-p...')
#2 E:\\xampp-8.2\\htdocs\\nexelit\\@core\\storage\\framework\\views\\32513d16c9966f9aa270a4c716f8d139.php(8): Illuminate\\View\\Factory->make('frontend.home-p...', Array)
#3 E:\\xampp-8.2\\htdocs\\nexelit\\@core\\vendor\\laravel\\framework\\src\\Illuminate\\Filesystem\\Filesystem.php(123): require('E:\\\\xampp-8.2\\\\ht...')
#4 E:\\xampp-8.2\\htdocs\\nexelit\\@core\\vendor\\laravel\\framework\\src\\Illuminate\\Filesystem\\Filesystem.php(124): Illuminate\\Filesystem\\Filesystem::Illuminate\\Filesystem\\{closure}()
#5 E:\\xampp-8.2\\htdocs\\nexelit\\@core\\vendor\\laravel\\framework\\src\\Illuminate\\View\\Engines\\PhpEngine.php(57): Illuminate\\Filesystem\\Filesystem->getRequire('E:\\\\xampp-8.2\\\\ht...', Array)
#6 E:\\xampp-8.2\\htdocs\\nexelit\\@core\\vendor\\laravel\\framework\\src\\Illuminate\\View\\Engines\\CompilerEngine.php(76): Illuminate\\View\\Engines\\PhpEngine->evaluatePath('E:\\\\xampp-8.2\\\\ht...', Array)
#7 E:\\xampp-8.2\\htdocs\\nexelit\\@core\\vendor\\laravel\\framework\\src\\Illuminate\\View\\View.php(208): Illuminate\\View\\Engines\\CompilerEngine->get('E:\\\\xampp-8.2\\\\ht...', Array)
#8 E:\\xampp-8.2\\htdocs\\nexelit\\@core\\vendor\\laravel\\framework\\src\\Illuminate\\View\\View.php(191): Illuminate\\View\\View->getContents()
#9 E:\\xampp-8.2\\htdocs\\nexelit\\@core\\vendor\\laravel\\framework\\src\\Illuminate\\View\\View.php(160): Illuminate\\View\\View->renderContents()
#10 E:\\xampp-8.2\\htdocs\\nexelit\\@core\\vendor\\laravel\\framework\\src\\Illuminate\\Http\\Response.php(78): Illuminate\\View\\View->render()
#11 E:\\xampp-8.2\\htdocs\\nexelit\\@core\\vendor\\laravel\\framework\\src\\Illuminate\\Http\\Response.php(34): Illuminate\\Http\\Response->setContent(Object(Illuminate\\View\\View))
#12 E:\\xampp-8.2\\htdocs\\nexelit\\@core\\vendor\\laravel\\framework\\src\\Illuminate\\Routing\\Router.php(939): Illuminate\\Http\\Response->__construct(Object(Illuminate\\View\\View), 200, Array)
#13 E:\\xampp-8.2\\htdocs\\nexelit\\@core\\vendor\\laravel\\framework\\src\\Illuminate\\Routing\\Router.php(906): Illuminate\\Routing\\Router::toResponse(Object(Illuminate\\Http\\Request), Object(Illuminate\\View\\View))
#14 E:\\xampp-8.2\\htdocs\\nexelit\\@core\\vendor\\laravel\\framework\\src\\Illuminate\\Routing\\Router.php(821): Illuminate\\Routing\\Router->prepareResponse(Object(Illuminate\\Http\\Request), Object(Illuminate\\View\\View))
#15 E:\\xampp-8.2\\htdocs\\nexelit\\@core\\vendor\\laravel\\framework\\src\\Illuminate\\Pipeline\\Pipeline.php(180): Illuminate\\Routing\\Router->Illuminate\\Routing\\{closure}(Object(Illuminate\\Http\\Request))
#16 E:\\xampp-8.2\\htdocs\\nexelit\\@core\\app\\Http\\Middleware\\HtmlMinifier.php(13): Illuminate\\Pipeline\\Pipeline->Illuminate\\Pipeline\\{closure}(Object(Illuminate\\Http\\Request))
#17 E:\\xampp-8.2\\htdocs\\nexelit\\@core\\vendor\\laravel\\framework\\src\\Illuminate\\Pipeline\\Pipeline.php(219): App\\Http\\Middleware\\HtmlMinifier->handle(Object(Illuminate\\Http\\Request), Object(Closure), ':class')
#18 E:\\xampp-8.2\\htdocs\\nexelit\\@core\\app\\Http\\Middleware\\MaintainsMode.php(22): Illuminate\\Pipeline\\Pipeline->Illuminate\\Pipeline\\{closure}(Object(Illuminate\\Http\\Request))
#19 E:\\xampp-8.2\\htdocs\\nexelit\\@core\\vendor\\laravel\\framework\\src\\Illuminate\\Pipeline\\Pipeline.php(219): App\\Http\\Middleware\\MaintainsMode->handle(Object(Illuminate\\Http\\Request), Object(Closure))
#20 E:\\xampp-8.2\\htdocs\\nexelit\\@core\\app\\Http\\Middleware\\GlobalVariableMiddleware.php(145): Illuminate\\Pipeline\\Pipeline->Illuminate\\Pipeline\\{closure}(Object(Illuminate\\Http\\Request))
#21 E:\\xampp-8.2\\htdocs\\nexelit\\@core\\vendor\\laravel\\framework\\src\\Illuminate\\Pipeline\\Pipeline.php(219): App\\Http\\Middleware\\GlobalVariableMiddleware->handle(Object(Illuminate\\Http\\Request), Object(Closure))
#22 E:\\xampp-8.2\\htdocs\\nexelit\\@core\\app\\Http\\Middleware\\SetUserLanguages.php(35): Illuminate\\Pipeline\\Pipeline->Illuminate\\Pipeline\\{closure}(Object(Illuminate\\Http\\Request))
#23 E:\\xampp-8.2\\htdocs\\nexelit\\@core\\vendor\\laravel\\framework\\src\\Illuminate\\Pipeline\\Pipeline.php(219): App\\Http\\Middleware\\SetUserLanguages->handle(Object(Illuminate\\Http\\Request), Object(Closure), 'frontend')
#24 E:\\xampp-8.2\\htdocs\\nexelit\\@core\\vendor\\barryvdh\\laravel-debugbar\\src\\Middleware\\InjectDebugbar.php(66): Illuminate\\Pipeline\\Pipeline->Illuminate\\Pipeline\\{closure}(Object(Illuminate\\Http\\Request))
#25 E:\\xampp-8.2\\htdocs\\nexelit\\@core\\vendor\\laravel\\framework\\src\\Illuminate\\Pipeline\\Pipeline.php(219): Barryvdh\\Debugbar\\Middleware\\InjectDebugbar->handle(Object(Illuminate\\Http\\Request), Object(Closure))
#26 E:\\xampp-8.2\\htdocs\\nexelit\\@core\\vendor\\laravel\\framework\\src\\Illuminate\\Routing\\Middleware\\SubstituteBindings.php(50): Illuminate\\Pipeline\\Pipeline->Illuminate\\Pipeline\\{closure}(Object(Illuminate\\Http\\Request))
#27 E:\\xampp-8.2\\htdocs\\nexelit\\@core\\vendor\\laravel\\framework\\src\\Illuminate\\Pipeline\\Pipeline.php(219): Illuminate\\Routing\\Middleware\\SubstituteBindings->handle(Object(Illuminate\\Http\\Request), Object(Closure))
#28 E:\\xampp-8.2\\htdocs\\nexelit\\@core\\vendor\\laravel\\framework\\src\\Illuminate\\Foundation\\Http\\Middleware\\VerifyCsrfToken.php(87): Illuminate\\Pipeline\\Pipeline->Illuminate\\Pipeline\\{closure}(Object(Illuminate\\Http\\Request))
#29 E:\\xampp-8.2\\htdocs\\nexelit\\@core\\vendor\\laravel\\framework\\src\\Illuminate\\Pipeline\\Pipeline.php(219): Illuminate\\Foundation\\Http\\Middleware\\VerifyCsrfToken->handle(Object(Illuminate\\Http\\Request), Object(Closure))
#30 E:\\xampp-8.2\\htdocs\\nexelit\\@core\\vendor\\laravel\\framework\\src\\Illuminate\\View\\Middleware\\ShareErrorsFromSession.php(48): Illuminate\\Pipeline\\Pipeline->Illuminate\\Pipeline\\{closure}(Object(Illuminate\\Http\\Request))
#31 E:\\xampp-8.2\\htdocs\\nexelit\\@core\\vendor\\laravel\\framework\\src\\Illuminate\\Pipeline\\Pipeline.php(219): Illuminate\\View\\Middleware\\ShareErrorsFromSession->handle(Object(Illuminate\\Http\\Request), Object(Closure))
#32 E:\\xampp-8.2\\htdocs\\nexelit\\@core\\vendor\\laravel\\framework\\src\\Illuminate\\Session\\Middleware\\StartSession.php(120): Illuminate\\Pipeline\\Pipeline->Illuminate\\Pipeline\\{closure}(Object(Illuminate\\Http\\Request))
#33 E:\\xampp-8.2\\htdocs\\nexelit\\@core\\vendor\\laravel\\framework\\src\\Illuminate\\Session\\Middleware\\StartSession.php(63): Illuminate\\Session\\Middleware\\StartSession->handleStatefulRequest(Object(Illuminate\\Http\\Request), Object(Illuminate\\Session\\Store), Object(Closure))
#34 E:\\xampp-8.2\\htdocs\\nexelit\\@core\\vendor\\laravel\\framework\\src\\Illuminate\\Pipeline\\Pipeline.php(219): Illuminate\\Session\\Middleware\\StartSession->handle(Object(Illuminate\\Http\\Request), Object(Closure))
#35 E:\\xampp-8.2\\htdocs\\nexelit\\@core\\vendor\\laravel\\framework\\src\\Illuminate\\Cookie\\Middleware\\AddQueuedCookiesToResponse.php(36): Illuminate\\Pipeline\\Pipeline->Illuminate\\Pipeline\\{closure}(Object(Illuminate\\Http\\Request))
#36 E:\\xampp-8.2\\htdocs\\nexelit\\@core\\vendor\\laravel\\framework\\src\\Illuminate\\Pipeline\\Pipeline.php(219): Illuminate\\Cookie\\Middleware\\AddQueuedCookiesToResponse->handle(Object(Illuminate\\Http\\Request), Object(Closure))
#37 E:\\xampp-8.2\\htdocs\\nexelit\\@core\\vendor\\laravel\\framework\\src\\Illuminate\\Cookie\\Middleware\\EncryptCookies.php(74): Illuminate\\Pipeline\\Pipeline->Illuminate\\Pipeline\\{closure}(Object(Illuminate\\Http\\Request))
#38 E:\\xampp-8.2\\htdocs\\nexelit\\@core\\vendor\\laravel\\framework\\src\\Illuminate\\Pipeline\\Pipeline.php(219): Illuminate\\Cookie\\Middleware\\EncryptCookies->handle(Object(Illuminate\\Http\\Request), Object(Closure))
#39 E:\\xampp-8.2\\htdocs\\nexelit\\@core\\vendor\\laravel\\framework\\src\\Illuminate\\Pipeline\\Pipeline.php(137): Illuminate\\Pipeline\\Pipeline->Illuminate\\Pipeline\\{closure}(Object(Illuminate\\Http\\Request))
#40 E:\\xampp-8.2\\htdocs\\nexelit\\@core\\vendor\\laravel\\framework\\src\\Illuminate\\Routing\\Router.php(821): Illuminate\\Pipeline\\Pipeline->then(Object(Closure))
#41 E:\\xampp-8.2\\htdocs\\nexelit\\@core\\vendor\\laravel\\framework\\src\\Illuminate\\Routing\\Router.php(800): Illuminate\\Routing\\Router->runRouteWithinStack(Object(Illuminate\\Routing\\Route), Object(Illuminate\\Http\\Request))
#42 E:\\xampp-8.2\\htdocs\\nexelit\\@core\\vendor\\laravel\\framework\\src\\Illuminate\\Routing\\Router.php(764): Illuminate\\Routing\\Router->runRoute(Object(Illuminate\\Http\\Request), Object(Illuminate\\Routing\\Route))
#43 E:\\xampp-8.2\\htdocs\\nexelit\\@core\\vendor\\laravel\\framework\\src\\Illuminate\\Routing\\Router.php(753): Illuminate\\Routing\\Router->dispatchToRoute(Object(Illuminate\\Http\\Request))
#44 E:\\xampp-8.2\\htdocs\\nexelit\\@core\\vendor\\laravel\\framework\\src\\Illuminate\\Foundation\\Http\\Kernel.php(200): Illuminate\\Routing\\Router->dispatch(Object(Illuminate\\Http\\Request))
#45 E:\\xampp-8.2\\htdocs\\nexelit\\@core\\vendor\\laravel\\framework\\src\\Illuminate\\Pipeline\\Pipeline.php(180): Illuminate\\Foundation\\Http\\Kernel->Illuminate\\Foundation\\Http\\{closure}(Object(Illuminate\\Http\\Request))
#46 E:\\xampp-8.2\\htdocs\\nexelit\\@core\\vendor\\barryvdh\\laravel-debugbar\\src\\Middleware\\InjectDebugbar.php(66): Illuminate\\Pipeline\\Pipeline->Illuminate\\Pipeline\\{closure}(Object(Illuminate\\Http\\Request))
#47 E:\\xampp-8.2\\htdocs\\nexelit\\@core\\vendor\\laravel\\framework\\src\\Illuminate\\Pipeline\\Pipeline.php(219): Barryvdh\\Debugbar\\Middleware\\InjectDebugbar->handle(Object(Illuminate\\Http\\Request), Object(Closure))
#48 E:\\xampp-8.2\\htdocs\\nexelit\\@core\\vendor\\xgenious\\installer\\src\\Http\\Middleware\\InstallerMiddleware.php(18): Illuminate\\Pipeline\\Pipeline->Illuminate\\Pipeline\\{closure}(Object(Illuminate\\Http\\Request))
#49 E:\\xampp-8.2\\htdocs\\nexelit\\@core\\vendor\\laravel\\framework\\src\\Illuminate\\Pipeline\\Pipeline.php(219): Xgenious\\Installer\\Http\\Middleware\\InstallerMiddleware->handle(Object(Illuminate\\Http\\Request), Object(Closure))
#50 E:\\xampp-8.2\\htdocs\\nexelit\\@core\\vendor\\laravel\\framework\\src\\Illuminate\\Foundation\\Http\\Middleware\\TransformsRequest.php(21): Illuminate\\Pipeline\\Pipeline->Illuminate\\Pipeline\\{closure}(Object(Illuminate\\Http\\Request))
#51 E:\\xampp-8.2\\htdocs\\nexelit\\@core\\vendor\\laravel\\framework\\src\\Illuminate\\Foundation\\Http\\Middleware\\ConvertEmptyStringsToNull.php(31): Illuminate\\Foundation\\Http\\Middleware\\TransformsRequest->handle(Object(Illuminate\\Http\\Request), Object(Closure))
#52 E:\\xampp-8.2\\htdocs\\nexelit\\@core\\vendor\\laravel\\framework\\src\\Illuminate\\Pipeline\\Pipeline.php(219): Illuminate\\Foundation\\Http\\Middleware\\ConvertEmptyStringsToNull->handle(Object(Illuminate\\Http\\Request), Object(Closure))
#53 E:\\xampp-8.2\\htdocs\\nexelit\\@core\\vendor\\laravel\\framework\\src\\Illuminate\\Foundation\\Http\\Middleware\\TransformsRequest.php(21): Illuminate\\Pipeline\\Pipeline->Illuminate\\Pipeline\\{closure}(Object(Illuminate\\Http\\Request))
#54 E:\\xampp-8.2\\htdocs\\nexelit\\@core\\vendor\\laravel\\framework\\src\\Illuminate\\Foundation\\Http\\Middleware\\TrimStrings.php(51): Illuminate\\Foundation\\Http\\Middleware\\TransformsRequest->handle(Object(Illuminate\\Http\\Request), Object(Closure))
#55 E:\\xampp-8.2\\htdocs\\nexelit\\@core\\vendor\\laravel\\framework\\src\\Illuminate\\Pipeline\\Pipeline.php(219): Illuminate\\Foundation\\Http\\Middleware\\TrimStrings->handle(Object(Illuminate\\Http\\Request), Object(Closure))
#56 E:\\xampp-8.2\\htdocs\\nexelit\\@core\\vendor\\laravel\\framework\\src\\Illuminate\\Http\\Middleware\\ValidatePostSize.php(27): Illuminate\\Pipeline\\Pipeline->Illuminate\\Pipeline\\{closure}(Object(Illuminate\\Http\\Request))
#57 E:\\xampp-8.2\\htdocs\\nexelit\\@core\\vendor\\laravel\\framework\\src\\Illuminate\\Pipeline\\Pipeline.php(219): Illuminate\\Http\\Middleware\\ValidatePostSize->handle(Object(Illuminate\\Http\\Request), Object(Closure))
#58 E:\\xampp-8.2\\htdocs\\nexelit\\@core\\vendor\\laravel\\framework\\src\\Illuminate\\Foundation\\Http\\Middleware\\PreventRequestsDuringMaintenance.php(109): Illuminate\\Pipeline\\Pipeline->Illuminate\\Pipeline\\{closure}(Object(Illuminate\\Http\\Request))
#59 E:\\xampp-8.2\\htdocs\\nexelit\\@core\\vendor\\laravel\\framework\\src\\Illuminate\\Pipeline\\Pipeline.php(219): Illuminate\\Foundation\\Http\\Middleware\\PreventRequestsDuringMaintenance->handle(Object(Illuminate\\Http\\Request), Object(Closure))
#60 E:\\xampp-8.2\\htdocs\\nexelit\\@core\\vendor\\laravel\\framework\\src\\Illuminate\\Http\\Middleware\\TrustProxies.php(58): Illuminate\\Pipeline\\Pipeline->Illuminate\\Pipeline\\{closure}(Object(Illuminate\\Http\\Request))
#61 E:\\xampp-8.2\\htdocs\\nexelit\\@core\\vendor\\laravel\\framework\\src\\Illuminate\\Pipeline\\Pipeline.php(219): Illuminate\\Http\\Middleware\\TrustProxies->handle(Object(Illuminate\\Http\\Request), Object(Closure))
#62 E:\\xampp-8.2\\htdocs\\nexelit\\@core\\vendor\\laravel\\framework\\src\\Illuminate\\Pipeline\\Pipeline.php(137): Illuminate\\Pipeline\\Pipeline->Illuminate\\Pipeline\\{closure}(Object(Illuminate\\Http\\Request))
#63 E:\\xampp-8.2\\htdocs\\nexelit\\@core\\vendor\\laravel\\framework\\src\\Illuminate\\Foundation\\Http\\Kernel.php(175): Illuminate\\Pipeline\\Pipeline->then(Object(Closure))
#64 E:\\xampp-8.2\\htdocs\\nexelit\\@core\\vendor\\laravel\\framework\\src\\Illuminate\\Foundation\\Http\\Kernel.php(144): Illuminate\\Foundation\\Http\\Kernel->sendRequestThroughRouter(Object(Illuminate\\Http\\Request))
#65 E:\\xampp-8.2\\htdocs\\nexelit\\index.php(54): Illuminate\\Foundation\\Http\\Kernel->handle(Object(Illuminate\\Http\\Request))
#66 {main}
"} 
[2026-09-14 21:26:38] development.ERROR: View [frontend.home-pages.home-] not found. {"view":{"view":"E:\\xampp-8.2\\htdocs\\nexelit\\@core\\resources\\views\\frontend\\frontend-home.blade.php","data":{"home_page_variant":"<pre class=sf-dump id=sf-dump-221034344 data-indent-pad=\"  \"><span class=sf-dump-const>null</span>
</pre><script>Sfdump(\"sf-dump-221034344\", {\"maxDepth\":3,\"maxStringLength\":160})</script>
","errors":"<pre class=sf-dump id=sf-dump-1888043755 data-indent-pad=\"  \"><span class=sf-dump-note>Illuminate\\Support\\ViewErrorBag</span> {<a class=sf-dump-ref>#2042</a><samp data-depth=1 class=sf-dump-expanded>
  #<span class=sf-dump-protected title=\"Protected property\">bags</span>: []
</samp>}
</pre><script>Sfdump(\"sf-dump-1888043755\", {\"maxDepth\":3,\"maxStringLength\":160})</script>
","static_field_data":"<pre class=sf-dump id=sf-dump-156743199 data-indent-pad=\"  \">[]
</pre><script>Sfdump(\"sf-dump-156743199\", {\"maxDepth\":3,\"maxStringLength\":160})</script>
","all_header_slider":"<pre class=sf-dump id=sf-dump-1446173579 data-indent-pad=\"  \"><span class=sf-dump-note>Illuminate\\Database\\Eloquent\\Collection</span> {<a class=sf-dump-ref>#2607</a><samp data-depth=1 class=sf-dump-expanded>
  #<span class=sf-dump-protected title=\"Protected property\">items</span>: []
  #<span class=sf-dump-protected title=\"Protected property\">escapeWhenCastingToString</span>: <span class=sf-dump-const>false</span>
</samp>}
</pre><script>Sfdump(\"sf-dump-1446173579\", {\"maxDepth\":3,\"maxStringLength\":160})</script>
","all_counterup":"<pre class=sf-dump id=sf-dump-1772185883 data-indent-pad=\"  \"><span class=sf-dump-note>Illuminate\\Database\\Eloquent\\Collection</span> {<a class=sf-dump-ref>#2614</a><samp data-depth=1 class=sf-dump-expanded>
  #<span class=sf-dump-protected title=\"Protected property\">items</span>: []
  #<span class=sf-dump-protected title=\"Protected property\">escapeWhenCastingToString</span>: <span class=sf-dump-const>false</span>
</samp>}
</pre><script>Sfdump(\"sf-dump-1772185883\", {\"maxDepth\":3,\"maxStringLength\":160})</script>
","all_key_features":"<pre class=sf-dump id=sf-dump-834989504 data-indent-pad=\"  \"><span class=sf-dump-note>Illuminate\\Database\\Eloquent\\Collection</span> {<a class=sf-dump-ref>#2622</a><samp data-depth=1 class=sf-dump-expanded>
  #<span class=sf-dump-protected title=\"Protected property\">items</span>: []
  #<span class=sf-dump-protected title=\"Protected property\">escapeWhenCastingToString</span>: <span class=sf-dump-const>false</span>
</samp>}
</pre><script>Sfdump(\"sf-dump-834989504\", {\"maxDepth\":3,\"maxStringLength\":160})</script>
","all_service":"<pre class=sf-dump id=sf-dump-1266273470 data-indent-pad=\"  \"><span class=sf-dump-note>Illuminate\\Database\\Eloquent\\Collection</span> {<a class=sf-dump-ref>#2617</a><samp data-depth=1 class=sf-dump-expanded>
  #<span class=sf-dump-protected title=\"Protected property\">items</span>: []
  #<span class=sf-dump-protected title=\"Protected property\">escapeWhenCastingToString</span>: <span class=sf-dump-const>false</span>
</samp>}
</pre><script>Sfdump(\"sf-dump-1266273470\", {\"maxDepth\":3,\"maxStringLength\":160})</script>
","all_testimonial":"<pre class=sf-dump id=sf-dump-1796896852 data-indent-pad=\"  \"><span class=sf-dump-note>Illuminate\\Database\\Eloquent\\Collection</span> {<a class=sf-dump-ref>#2640</a><samp data-depth=1 class=sf-dump-expanded>
  #<span class=sf-dump-protected title=\"Protected property\">items</span>: []
  #<span class=sf-dump-protected title=\"Protected property\">escapeWhenCastingToString</span>: <span class=sf-dump-const>false</span>
</samp>}
</pre><script>Sfdump(\"sf-dump-1796896852\", {\"maxDepth\":3,\"maxStringLength\":160})</script>
","all_blog":"<pre class=sf-dump id=sf-dump-1552286985 data-indent-pad=\"  \"><span class=sf-dump-note>Illuminate\\Database\\Eloquent\\Collection</span> {<a class=sf-dump-ref>#2569</a><samp data-depth=1 class=sf-dump-expanded>
  #<span class=sf-dump-protected title=\"Protected property\">items</span>: []
  #<span class=sf-dump-protected title=\"Protected property\">escapeWhenCastingToString</span>: <span class=sf-dump-const>false</span>
</samp>}
</pre><script>Sfdump(\"sf-dump-1552286985\", {\"maxDepth\":3,\"maxStringLength\":160})</script>
","all_price_plan":"<pre class=sf-dump id=sf-dump-391263262 data-indent-pad=\"  \"><span class=sf-dump-note>Illuminate\\Database\\Eloquent\\Collection</span> {<a class=sf-dump-ref>#2634</a><samp data-depth=1 class=sf-dump-expanded>
  #<span class=sf-dump-protected title=\"Protected property\">items</span>: []
  #<span class=sf-dump-protected title=\"Protected property\">escapeWhenCastingToString</span>: <span class=sf-dump-const>false</span>
</samp>}
</pre><script>Sfdump(\"sf-dump-391263262\", {\"maxDepth\":3,\"maxStringLength\":160})</script>
","all_team_members":"<pre class=sf-dump id=sf-dump-2007435151 data-indent-pad=\"  \"><span class=sf-dump-note>Illuminate\\Database\\Eloquent\\Collection</span> {<a class=sf-dump-ref>#2661</a><samp data-depth=1 class=sf-dump-expanded>
  #<span class=sf-dump-protected title=\"Protected property\">items</span>: []
  #<span class=sf-dump-protected title=\"Protected property\">escapeWhenCastingToString</span>: <span class=sf-dump-const>false</span>
</samp>}
</pre><script>Sfdump(\"sf-dump-2007435151\", {\"maxDepth\":3,\"maxStringLength\":160})</script>
","all_brand_logo":"<pre class=sf-dump id=sf-dump-1589886285 data-indent-pad=\"  \"><span class=sf-dump-note>Illuminate\\Database\\Eloquent\\Collection</span> {<a class=sf-dump-ref>#2681</a><samp data-depth=1 class=sf-dump-expanded>
  #<span class=sf-dump-protected title=\"Protected property\">items</span>: []
  #<span class=sf-dump-protected title=\"Protected property\">escapeWhenCastingToString</span>: <span class=sf-dump-const>false</span>
</samp>}
</pre><script>Sfdump(\"sf-dump-1589886285\", {\"maxDepth\":3,\"maxStringLength\":160})</script>
","all_work_category":"<pre class=sf-dump id=sf-dump-1686632628 data-indent-pad=\"  \"><span class=sf-dump-note>Illuminate\\Database\\Eloquent\\Collection</span> {<a class=sf-dump-ref>#2734</a><samp data-depth=1 class=sf-dump-expanded>
  #<span class=sf-dump-protected title=\"Protected property\">items</span>: []
  #<span class=sf-dump-protected title=\"Protected property\">escapeWhenCastingToString</span>: <span class=sf-dump-const>false</span>
</samp>}
</pre><script>Sfdump(\"sf-dump-1686632628\", {\"maxDepth\":3,\"maxStringLength\":160})</script>
","all_work":"<pre class=sf-dump id=sf-dump-1470293248 data-indent-pad=\"  \"><span class=sf-dump-note>Illuminate\\Database\\Eloquent\\Collection</span> {<a class=sf-dump-ref>#2666</a><samp data-depth=1 class=sf-dump-expanded>
  #<span class=sf-dump-protected title=\"Protected property\">items</span>: []
  #<span class=sf-dump-protected title=\"Protected property\">escapeWhenCastingToString</span>: <span class=sf-dump-const>false</span>
</samp>}
</pre><script>Sfdump(\"sf-dump-1470293248\", {\"maxDepth\":3,\"maxStringLength\":160})</script>
","all_service_category":"<pre class=sf-dump id=sf-dump-815936720 data-indent-pad=\"  \"><span class=sf-dump-note>Illuminate\\Database\\Eloquent\\Collection</span> {<a class=sf-dump-ref>#2691</a><samp data-depth=1 class=sf-dump-expanded>
  #<span class=sf-dump-protected title=\"Protected property\">items</span>: []
  #<span class=sf-dump-protected title=\"Protected property\">escapeWhenCastingToString</span>: <span class=sf-dump-const>false</span>
</samp>}
</pre><script>Sfdump(\"sf-dump-815936720\", {\"maxDepth\":3,\"maxStringLength\":160})</script>
","all_contact_info":"<pre class=sf-dump id=sf-dump-1768687834 data-indent-pad=\"  \"><span class=sf-dump-note>Illuminate\\Database\\Eloquent\\Collection</span> {<a class=sf-dump-ref>#2704</a><samp data-depth=1 class=sf-dump-expanded>
  #<span class=sf-dump-protected title=\"Protected property\">items</span>: []
  #<span class=sf-dump-protected title=\"Protected property\">escapeWhenCastingToString</span>: <span class=sf-dump-const>false</span>
</samp>}
</pre><script>Sfdump(\"sf-dump-1768687834\", {\"maxDepth\":3,\"maxStringLength\":160})</script>
","global_static_field_data":"<pre class=sf-dump id=sf-dump-827219009 data-indent-pad=\"  \">[]
</pre><script>Sfdump(\"sf-dump-827219009\", {\"maxDepth\":3,\"maxStringLength\":160})</script>
","popup_details":"<pre class=sf-dump id=sf-dump-282229577 data-indent-pad=\"  \"><span class=sf-dump-const>null</span>
</pre><script>Sfdump(\"sf-dump-282229577\", {\"maxDepth\":3,\"maxStringLength\":160})</script>
","all_usefull_links":"<pre class=sf-dump id=sf-dump-1737477770 data-indent-pad=\"  \"><span class=sf-dump-const>null</span>
</pre><script>Sfdump(\"sf-dump-1737477770\", {\"maxDepth\":3,\"maxStringLength\":160})</script>
","all_important_links":"<pre class=sf-dump id=sf-dump-575718880 data-indent-pad=\"  \"><span class=sf-dump-const>null</span>
</pre><script>Sfdump(\"sf-dump-575718880\", {\"maxDepth\":3,\"maxStringLength\":160})</script>
","all_recent_post":"<pre class=sf-dump id=sf-dump-1452162237 data-indent-pad=\"  \"><span class=sf-dump-note>Illuminate\\Database\\Eloquent\\Collection</span> {<a class=sf-dump-ref>#2517</a><samp data-depth=1 class=sf-dump-expanded>
  #<span class=sf-dump-protected title=\"Protected property\">items</span>: []
  #<span class=sf-dump-protected title=\"Protected property\">escapeWhenCastingToString</span>: <span class=sf-dump-const>false</span>
</samp>}
</pre><script>Sfdump(\"sf-dump-1452162237\", {\"maxDepth\":3,\"maxStringLength\":160})</script>
","all_social_item":"<pre class=sf-dump id=sf-dump-529885263 data-indent-pad=\"  \"><span class=sf-dump-note>Illuminate\\Database\\Eloquent\\Collection</span> {<a class=sf-dump-ref>#2485</a><samp data-depth=1 class=sf-dump-expanded>
  #<span class=sf-dump-protected title=\"Protected property\">items</span>: []
  #<span class=sf-dump-protected title=\"Protected property\">escapeWhenCastingToString</span>: <span class=sf-dump-const>false</span>
</samp>}
</pre><script>Sfdump(\"sf-dump-529885263\", {\"maxDepth\":3,\"maxStringLength\":160})</script>
","all_language":"<pre class=sf-dump id=sf-dump-94820763 data-indent-pad=\"  \"><span class=sf-dump-note>Illuminate\\Database\\Eloquent\\Collection</span> {<a class=sf-dump-ref>#2522</a><samp data-depth=1 class=sf-dump-expanded>
  #<span class=sf-dump-protected title=\"Protected property\">items</span>: <span class=sf-dump-note>array:1</span> [<samp data-depth=2 class=sf-dump-compact>
    <span class=sf-dump-index>0</span> => <span class=\"sf-dump-note sf-dump-ellipsization\" title=\"App\\Language
\"><span class=\"sf-dump-ellipsis sf-dump-ellipsis-note\">App</span><span class=\"sf-dump-ellipsis sf-dump-ellipsis-note\">\\</span><span class=\"sf-dump-ellipsis-tail\">Language</span></span> {<a class=sf-dump-ref>#2524</a><samp data-depth=3 class=sf-dump-compact>
      #<span class=sf-dump-protected title=\"Protected property\">connection</span>: \"<span class=sf-dump-str title=\"5 characters\">mysql</span>\"
      #<span class=sf-dump-protected title=\"Protected property\">table</span>: \"<span class=sf-dump-str title=\"9 characters\">languages</span>\"
      #<span class=sf-dump-protected title=\"Protected property\">primaryKey</span>: \"<span class=sf-dump-str title=\"2 characters\">id</span>\"
      #<span class=sf-dump-protected title=\"Protected property\">keyType</span>: \"<span class=sf-dump-str title=\"3 characters\">int</span>\"
      +<span class=sf-dump-public title=\"Public property\">incrementing</span>: <span class=sf-dump-const>true</span>
      #<span class=sf-dump-protected title=\"Protected property\">with</span>: []
      #<span class=sf-dump-protected title=\"Protected property\">withCount</span>: []
      +<span class=sf-dump-public title=\"Public property\">preventsLazyLoading</span>: <span class=sf-dump-const>false</span>
      #<span class=sf-dump-protected title=\"Protected property\">perPage</span>: <span class=sf-dump-num>15</span>
      +<span class=sf-dump-public title=\"Public property\">exists</span>: <span class=sf-dump-const>true</span>
      +<span class=sf-dump-public title=\"Public property\">wasRecentlyCreated</span>: <span class=sf-dump-const>false</span>
      #<span class=sf-dump-protected title=\"Protected property\">escapeWhenCastingToString</span>: <span class=sf-dump-const>false</span>
      #<span class=sf-dump-protected title=\"Protected property\">attributes</span>: <span class=sf-dump-note>array:8</span> [ &#8230;8]
      #<span class=sf-dump-protected title=\"Protected property\">original</span>: <span class=sf-dump-note>array:8</span> [ &#8230;8]
      #<span class=sf-dump-protected title=\"Protected property\">changes</span>: []
      #<span class=sf-dump-protected title=\"Protected property\">previous</span>: []
      #<span class=sf-dump-protected title=\"Protected property\">casts</span>: []
      #<span class=sf-dump-protected title=\"Protected property\">classCastCache</span>: []
      #<span class=sf-dump-protected title=\"Protected property\">attributeCastCache</span>: []
      #<span class=sf-dump-protected title=\"Protected property\">dateFormat</span>: <span class=sf-dump-const>null</span>
      #<span class=sf-dump-protected title=\"Protected property\">appends</span>: []
      #<span class=sf-dump-protected title=\"Protected property\">dispatchesEvents</span>: []
      #<span class=sf-dump-protected title=\"Protected property\">observables</span>: []
      #<span class=sf-dump-protected title=\"Protected property\">relations</span>: []
      #<span class=sf-dump-protected title=\"Protected property\">touches</span>: []
      #<span class=sf-dump-protected title=\"Protected property\">relationAutoloadCallback</span>: <span class=sf-dump-const>null</span>
      #<span class=sf-dump-protected title=\"Protected property\">relationAutoloadContext</span>: <span class=sf-dump-const>null</span>
      +<span class=sf-dump-public title=\"Public property\">timestamps</span>: <span class=sf-dump-const>true</span>
      +<span class=sf-dump-public title=\"Public property\">usesUniqueIds</span>: <span class=sf-dump-const>false</span>
      #<span class=sf-dump-protected title=\"Protected property\">hidden</span>: []
      #<span class=sf-dump-protected title=\"Protected property\">visible</span>: []
      #<span class=sf-dump-protected title=\"Protected property\">fillable</span>: <span class=sf-dump-note>array:5</span> [ &#8230;5]
      #<span class=sf-dump-protected title=\"Protected property\">guarded</span>: <span class=sf-dump-note>array:1</span> [ &#8230;1]
    </samp>}
  </samp>]
  #<span class=sf-dump-protected title=\"Protected property\">escapeWhenCastingToString</span>: <span class=sf-dump-const>false</span>
</samp>}
</pre><script>Sfdump(\"sf-dump-94820763\", {\"maxDepth\":3,\"maxStringLength\":160})</script>
","primary_menu":"<pre class=sf-dump id=sf-dump-84966960 data-indent-pad=\"  \"><span class=sf-dump-const>null</span>
</pre><script>Sfdump(\"sf-dump-84966960\", {\"maxDepth\":3,\"maxStringLength\":160})</script>
","footer_widgets":"<pre class=sf-dump id=sf-dump-1773571319 data-indent-pad=\"  \"><span class=sf-dump-note>Illuminate\\Database\\Eloquent\\Collection</span> {<a class=sf-dump-ref>#2544</a><samp data-depth=1 class=sf-dump-expanded>
  #<span class=sf-dump-protected title=\"Protected property\">items</span>: []
  #<span class=sf-dump-protected title=\"Protected property\">escapeWhenCastingToString</span>: <span class=sf-dump-const>false</span>
</samp>}
</pre><script>Sfdump(\"sf-dump-1773571319\", {\"maxDepth\":3,\"maxStringLength\":160})</script>
","user_select_lang_slug":"<pre class=sf-dump id=sf-dump-1692337878 data-indent-pad=\"  \">\"<span class=sf-dump-str title=\"5 characters\">en_US</span>\"
</pre><script>Sfdump(\"sf-dump-1692337878\", {\"maxDepth\":3,\"maxStringLength\":160})</script>
"}},"exception":"[object] (Spatie\\LaravelIgnition\\Exceptions\\ViewException(code: 0): View [frontend.home-pages.home-] not found. at E:\\xampp-8.2\\htdocs\\nexelit\\@core\\vendor\\laravel\\framework\\src\\Illuminate\\View\\FileViewFinder.php:138)
[stacktrace]
#0 E:\\xampp-8.2\\htdocs\\nexelit\\@core\\vendor\\laravel\\framework\\src\\Illuminate\\View\\FileViewFinder.php(78): Illuminate\\View\\FileViewFinder->findInPaths('frontend.home-p...', Array)
#1 E:\\xampp-8.2\\htdocs\\nexelit\\@core\\vendor\\laravel\\framework\\src\\Illuminate\\View\\Factory.php(150): Illuminate\\View\\FileViewFinder->find('frontend.home-p...')
#2 E:\\xampp-8.2\\htdocs\\nexelit\\@core\\resources\\views\\frontend\\frontend-home.blade.php(10): Illuminate\\View\\Factory->make('frontend.home-p...', Array)
#3 E:\\xampp-8.2\\htdocs\\nexelit\\@core\\vendor\\laravel\\framework\\src\\Illuminate\\Filesystem\\Filesystem.php(123): require('E:\\\\xampp-8.2\\\\ht...')
#4 E:\\xampp-8.2\\htdocs\\nexelit\\@core\\vendor\\laravel\\framework\\src\\Illuminate\\Filesystem\\Filesystem.php(124): Illuminate\\Filesystem\\Filesystem::Illuminate\\Filesystem\\{closure}()
#5 E:\\xampp-8.2\\htdocs\\nexelit\\@core\\vendor\\laravel\\framework\\src\\Illuminate\\View\\Engines\\PhpEngine.php(57): Illuminate\\Filesystem\\Filesystem->getRequire('E:\\\\xampp-8.2\\\\ht...', Array)
#6 E:\\xampp-8.2\\htdocs\\nexelit\\@core\\vendor\\laravel\\framework\\src\\Illuminate\\View\\Engines\\CompilerEngine.php(76): Illuminate\\View\\Engines\\PhpEngine->evaluatePath('E:\\\\xampp-8.2\\\\ht...', Array)
#7 E:\\xampp-8.2\\htdocs\\nexelit\\@core\\vendor\\laravel\\framework\\src\\Illuminate\\View\\View.php(208): Illuminate\\View\\Engines\\CompilerEngine->get('E:\\\\xampp-8.2\\\\ht...', Array)
#8 E:\\xampp-8.2\\htdocs\\nexelit\\@core\\vendor\\laravel\\framework\\src\\Illuminate\\View\\View.php(191): Illuminate\\View\\View->getContents()
#9 E:\\xampp-8.2\\htdocs\\nexelit\\@core\\vendor\\laravel\\framework\\src\\Illuminate\\View\\View.php(160): Illuminate\\View\\View->renderContents()
#10 E:\\xampp-8.2\\htdocs\\nexelit\\@core\\vendor\\laravel\\framework\\src\\Illuminate\\Http\\Response.php(78): Illuminate\\View\\View->render()
#11 E:\\xampp-8.2\\htdocs\\nexelit\\@core\\vendor\\laravel\\framework\\src\\Illuminate\\Http\\Response.php(34): Illuminate\\Http\\Response->setContent(Object(Illuminate\\View\\View))
#12 E:\\xampp-8.2\\htdocs\\nexelit\\@core\\vendor\\laravel\\framework\\src\\Illuminate\\Routing\\Router.php(939): Illuminate\\Http\\Response->__construct(Object(Illuminate\\View\\View), 200, Array)
#13 E:\\xampp-8.2\\htdocs\\nexelit\\@core\\vendor\\laravel\\framework\\src\\Illuminate\\Routing\\Router.php(906): Illuminate\\Routing\\Router::toResponse(Object(Illuminate\\Http\\Request), Object(Illuminate\\View\\View))
#14 E:\\xampp-8.2\\htdocs\\nexelit\\@core\\vendor\\laravel\\framework\\src\\Illuminate\\Routing\\Router.php(821): Illuminate\\Routing\\Router->prepareResponse(Object(Illuminate\\Http\\Request), Object(Illuminate\\View\\View))
#15 E:\\xampp-8.2\\htdocs\\nexelit\\@core\\vendor\\laravel\\framework\\src\\Illuminate\\Pipeline\\Pipeline.php(180): Illuminate\\Routing\\Router->Illuminate\\Routing\\{closure}(Object(Illuminate\\Http\\Request))
#16 E:\\xampp-8.2\\htdocs\\nexelit\\@core\\app\\Http\\Middleware\\HtmlMinifier.php(13): Illuminate\\Pipeline\\Pipeline->Illuminate\\Pipeline\\{closure}(Object(Illuminate\\Http\\Request))
#17 E:\\xampp-8.2\\htdocs\\nexelit\\@core\\vendor\\laravel\\framework\\src\\Illuminate\\Pipeline\\Pipeline.php(219): App\\Http\\Middleware\\HtmlMinifier->handle(Object(Illuminate\\Http\\Request), Object(Closure), ':class')
#18 E:\\xampp-8.2\\htdocs\\nexelit\\@core\\app\\Http\\Middleware\\MaintainsMode.php(22): Illuminate\\Pipeline\\Pipeline->Illuminate\\Pipeline\\{closure}(Object(Illuminate\\Http\\Request))
#19 E:\\xampp-8.2\\htdocs\\nexelit\\@core\\vendor\\laravel\\framework\\src\\Illuminate\\Pipeline\\Pipeline.php(219): App\\Http\\Middleware\\MaintainsMode->handle(Object(Illuminate\\Http\\Request), Object(Closure))
#20 E:\\xampp-8.2\\htdocs\\nexelit\\@core\\app\\Http\\Middleware\\GlobalVariableMiddleware.php(145): Illuminate\\Pipeline\\Pipeline->Illuminate\\Pipeline\\{closure}(Object(Illuminate\\Http\\Request))
#21 E:\\xampp-8.2\\htdocs\\nexelit\\@core\\vendor\\laravel\\framework\\src\\Illuminate\\Pipeline\\Pipeline.php(219): App\\Http\\Middleware\\GlobalVariableMiddleware->handle(Object(Illuminate\\Http\\Request), Object(Closure))
#22 E:\\xampp-8.2\\htdocs\\nexelit\\@core\\app\\Http\\Middleware\\SetUserLanguages.php(35): Illuminate\\Pipeline\\Pipeline->Illuminate\\Pipeline\\{closure}(Object(Illuminate\\Http\\Request))
#23 E:\\xampp-8.2\\htdocs\\nexelit\\@core\\vendor\\laravel\\framework\\src\\Illuminate\\Pipeline\\Pipeline.php(219): App\\Http\\Middleware\\SetUserLanguages->handle(Object(Illuminate\\Http\\Request), Object(Closure), 'frontend')
#24 E:\\xampp-8.2\\htdocs\\nexelit\\@core\\vendor\\barryvdh\\laravel-debugbar\\src\\Middleware\\InjectDebugbar.php(66): Illuminate\\Pipeline\\Pipeline->Illuminate\\Pipeline\\{closure}(Object(Illuminate\\Http\\Request))
#25 E:\\xampp-8.2\\htdocs\\nexelit\\@core\\vendor\\laravel\\framework\\src\\Illuminate\\Pipeline\\Pipeline.php(219): Barryvdh\\Debugbar\\Middleware\\InjectDebugbar->handle(Object(Illuminate\\Http\\Request), Object(Closure))
#26 E:\\xampp-8.2\\htdocs\\nexelit\\@core\\vendor\\laravel\\framework\\src\\Illuminate\\Routing\\Middleware\\SubstituteBindings.php(50): Illuminate\\Pipeline\\Pipeline->Illuminate\\Pipeline\\{closure}(Object(Illuminate\\Http\\Request))
#27 E:\\xampp-8.2\\htdocs\\nexelit\\@core\\vendor\\laravel\\framework\\src\\Illuminate\\Pipeline\\Pipeline.php(219): Illuminate\\Routing\\Middleware\\SubstituteBindings->handle(Object(Illuminate\\Http\\Request), Object(Closure))
#28 E:\\xampp-8.2\\htdocs\\nexelit\\@core\\vendor\\laravel\\framework\\src\\Illuminate\\Foundation\\Http\\Middleware\\VerifyCsrfToken.php(87): Illuminate\\Pipeline\\Pipeline->Illuminate\\Pipeline\\{closure}(Object(Illuminate\\Http\\Request))
#29 E:\\xampp-8.2\\htdocs\\nexelit\\@core\\vendor\\laravel\\framework\\src\\Illuminate\\Pipeline\\Pipeline.php(219): Illuminate\\Foundation\\Http\\Middleware\\VerifyCsrfToken->handle(Object(Illuminate\\Http\\Request), Object(Closure))
#30 E:\\xampp-8.2\\htdocs\\nexelit\\@core\\vendor\\laravel\\framework\\src\\Illuminate\\View\\Middleware\\ShareErrorsFromSession.php(48): Illuminate\\Pipeline\\Pipeline->Illuminate\\Pipeline\\{closure}(Object(Illuminate\\Http\\Request))
#31 E:\\xampp-8.2\\htdocs\\nexelit\\@core\\vendor\\laravel\\framework\\src\\Illuminate\\Pipeline\\Pipeline.php(219): Illuminate\\View\\Middleware\\ShareErrorsFromSession->handle(Object(Illuminate\\Http\\Request), Object(Closure))
#32 E:\\xampp-8.2\\htdocs\\nexelit\\@core\\vendor\\laravel\\framework\\src\\Illuminate\\Session\\Middleware\\StartSession.php(120): Illuminate\\Pipeline\\Pipeline->Illuminate\\Pipeline\\{closure}(Object(Illuminate\\Http\\Request))
#33 E:\\xampp-8.2\\htdocs\\nexelit\\@core\\vendor\\laravel\\framework\\src\\Illuminate\\Session\\Middleware\\StartSession.php(63): Illuminate\\Session\\Middleware\\StartSession->handleStatefulRequest(Object(Illuminate\\Http\\Request), Object(Illuminate\\Session\\Store), Object(Closure))
#34 E:\\xampp-8.2\\htdocs\\nexelit\\@core\\vendor\\laravel\\framework\\src\\Illuminate\\Pipeline\\Pipeline.php(219): Illuminate\\Session\\Middleware\\StartSession->handle(Object(Illuminate\\Http\\Request), Object(Closure))
#35 E:\\xampp-8.2\\htdocs\\nexelit\\@core\\vendor\\laravel\\framework\\src\\Illuminate\\Cookie\\Middleware\\AddQueuedCookiesToResponse.php(36): Illuminate\\Pipeline\\Pipeline->Illuminate\\Pipeline\\{closure}(Object(Illuminate\\Http\\Request))
#36 E:\\xampp-8.2\\htdocs\\nexelit\\@core\\vendor\\laravel\\framework\\src\\Illuminate\\Pipeline\\Pipeline.php(219): Illuminate\\Cookie\\Middleware\\AddQueuedCookiesToResponse->handle(Object(Illuminate\\Http\\Request), Object(Closure))
#37 E:\\xampp-8.2\\htdocs\\nexelit\\@core\\vendor\\laravel\\framework\\src\\Illuminate\\Cookie\\Middleware\\EncryptCookies.php(74): Illuminate\\Pipeline\\Pipeline->Illuminate\\Pipeline\\{closure}(Object(Illuminate\\Http\\Request))
#38 E:\\xampp-8.2\\htdocs\\nexelit\\@core\\vendor\\laravel\\framework\\src\\Illuminate\\Pipeline\\Pipeline.php(219): Illuminate\\Cookie\\Middleware\\EncryptCookies->handle(Object(Illuminate\\Http\\Request), Object(Closure))
#39 E:\\xampp-8.2\\htdocs\\nexelit\\@core\\vendor\\laravel\\framework\\src\\Illuminate\\Pipeline\\Pipeline.php(137): Illuminate\\Pipeline\\Pipeline->Illuminate\\Pipeline\\{closure}(Object(Illuminate\\Http\\Request))
#40 E:\\xampp-8.2\\htdocs\\nexelit\\@core\\vendor\\laravel\\framework\\src\\Illuminate\\Routing\\Router.php(821): Illuminate\\Pipeline\\Pipeline->then(Object(Closure))
#41 E:\\xampp-8.2\\htdocs\\nexelit\\@core\\vendor\\laravel\\framework\\src\\Illuminate\\Routing\\Router.php(800): Illuminate\\Routing\\Router->runRouteWithinStack(Object(Illuminate\\Routing\\Route), Object(Illuminate\\Http\\Request))
#42 E:\\xampp-8.2\\htdocs\\nexelit\\@core\\vendor\\laravel\\framework\\src\\Illuminate\\Routing\\Router.php(764): Illuminate\\Routing\\Router->runRoute(Object(Illuminate\\Http\\Request), Object(Illuminate\\Routing\\Route))
#43 E:\\xampp-8.2\\htdocs\\nexelit\\@core\\vendor\\laravel\\framework\\src\\Illuminate\\Routing\\Router.php(753): Illuminate\\Routing\\Router->dispatchToRoute(Object(Illuminate\\Http\\Request))
#44 E:\\xampp-8.2\\htdocs\\nexelit\\@core\\vendor\\laravel\\framework\\src\\Illuminate\\Foundation\\Http\\Kernel.php(200): Illuminate\\Routing\\Router->dispatch(Object(Illuminate\\Http\\Request))
#45 E:\\xampp-8.2\\htdocs\\nexelit\\@core\\vendor\\laravel\\framework\\src\\Illuminate\\Pipeline\\Pipeline.php(180): Illuminate\\Foundation\\Http\\Kernel->Illuminate\\Foundation\\Http\\{closure}(Object(Illuminate\\Http\\Request))
#46 E:\\xampp-8.2\\htdocs\\nexelit\\@core\\vendor\\barryvdh\\laravel-debugbar\\src\\Middleware\\InjectDebugbar.php(66): Illuminate\\Pipeline\\Pipeline->Illuminate\\Pipeline\\{closure}(Object(Illuminate\\Http\\Request))
#47 E:\\xampp-8.2\\htdocs\\nexelit\\@core\\vendor\\laravel\\framework\\src\\Illuminate\\Pipeline\\Pipeline.php(219): Barryvdh\\Debugbar\\Middleware\\InjectDebugbar->handle(Object(Illuminate\\Http\\Request), Object(Closure))
#48 E:\\xampp-8.2\\htdocs\\nexelit\\@core\\vendor\\xgenious\\installer\\src\\Http\\Middleware\\InstallerMiddleware.php(18): Illuminate\\Pipeline\\Pipeline->Illuminate\\Pipeline\\{closure}(Object(Illuminate\\Http\\Request))
#49 E:\\xampp-8.2\\htdocs\\nexelit\\@core\\vendor\\laravel\\framework\\src\\Illuminate\\Pipeline\\Pipeline.php(219): Xgenious\\Installer\\Http\\Middleware\\InstallerMiddleware->handle(Object(Illuminate\\Http\\Request), Object(Closure))
#50 E:\\xampp-8.2\\htdocs\\nexelit\\@core\\vendor\\laravel\\framework\\src\\Illuminate\\Foundation\\Http\\Middleware\\TransformsRequest.php(21): Illuminate\\Pipeline\\Pipeline->Illuminate\\Pipeline\\{closure}(Object(Illuminate\\Http\\Request))
#51 E:\\xampp-8.2\\htdocs\\nexelit\\@core\\vendor\\laravel\\framework\\src\\Illuminate\\Foundation\\Http\\Middleware\\ConvertEmptyStringsToNull.php(31): Illuminate\\Foundation\\Http\\Middleware\\TransformsRequest->handle(Object(Illuminate\\Http\\Request), Object(Closure))
#52 E:\\xampp-8.2\\htdocs\\nexelit\\@core\\vendor\\laravel\\framework\\src\\Illuminate\\Pipeline\\Pipeline.php(219): Illuminate\\Foundation\\Http\\Middleware\\ConvertEmptyStringsToNull->handle(Object(Illuminate\\Http\\Request), Object(Closure))
#53 E:\\xampp-8.2\\htdocs\\nexelit\\@core\\vendor\\laravel\\framework\\src\\Illuminate\\Foundation\\Http\\Middleware\\TransformsRequest.php(21): Illuminate\\Pipeline\\Pipeline->Illuminate\\Pipeline\\{closure}(Object(Illuminate\\Http\\Request))
#54 E:\\xampp-8.2\\htdocs\\nexelit\\@core\\vendor\\laravel\\framework\\src\\Illuminate\\Foundation\\Http\\Middleware\\TrimStrings.php(51): Illuminate\\Foundation\\Http\\Middleware\\TransformsRequest->handle(Object(Illuminate\\Http\\Request), Object(Closure))
#55 E:\\xampp-8.2\\htdocs\\nexelit\\@core\\vendor\\laravel\\framework\\src\\Illuminate\\Pipeline\\Pipeline.php(219): Illuminate\\Foundation\\Http\\Middleware\\TrimStrings->handle(Object(Illuminate\\Http\\Request), Object(Closure))
#56 E:\\xampp-8.2\\htdocs\\nexelit\\@core\\vendor\\laravel\\framework\\src\\Illuminate\\Http\\Middleware\\ValidatePostSize.php(27): Illuminate\\Pipeline\\Pipeline->Illuminate\\Pipeline\\{closure}(Object(Illuminate\\Http\\Request))
#57 E:\\xampp-8.2\\htdocs\\nexelit\\@core\\vendor\\laravel\\framework\\src\\Illuminate\\Pipeline\\Pipeline.php(219): Illuminate\\Http\\Middleware\\ValidatePostSize->handle(Object(Illuminate\\Http\\Request), Object(Closure))
#58 E:\\xampp-8.2\\htdocs\\nexelit\\@core\\vendor\\laravel\\framework\\src\\Illuminate\\Foundation\\Http\\Middleware\\PreventRequestsDuringMaintenance.php(109): Illuminate\\Pipeline\\Pipeline->Illuminate\\Pipeline\\{closure}(Object(Illuminate\\Http\\Request))
#59 E:\\xampp-8.2\\htdocs\\nexelit\\@core\\vendor\\laravel\\framework\\src\\Illuminate\\Pipeline\\Pipeline.php(219): Illuminate\\Foundation\\Http\\Middleware\\PreventRequestsDuringMaintenance->handle(Object(Illuminate\\Http\\Request), Object(Closure))
#60 E:\\xampp-8.2\\htdocs\\nexelit\\@core\\vendor\\laravel\\framework\\src\\Illuminate\\Http\\Middleware\\TrustProxies.php(58): Illuminate\\Pipeline\\Pipeline->Illuminate\\Pipeline\\{closure}(Object(Illuminate\\Http\\Request))
#61 E:\\xampp-8.2\\htdocs\\nexelit\\@core\\vendor\\laravel\\framework\\src\\Illuminate\\Pipeline\\Pipeline.php(219): Illuminate\\Http\\Middleware\\TrustProxies->handle(Object(Illuminate\\Http\\Request), Object(Closure))
#62 E:\\xampp-8.2\\htdocs\\nexelit\\@core\\vendor\\laravel\\framework\\src\\Illuminate\\Pipeline\\Pipeline.php(137): Illuminate\\Pipeline\\Pipeline->Illuminate\\Pipeline\\{closure}(Object(Illuminate\\Http\\Request))
#63 E:\\xampp-8.2\\htdocs\\nexelit\\@core\\vendor\\laravel\\framework\\src\\Illuminate\\Foundation\\Http\\Kernel.php(175): Illuminate\\Pipeline\\Pipeline->then(Object(Closure))
#64 E:\\xampp-8.2\\htdocs\\nexelit\\@core\\vendor\\laravel\\framework\\src\\Illuminate\\Foundation\\Http\\Kernel.php(144): Illuminate\\Foundation\\Http\\Kernel->sendRequestThroughRouter(Object(Illuminate\\Http\\Request))
#65 E:\\xampp-8.2\\htdocs\\nexelit\\index.php(54): Illuminate\\Foundation\\Http\\Kernel->handle(Object(Illuminate\\Http\\Request))
#66 {main}

[previous exception] [object] (InvalidArgumentException(code: 0): View [frontend.home-pages.home-] not found. at E:\\xampp-8.2\\htdocs\\nexelit\\@core\\vendor\\laravel\\framework\\src\\Illuminate\\View\\FileViewFinder.php:138)
[stacktrace]
#0 E:\\xampp-8.2\\htdocs\\nexelit\\@core\\vendor\\laravel\\framework\\src\\Illuminate\\View\\FileViewFinder.php(78): Illuminate\\View\\FileViewFinder->findInPaths('frontend.home-p...', Array)
#1 E:\\xampp-8.2\\htdocs\\nexelit\\@core\\vendor\\laravel\\framework\\src\\Illuminate\\View\\Factory.php(150): Illuminate\\View\\FileViewFinder->find('frontend.home-p...')
#2 E:\\xampp-8.2\\htdocs\\nexelit\\@core\\storage\\framework\\views\\32513d16c9966f9aa270a4c716f8d139.php(8): Illuminate\\View\\Factory->make('frontend.home-p...', Array)
#3 E:\\xampp-8.2\\htdocs\\nexelit\\@core\\vendor\\laravel\\framework\\src\\Illuminate\\Filesystem\\Filesystem.php(123): require('E:\\\\xampp-8.2\\\\ht...')
#4 E:\\xampp-8.2\\htdocs\\nexelit\\@core\\vendor\\laravel\\framework\\src\\Illuminate\\Filesystem\\Filesystem.php(124): Illuminate\\Filesystem\\Filesystem::Illuminate\\Filesystem\\{closure}()
#5 E:\\xampp-8.2\\htdocs\\nexelit\\@core\\vendor\\laravel\\framework\\src\\Illuminate\\View\\Engines\\PhpEngine.php(57): Illuminate\\Filesystem\\Filesystem->getRequire('E:\\\\xampp-8.2\\\\ht...', Array)
#6 E:\\xampp-8.2\\htdocs\\nexelit\\@core\\vendor\\laravel\\framework\\src\\Illuminate\\View\\Engines\\CompilerEngine.php(76): Illuminate\\View\\Engines\\PhpEngine->evaluatePath('E:\\\\xampp-8.2\\\\ht...', Array)
#7 E:\\xampp-8.2\\htdocs\\nexelit\\@core\\vendor\\laravel\\framework\\src\\Illuminate\\View\\View.php(208): Illuminate\\View\\Engines\\CompilerEngine->get('E:\\\\xampp-8.2\\\\ht...', Array)
#8 E:\\xampp-8.2\\htdocs\\nexelit\\@core\\vendor\\laravel\\framework\\src\\Illuminate\\View\\View.php(191): Illuminate\\View\\View->getContents()
#9 E:\\xampp-8.2\\htdocs\\nexelit\\@core\\vendor\\laravel\\framework\\src\\Illuminate\\View\\View.php(160): Illuminate\\View\\View->renderContents()
#10 E:\\xampp-8.2\\htdocs\\nexelit\\@core\\vendor\\laravel\\framework\\src\\Illuminate\\Http\\Response.php(78): Illuminate\\View\\View->render()
#11 E:\\xampp-8.2\\htdocs\\nexelit\\@core\\vendor\\laravel\\framework\\src\\Illuminate\\Http\\Response.php(34): Illuminate\\Http\\Response->setContent(Object(Illuminate\\View\\View))
#12 E:\\xampp-8.2\\htdocs\\nexelit\\@core\\vendor\\laravel\\framework\\src\\Illuminate\\Routing\\Router.php(939): Illuminate\\Http\\Response->__construct(Object(Illuminate\\View\\View), 200, Array)
#13 E:\\xampp-8.2\\htdocs\\nexelit\\@core\\vendor\\laravel\\framework\\src\\Illuminate\\Routing\\Router.php(906): Illuminate\\Routing\\Router::toResponse(Object(Illuminate\\Http\\Request), Object(Illuminate\\View\\View))
#14 E:\\xampp-8.2\\htdocs\\nexelit\\@core\\vendor\\laravel\\framework\\src\\Illuminate\\Routing\\Router.php(821): Illuminate\\Routing\\Router->prepareResponse(Object(Illuminate\\Http\\Request), Object(Illuminate\\View\\View))
#15 E:\\xampp-8.2\\htdocs\\nexelit\\@core\\vendor\\laravel\\framework\\src\\Illuminate\\Pipeline\\Pipeline.php(180): Illuminate\\Routing\\Router->Illuminate\\Routing\\{closure}(Object(Illuminate\\Http\\Request))
#16 E:\\xampp-8.2\\htdocs\\nexelit\\@core\\app\\Http\\Middleware\\HtmlMinifier.php(13): Illuminate\\Pipeline\\Pipeline->Illuminate\\Pipeline\\{closure}(Object(Illuminate\\Http\\Request))
#17 E:\\xampp-8.2\\htdocs\\nexelit\\@core\\vendor\\laravel\\framework\\src\\Illuminate\\Pipeline\\Pipeline.php(219): App\\Http\\Middleware\\HtmlMinifier->handle(Object(Illuminate\\Http\\Request), Object(Closure), ':class')
#18 E:\\xampp-8.2\\htdocs\\nexelit\\@core\\app\\Http\\Middleware\\MaintainsMode.php(22): Illuminate\\Pipeline\\Pipeline->Illuminate\\Pipeline\\{closure}(Object(Illuminate\\Http\\Request))
#19 E:\\xampp-8.2\\htdocs\\nexelit\\@core\\vendor\\laravel\\framework\\src\\Illuminate\\Pipeline\\Pipeline.php(219): App\\Http\\Middleware\\MaintainsMode->handle(Object(Illuminate\\Http\\Request), Object(Closure))
#20 E:\\xampp-8.2\\htdocs\\nexelit\\@core\\app\\Http\\Middleware\\GlobalVariableMiddleware.php(145): Illuminate\\Pipeline\\Pipeline->Illuminate\\Pipeline\\{closure}(Object(Illuminate\\Http\\Request))
#21 E:\\xampp-8.2\\htdocs\\nexelit\\@core\\vendor\\laravel\\framework\\src\\Illuminate\\Pipeline\\Pipeline.php(219): App\\Http\\Middleware\\GlobalVariableMiddleware->handle(Object(Illuminate\\Http\\Request), Object(Closure))
#22 E:\\xampp-8.2\\htdocs\\nexelit\\@core\\app\\Http\\Middleware\\SetUserLanguages.php(35): Illuminate\\Pipeline\\Pipeline->Illuminate\\Pipeline\\{closure}(Object(Illuminate\\Http\\Request))
#23 E:\\xampp-8.2\\htdocs\\nexelit\\@core\\vendor\\laravel\\framework\\src\\Illuminate\\Pipeline\\Pipeline.php(219): App\\Http\\Middleware\\SetUserLanguages->handle(Object(Illuminate\\Http\\Request), Object(Closure), 'frontend')
#24 E:\\xampp-8.2\\htdocs\\nexelit\\@core\\vendor\\barryvdh\\laravel-debugbar\\src\\Middleware\\InjectDebugbar.php(66): Illuminate\\Pipeline\\Pipeline->Illuminate\\Pipeline\\{closure}(Object(Illuminate\\Http\\Request))
#25 E:\\xampp-8.2\\htdocs\\nexelit\\@core\\vendor\\laravel\\framework\\src\\Illuminate\\Pipeline\\Pipeline.php(219): Barryvdh\\Debugbar\\Middleware\\InjectDebugbar->handle(Object(Illuminate\\Http\\Request), Object(Closure))
#26 E:\\xampp-8.2\\htdocs\\nexelit\\@core\\vendor\\laravel\\framework\\src\\Illuminate\\Routing\\Middleware\\SubstituteBindings.php(50): Illuminate\\Pipeline\\Pipeline->Illuminate\\Pipeline\\{closure}(Object(Illuminate\\Http\\Request))
#27 E:\\xampp-8.2\\htdocs\\nexelit\\@core\\vendor\\laravel\\framework\\src\\Illuminate\\Pipeline\\Pipeline.php(219): Illuminate\\Routing\\Middleware\\SubstituteBindings->handle(Object(Illuminate\\Http\\Request), Object(Closure))
#28 E:\\xampp-8.2\\htdocs\\nexelit\\@core\\vendor\\laravel\\framework\\src\\Illuminate\\Foundation\\Http\\Middleware\\VerifyCsrfToken.php(87): Illuminate\\Pipeline\\Pipeline->Illuminate\\Pipeline\\{closure}(Object(Illuminate\\Http\\Request))
#29 E:\\xampp-8.2\\htdocs\\nexelit\\@core\\vendor\\laravel\\framework\\src\\Illuminate\\Pipeline\\Pipeline.php(219): Illuminate\\Foundation\\Http\\Middleware\\VerifyCsrfToken->handle(Object(Illuminate\\Http\\Request), Object(Closure))
#30 E:\\xampp-8.2\\htdocs\\nexelit\\@core\\vendor\\laravel\\framework\\src\\Illuminate\\View\\Middleware\\ShareErrorsFromSession.php(48): Illuminate\\Pipeline\\Pipeline->Illuminate\\Pipeline\\{closure}(Object(Illuminate\\Http\\Request))
#31 E:\\xampp-8.2\\htdocs\\nexelit\\@core\\vendor\\laravel\\framework\\src\\Illuminate\\Pipeline\\Pipeline.php(219): Illuminate\\View\\Middleware\\ShareErrorsFromSession->handle(Object(Illuminate\\Http\\Request), Object(Closure))
#32 E:\\xampp-8.2\\htdocs\\nexelit\\@core\\vendor\\laravel\\framework\\src\\Illuminate\\Session\\Middleware\\StartSession.php(120): Illuminate\\Pipeline\\Pipeline->Illuminate\\Pipeline\\{closure}(Object(Illuminate\\Http\\Request))
#33 E:\\xampp-8.2\\htdocs\\nexelit\\@core\\vendor\\laravel\\framework\\src\\Illuminate\\Session\\Middleware\\StartSession.php(63): Illuminate\\Session\\Middleware\\StartSession->handleStatefulRequest(Object(Illuminate\\Http\\Request), Object(Illuminate\\Session\\Store), Object(Closure))
#34 E:\\xampp-8.2\\htdocs\\nexelit\\@core\\vendor\\laravel\\framework\\src\\Illuminate\\Pipeline\\Pipeline.php(219): Illuminate\\Session\\Middleware\\StartSession->handle(Object(Illuminate\\Http\\Request), Object(Closure))
#35 E:\\xampp-8.2\\htdocs\\nexelit\\@core\\vendor\\laravel\\framework\\src\\Illuminate\\Cookie\\Middleware\\AddQueuedCookiesToResponse.php(36): Illuminate\\Pipeline\\Pipeline->Illuminate\\Pipeline\\{closure}(Object(Illuminate\\Http\\Request))
#36 E:\\xampp-8.2\\htdocs\\nexelit\\@core\\vendor\\laravel\\framework\\src\\Illuminate\\Pipeline\\Pipeline.php(219): Illuminate\\Cookie\\Middleware\\AddQueuedCookiesToResponse->handle(Object(Illuminate\\Http\\Request), Object(Closure))
#37 E:\\xampp-8.2\\htdocs\\nexelit\\@core\\vendor\\laravel\\framework\\src\\Illuminate\\Cookie\\Middleware\\EncryptCookies.php(74): Illuminate\\Pipeline\\Pipeline->Illuminate\\Pipeline\\{closure}(Object(Illuminate\\Http\\Request))
#38 E:\\xampp-8.2\\htdocs\\nexelit\\@core\\vendor\\laravel\\framework\\src\\Illuminate\\Pipeline\\Pipeline.php(219): Illuminate\\Cookie\\Middleware\\EncryptCookies->handle(Object(Illuminate\\Http\\Request), Object(Closure))
#39 E:\\xampp-8.2\\htdocs\\nexelit\\@core\\vendor\\laravel\\framework\\src\\Illuminate\\Pipeline\\Pipeline.php(137): Illuminate\\Pipeline\\Pipeline->Illuminate\\Pipeline\\{closure}(Object(Illuminate\\Http\\Request))
#40 E:\\xampp-8.2\\htdocs\\nexelit\\@core\\vendor\\laravel\\framework\\src\\Illuminate\\Routing\\Router.php(821): Illuminate\\Pipeline\\Pipeline->then(Object(Closure))
#41 E:\\xampp-8.2\\htdocs\\nexelit\\@core\\vendor\\laravel\\framework\\src\\Illuminate\\Routing\\Router.php(800): Illuminate\\Routing\\Router->runRouteWithinStack(Object(Illuminate\\Routing\\Route), Object(Illuminate\\Http\\Request))
#42 E:\\xampp-8.2\\htdocs\\nexelit\\@core\\vendor\\laravel\\framework\\src\\Illuminate\\Routing\\Router.php(764): Illuminate\\Routing\\Router->runRoute(Object(Illuminate\\Http\\Request), Object(Illuminate\\Routing\\Route))
#43 E:\\xampp-8.2\\htdocs\\nexelit\\@core\\vendor\\laravel\\framework\\src\\Illuminate\\Routing\\Router.php(753): Illuminate\\Routing\\Router->dispatchToRoute(Object(Illuminate\\Http\\Request))
#44 E:\\xampp-8.2\\htdocs\\nexelit\\@core\\vendor\\laravel\\framework\\src\\Illuminate\\Foundation\\Http\\Kernel.php(200): Illuminate\\Routing\\Router->dispatch(Object(Illuminate\\Http\\Request))
#45 E:\\xampp-8.2\\htdocs\\nexelit\\@core\\vendor\\laravel\\framework\\src\\Illuminate\\Pipeline\\Pipeline.php(180): Illuminate\\Foundation\\Http\\Kernel->Illuminate\\Foundation\\Http\\{closure}(Object(Illuminate\\Http\\Request))
#46 E:\\xampp-8.2\\htdocs\\nexelit\\@core\\vendor\\barryvdh\\laravel-debugbar\\src\\Middleware\\InjectDebugbar.php(66): Illuminate\\Pipeline\\Pipeline->Illuminate\\Pipeline\\{closure}(Object(Illuminate\\Http\\Request))
#47 E:\\xampp-8.2\\htdocs\\nexelit\\@core\\vendor\\laravel\\framework\\src\\Illuminate\\Pipeline\\Pipeline.php(219): Barryvdh\\Debugbar\\Middleware\\InjectDebugbar->handle(Object(Illuminate\\Http\\Request), Object(Closure))
#48 E:\\xampp-8.2\\htdocs\\nexelit\\@core\\vendor\\xgenious\\installer\\src\\Http\\Middleware\\InstallerMiddleware.php(18): Illuminate\\Pipeline\\Pipeline->Illuminate\\Pipeline\\{closure}(Object(Illuminate\\Http\\Request))
#49 E:\\xampp-8.2\\htdocs\\nexelit\\@core\\vendor\\laravel\\framework\\src\\Illuminate\\Pipeline\\Pipeline.php(219): Xgenious\\Installer\\Http\\Middleware\\InstallerMiddleware->handle(Object(Illuminate\\Http\\Request), Object(Closure))
#50 E:\\xampp-8.2\\htdocs\\nexelit\\@core\\vendor\\laravel\\framework\\src\\Illuminate\\Foundation\\Http\\Middleware\\TransformsRequest.php(21): Illuminate\\Pipeline\\Pipeline->Illuminate\\Pipeline\\{closure}(Object(Illuminate\\Http\\Request))
#51 E:\\xampp-8.2\\htdocs\\nexelit\\@core\\vendor\\laravel\\framework\\src\\Illuminate\\Foundation\\Http\\Middleware\\ConvertEmptyStringsToNull.php(31): Illuminate\\Foundation\\Http\\Middleware\\TransformsRequest->handle(Object(Illuminate\\Http\\Request), Object(Closure))
#52 E:\\xampp-8.2\\htdocs\\nexelit\\@core\\vendor\\laravel\\framework\\src\\Illuminate\\Pipeline\\Pipeline.php(219): Illuminate\\Foundation\\Http\\Middleware\\ConvertEmptyStringsToNull->handle(Object(Illuminate\\Http\\Request), Object(Closure))
#53 E:\\xampp-8.2\\htdocs\\nexelit\\@core\\vendor\\laravel\\framework\\src\\Illuminate\\Foundation\\Http\\Middleware\\TransformsRequest.php(21): Illuminate\\Pipeline\\Pipeline->Illuminate\\Pipeline\\{closure}(Object(Illuminate\\Http\\Request))
#54 E:\\xampp-8.2\\htdocs\\nexelit\\@core\\vendor\\laravel\\framework\\src\\Illuminate\\Foundation\\Http\\Middleware\\TrimStrings.php(51): Illuminate\\Foundation\\Http\\Middleware\\TransformsRequest->handle(Object(Illuminate\\Http\\Request), Object(Closure))
#55 E:\\xampp-8.2\\htdocs\\nexelit\\@core\\vendor\\laravel\\framework\\src\\Illuminate\\Pipeline\\Pipeline.php(219): Illuminate\\Foundation\\Http\\Middleware\\TrimStrings->handle(Object(Illuminate\\Http\\Request), Object(Closure))
#56 E:\\xampp-8.2\\htdocs\\nexelit\\@core\\vendor\\laravel\\framework\\src\\Illuminate\\Http\\Middleware\\ValidatePostSize.php(27): Illuminate\\Pipeline\\Pipeline->Illuminate\\Pipeline\\{closure}(Object(Illuminate\\Http\\Request))
#57 E:\\xampp-8.2\\htdocs\\nexelit\\@core\\vendor\\laravel\\framework\\src\\Illuminate\\Pipeline\\Pipeline.php(219): Illuminate\\Http\\Middleware\\ValidatePostSize->handle(Object(Illuminate\\Http\\Request), Object(Closure))
#58 E:\\xampp-8.2\\htdocs\\nexelit\\@core\\vendor\\laravel\\framework\\src\\Illuminate\\Foundation\\Http\\Middleware\\PreventRequestsDuringMaintenance.php(109): Illuminate\\Pipeline\\Pipeline->Illuminate\\Pipeline\\{closure}(Object(Illuminate\\Http\\Request))
#59 E:\\xampp-8.2\\htdocs\\nexelit\\@core\\vendor\\laravel\\framework\\src\\Illuminate\\Pipeline\\Pipeline.php(219): Illuminate\\Foundation\\Http\\Middleware\\PreventRequestsDuringMaintenance->handle(Object(Illuminate\\Http\\Request), Object(Closure))
#60 E:\\xampp-8.2\\htdocs\\nexelit\\@core\\vendor\\laravel\\framework\\src\\Illuminate\\Http\\Middleware\\TrustProxies.php(58): Illuminate\\Pipeline\\Pipeline->Illuminate\\Pipeline\\{closure}(Object(Illuminate\\Http\\Request))
#61 E:\\xampp-8.2\\htdocs\\nexelit\\@core\\vendor\\laravel\\framework\\src\\Illuminate\\Pipeline\\Pipeline.php(219): Illuminate\\Http\\Middleware\\TrustProxies->handle(Object(Illuminate\\Http\\Request), Object(Closure))
#62 E:\\xampp-8.2\\htdocs\\nexelit\\@core\\vendor\\laravel\\framework\\src\\Illuminate\\Pipeline\\Pipeline.php(137): Illuminate\\Pipeline\\Pipeline->Illuminate\\Pipeline\\{closure}(Object(Illuminate\\Http\\Request))
#63 E:\\xampp-8.2\\htdocs\\nexelit\\@core\\vendor\\laravel\\framework\\src\\Illuminate\\Foundation\\Http\\Kernel.php(175): Illuminate\\Pipeline\\Pipeline->then(Object(Closure))
#64 E:\\xampp-8.2\\htdocs\\nexelit\\@core\\vendor\\laravel\\framework\\src\\Illuminate\\Foundation\\Http\\Kernel.php(144): Illuminate\\Foundation\\Http\\Kernel->sendRequestThroughRouter(Object(Illuminate\\Http\\Request))
#65 E:\\xampp-8.2\\htdocs\\nexelit\\index.php(54): Illuminate\\Foundation\\Http\\Kernel->handle(Object(Illuminate\\Http\\Request))
#66 {main}
"} 
[2026-09-14 21:30:21] development.ERROR: SQLSTATE[42S02]: Base table or view not found: 1146 Table 'nexelit.custom_font_imports' doesn't exist (Connection: mysql, SQL: select `status`, `file`, `path` from `custom_font_imports` where `status` = 1 order by `created_at` desc limit 1) {"view":{"view":"E:\\xampp-8.2\\htdocs\\nexelit\\@core\\resources\\views\\frontend\\partials\\header.blade.php","data":{"home_page_variant":"<pre class=sf-dump id=sf-dump-1253029223 data-indent-pad=\"  \">\"<span class=sf-dump-str title=\"2 characters\">01</span>\"
</pre><script>Sfdump(\"sf-dump-1253029223\", {\"maxDepth\":3,\"maxStringLength\":160})</script>
","errors":"<pre class=sf-dump id=sf-dump-1250137736 data-indent-pad=\"  \"><span class=sf-dump-note>Illuminate\\Support\\ViewErrorBag</span> {<a class=sf-dump-ref>#2042</a><samp data-depth=1 class=sf-dump-expanded>
  #<span class=sf-dump-protected title=\"Protected property\">bags</span>: []
</samp>}
</pre><script>Sfdump(\"sf-dump-1250137736\", {\"maxDepth\":3,\"maxStringLength\":160})</script>
","static_field_data":"<pre class=sf-dump id=sf-dump-574933452 data-indent-pad=\"  \"><span class=sf-dump-note>array:1</span> [<samp data-depth=1 class=sf-dump-expanded>
  \"<span class=sf-dump-key>home_page_variant</span>\" => \"<span class=sf-dump-str title=\"2 characters\">01</span>\"
</samp>]
</pre><script>Sfdump(\"sf-dump-574933452\", {\"maxDepth\":3,\"maxStringLength\":160})</script>
","all_header_slider":"<pre class=sf-dump id=sf-dump-768719883 data-indent-pad=\"  \"><span class=sf-dump-note>Illuminate\\Database\\Eloquent\\Collection</span> {<a class=sf-dump-ref>#2596</a><samp data-depth=1 class=sf-dump-expanded>
  #<span class=sf-dump-protected title=\"Protected property\">items</span>: []
  #<span class=sf-dump-protected title=\"Protected property\">escapeWhenCastingToString</span>: <span class=sf-dump-const>false</span>
</samp>}
</pre><script>Sfdump(\"sf-dump-768719883\", {\"maxDepth\":3,\"maxStringLength\":160})</script>
","all_counterup":"<pre class=sf-dump id=sf-dump-2070660740 data-indent-pad=\"  \"><span class=sf-dump-note>Illuminate\\Database\\Eloquent\\Collection</span> {<a class=sf-dump-ref>#2603</a><samp data-depth=1 class=sf-dump-expanded>
  #<span class=sf-dump-protected title=\"Protected property\">items</span>: []
  #<span class=sf-dump-protected title=\"Protected property\">escapeWhenCastingToString</span>: <span class=sf-dump-const>false</span>
</samp>}
</pre><script>Sfdump(\"sf-dump-2070660740\", {\"maxDepth\":3,\"maxStringLength\":160})</script>
","all_key_features":"<pre class=sf-dump id=sf-dump-1203393862 data-indent-pad=\"  \"><span class=sf-dump-note>Illuminate\\Database\\Eloquent\\Collection</span> {<a class=sf-dump-ref>#2611</a><samp data-depth=1 class=sf-dump-expanded>
  #<span class=sf-dump-protected title=\"Protected property\">items</span>: []
  #<span class=sf-dump-protected title=\"Protected property\">escapeWhenCastingToString</span>: <span class=sf-dump-const>false</span>
</samp>}
</pre><script>Sfdump(\"sf-dump-1203393862\", {\"maxDepth\":3,\"maxStringLength\":160})</script>
","all_service":"<pre class=sf-dump id=sf-dump-1926083150 data-indent-pad=\"  \"><span class=sf-dump-note>Illuminate\\Database\\Eloquent\\Collection</span> {<a class=sf-dump-ref>#2606</a><samp data-depth=1 class=sf-dump-expanded>
  #<span class=sf-dump-protected title=\"Protected property\">items</span>: []
  #<span class=sf-dump-protected title=\"Protected property\">escapeWhenCastingToString</span>: <span class=sf-dump-const>false</span>
</samp>}
</pre><script>Sfdump(\"sf-dump-1926083150\", {\"maxDepth\":3,\"maxStringLength\":160})</script>
","all_testimonial":"<pre class=sf-dump id=sf-dump-5955837 data-indent-pad=\"  \"><span class=sf-dump-note>Illuminate\\Database\\Eloquent\\Collection</span> {<a class=sf-dump-ref>#2629</a><samp data-depth=1 class=sf-dump-expanded>
  #<span class=sf-dump-protected title=\"Protected property\">items</span>: []
  #<span class=sf-dump-protected title=\"Protected property\">escapeWhenCastingToString</span>: <span class=sf-dump-const>false</span>
</samp>}
</pre><script>Sfdump(\"sf-dump-5955837\", {\"maxDepth\":3,\"maxStringLength\":160})</script>
","all_blog":"<pre class=sf-dump id=sf-dump-140782476 data-indent-pad=\"  \"><span class=sf-dump-note>Illuminate\\Database\\Eloquent\\Collection</span> {<a class=sf-dump-ref>#2425</a><samp data-depth=1 class=sf-dump-expanded>
  #<span class=sf-dump-protected title=\"Protected property\">items</span>: []
  #<span class=sf-dump-protected title=\"Protected property\">escapeWhenCastingToString</span>: <span class=sf-dump-const>false</span>
</samp>}
</pre><script>Sfdump(\"sf-dump-140782476\", {\"maxDepth\":3,\"maxStringLength\":160})</script>
","all_price_plan":"<pre class=sf-dump id=sf-dump-393087347 data-indent-pad=\"  \"><span class=sf-dump-note>Illuminate\\Database\\Eloquent\\Collection</span> {<a class=sf-dump-ref>#2623</a><samp data-depth=1 class=sf-dump-expanded>
  #<span class=sf-dump-protected title=\"Protected property\">items</span>: []
  #<span class=sf-dump-protected title=\"Protected property\">escapeWhenCastingToString</span>: <span class=sf-dump-const>false</span>
</samp>}
</pre><script>Sfdump(\"sf-dump-393087347\", {\"maxDepth\":3,\"maxStringLength\":160})</script>
","all_team_members":"<pre class=sf-dump id=sf-dump-1364952343 data-indent-pad=\"  \"><span class=sf-dump-note>Illuminate\\Database\\Eloquent\\Collection</span> {<a class=sf-dump-ref>#2650</a><samp data-depth=1 class=sf-dump-expanded>
  #<span class=sf-dump-protected title=\"Protected property\">items</span>: []
  #<span class=sf-dump-protected title=\"Protected property\">escapeWhenCastingToString</span>: <span class=sf-dump-const>false</span>
</samp>}
</pre><script>Sfdump(\"sf-dump-1364952343\", {\"maxDepth\":3,\"maxStringLength\":160})</script>
","all_brand_logo":"<pre class=sf-dump id=sf-dump-2021090390 data-indent-pad=\"  \"><span class=sf-dump-note>Illuminate\\Database\\Eloquent\\Collection</span> {<a class=sf-dump-ref>#2670</a><samp data-depth=1 class=sf-dump-expanded>
  #<span class=sf-dump-protected title=\"Protected property\">items</span>: []
  #<span class=sf-dump-protected title=\"Protected property\">escapeWhenCastingToString</span>: <span class=sf-dump-const>false</span>
</samp>}
</pre><script>Sfdump(\"sf-dump-2021090390\", {\"maxDepth\":3,\"maxStringLength\":160})</script>
","all_work_category":"<pre class=sf-dump id=sf-dump-142684255 data-indent-pad=\"  \"><span class=sf-dump-note>Illuminate\\Database\\Eloquent\\Collection</span> {<a class=sf-dump-ref>#2723</a><samp data-depth=1 class=sf-dump-expanded>
  #<span class=sf-dump-protected title=\"Protected property\">items</span>: []
  #<span class=sf-dump-protected title=\"Protected property\">escapeWhenCastingToString</span>: <span class=sf-dump-const>false</span>
</samp>}
</pre><script>Sfdump(\"sf-dump-142684255\", {\"maxDepth\":3,\"maxStringLength\":160})</script>
","all_work":"<pre class=sf-dump id=sf-dump-718884943 data-indent-pad=\"  \"><span class=sf-dump-note>Illuminate\\Database\\Eloquent\\Collection</span> {<a class=sf-dump-ref>#2655</a><samp data-depth=1 class=sf-dump-expanded>
  #<span class=sf-dump-protected title=\"Protected property\">items</span>: []
  #<span class=sf-dump-protected title=\"Protected property\">escapeWhenCastingToString</span>: <span class=sf-dump-const>false</span>
</samp>}
</pre><script>Sfdump(\"sf-dump-718884943\", {\"maxDepth\":3,\"maxStringLength\":160})</script>
","all_service_category":"<pre class=sf-dump id=sf-dump-1952452877 data-indent-pad=\"  \"><span class=sf-dump-note>Illuminate\\Database\\Eloquent\\Collection</span> {<a class=sf-dump-ref>#2680</a><samp data-depth=1 class=sf-dump-expanded>
  #<span class=sf-dump-protected title=\"Protected property\">items</span>: []
  #<span class=sf-dump-protected title=\"Protected property\">escapeWhenCastingToString</span>: <span class=sf-dump-const>false</span>
</samp>}
</pre><script>Sfdump(\"sf-dump-1952452877\", {\"maxDepth\":3,\"maxStringLength\":160})</script>
","all_contact_info":"<pre class=sf-dump id=sf-dump-1410016681 data-indent-pad=\"  \"><span class=sf-dump-note>Illuminate\\Database\\Eloquent\\Collection</span> {<a class=sf-dump-ref>#2693</a><samp data-depth=1 class=sf-dump-expanded>
  #<span class=sf-dump-protected title=\"Protected property\">items</span>: []
  #<span class=sf-dump-protected title=\"Protected property\">escapeWhenCastingToString</span>: <span class=sf-dump-const>false</span>
</samp>}
</pre><script>Sfdump(\"sf-dump-1410016681\", {\"maxDepth\":3,\"maxStringLength\":160})</script>
","global_static_field_data":"<pre class=sf-dump id=sf-dump-1451804649 data-indent-pad=\"  \"><span class=sf-dump-note>array:1</span> [<samp data-depth=1 class=sf-dump-expanded>
  \"<span class=sf-dump-key>home_page_variant</span>\" => \"<span class=sf-dump-str title=\"2 characters\">01</span>\"
</samp>]
</pre><script>Sfdump(\"sf-dump-1451804649\", {\"maxDepth\":3,\"maxStringLength\":160})</script>
","popup_details":"<pre class=sf-dump id=sf-dump-1543674105 data-indent-pad=\"  \"><span class=sf-dump-const>null</span>
</pre><script>Sfdump(\"sf-dump-1543674105\", {\"maxDepth\":3,\"maxStringLength\":160})</script>
","all_usefull_links":"<pre class=sf-dump id=sf-dump-48584106 data-indent-pad=\"  \"><span class=sf-dump-const>null</span>
</pre><script>Sfdump(\"sf-dump-48584106\", {\"maxDepth\":3,\"maxStringLength\":160})</script>
","all_important_links":"<pre class=sf-dump id=sf-dump-509688218 data-indent-pad=\"  \"><span class=sf-dump-const>null</span>
</pre><script>Sfdump(\"sf-dump-509688218\", {\"maxDepth\":3,\"maxStringLength\":160})</script>
","all_recent_post":"<pre class=sf-dump id=sf-dump-1606887797 data-indent-pad=\"  \"><span class=sf-dump-note>Illuminate\\Database\\Eloquent\\Collection</span> {<a class=sf-dump-ref>#2517</a><samp data-depth=1 class=sf-dump-expanded>
  #<span class=sf-dump-protected title=\"Protected property\">items</span>: []
  #<span class=sf-dump-protected title=\"Protected property\">escapeWhenCastingToString</span>: <span class=sf-dump-const>false</span>
</samp>}
</pre><script>Sfdump(\"sf-dump-1606887797\", {\"maxDepth\":3,\"maxStringLength\":160})</script>
","all_social_item":"<pre class=sf-dump id=sf-dump-234415842 data-indent-pad=\"  \"><span class=sf-dump-note>Illuminate\\Database\\Eloquent\\Collection</span> {<a class=sf-dump-ref>#2485</a><samp data-depth=1 class=sf-dump-expanded>
  #<span class=sf-dump-protected title=\"Protected property\">items</span>: []
  #<span class=sf-dump-protected title=\"Protected property\">escapeWhenCastingToString</span>: <span class=sf-dump-const>false</span>
</samp>}
</pre><script>Sfdump(\"sf-dump-234415842\", {\"maxDepth\":3,\"maxStringLength\":160})</script>
","all_language":"<pre class=sf-dump id=sf-dump-878229523 data-indent-pad=\"  \"><span class=sf-dump-note>Illuminate\\Database\\Eloquent\\Collection</span> {<a class=sf-dump-ref>#2522</a><samp data-depth=1 class=sf-dump-expanded>
  #<span class=sf-dump-protected title=\"Protected property\">items</span>: <span class=sf-dump-note>array:1</span> [<samp data-depth=2 class=sf-dump-compact>
    <span class=sf-dump-index>0</span> => <span class=\"sf-dump-note sf-dump-ellipsization\" title=\"App\\Language
\"><span class=\"sf-dump-ellipsis sf-dump-ellipsis-note\">App</span><span class=\"sf-dump-ellipsis sf-dump-ellipsis-note\">\\</span><span class=\"sf-dump-ellipsis-tail\">Language</span></span> {<a class=sf-dump-ref>#2524</a><samp data-depth=3 class=sf-dump-compact>
      #<span class=sf-dump-protected title=\"Protected property\">connection</span>: \"<span class=sf-dump-str title=\"5 characters\">mysql</span>\"
      #<span class=sf-dump-protected title=\"Protected property\">table</span>: \"<span class=sf-dump-str title=\"9 characters\">languages</span>\"
      #<span class=sf-dump-protected title=\"Protected property\">primaryKey</span>: \"<span class=sf-dump-str title=\"2 characters\">id</span>\"
      #<span class=sf-dump-protected title=\"Protected property\">keyType</span>: \"<span class=sf-dump-str title=\"3 characters\">int</span>\"
      +<span class=sf-dump-public title=\"Public property\">incrementing</span>: <span class=sf-dump-const>true</span>
      #<span class=sf-dump-protected title=\"Protected property\">with</span>: []
      #<span class=sf-dump-protected title=\"Protected property\">withCount</span>: []
      +<span class=sf-dump-public title=\"Public property\">preventsLazyLoading</span>: <span class=sf-dump-const>false</span>
      #<span class=sf-dump-protected title=\"Protected property\">perPage</span>: <span class=sf-dump-num>15</span>
      +<span class=sf-dump-public title=\"Public property\">exists</span>: <span class=sf-dump-const>true</span>
      +<span class=sf-dump-public title=\"Public property\">wasRecentlyCreated</span>: <span class=sf-dump-const>false</span>
      #<span class=sf-dump-protected title=\"Protected property\">escapeWhenCastingToString</span>: <span class=sf-dump-const>false</span>
      #<span class=sf-dump-protected title=\"Protected property\">attributes</span>: <span class=sf-dump-note>array:8</span> [ &#8230;8]
      #<span class=sf-dump-protected title=\"Protected property\">original</span>: <span class=sf-dump-note>array:8</span> [ &#8230;8]
      #<span class=sf-dump-protected title=\"Protected property\">changes</span>: []
      #<span class=sf-dump-protected title=\"Protected property\">previous</span>: []
      #<span class=sf-dump-protected title=\"Protected property\">casts</span>: []
      #<span class=sf-dump-protected title=\"Protected property\">classCastCache</span>: []
      #<span class=sf-dump-protected title=\"Protected property\">attributeCastCache</span>: []
      #<span class=sf-dump-protected title=\"Protected property\">dateFormat</span>: <span class=sf-dump-const>null</span>
      #<span class=sf-dump-protected title=\"Protected property\">appends</span>: []
      #<span class=sf-dump-protected title=\"Protected property\">dispatchesEvents</span>: []
      #<span class=sf-dump-protected title=\"Protected property\">observables</span>: []
      #<span class=sf-dump-protected title=\"Protected property\">relations</span>: []
      #<span class=sf-dump-protected title=\"Protected property\">touches</span>: []
      #<span class=sf-dump-protected title=\"Protected property\">relationAutoloadCallback</span>: <span class=sf-dump-const>null</span>
      #<span class=sf-dump-protected title=\"Protected property\">relationAutoloadContext</span>: <span class=sf-dump-const>null</span>
      +<span class=sf-dump-public title=\"Public property\">timestamps</span>: <span class=sf-dump-const>true</span>
      +<span class=sf-dump-public title=\"Public property\">usesUniqueIds</span>: <span class=sf-dump-const>false</span>
      #<span class=sf-dump-protected title=\"Protected property\">hidden</span>: []
      #<span class=sf-dump-protected title=\"Protected property\">visible</span>: []
      #<span class=sf-dump-protected title=\"Protected property\">fillable</span>: <span class=sf-dump-note>array:5</span> [ &#8230;5]
      #<span class=sf-dump-protected title=\"Protected property\">guarded</span>: <span class=sf-dump-note>array:1</span> [ &#8230;1]
    </samp>}
  </samp>]
  #<span class=sf-dump-protected title=\"Protected property\">escapeWhenCastingToString</span>: <span class=sf-dump-const>false</span>
</samp>}
</pre><script>Sfdump(\"sf-dump-878229523\", {\"maxDepth\":3,\"maxStringLength\":160})</script>
","primary_menu":"<pre class=sf-dump id=sf-dump-771538645 data-indent-pad=\"  \"><span class=sf-dump-const>null</span>
</pre><script>Sfdump(\"sf-dump-771538645\", {\"maxDepth\":3,\"maxStringLength\":160})</script>
","footer_widgets":"<pre class=sf-dump id=sf-dump-2120980354 data-indent-pad=\"  \"><span class=sf-dump-note>Illuminate\\Database\\Eloquent\\Collection</span> {<a class=sf-dump-ref>#2544</a><samp data-depth=1 class=sf-dump-expanded>
  #<span class=sf-dump-protected title=\"Protected property\">items</span>: []
  #<span class=sf-dump-protected title=\"Protected property\">escapeWhenCastingToString</span>: <span class=sf-dump-const>false</span>
</samp>}
</pre><script>Sfdump(\"sf-dump-2120980354\", {\"maxDepth\":3,\"maxStringLength\":160})</script>
","user_select_lang_slug":"<pre class=sf-dump id=sf-dump-45211754 data-indent-pad=\"  \">\"<span class=sf-dump-str title=\"5 characters\">en_US</span>\"
</pre><script>Sfdump(\"sf-dump-45211754\", {\"maxDepth\":3,\"maxStringLength\":160})</script>
","page_partial":"<pre class=sf-dump id=sf-dump-1529754141 data-indent-pad=\"  \">\"<span class=sf-dump-str title=\"7 characters\">home-01</span>\"
</pre><script>Sfdump(\"sf-dump-1529754141\", {\"maxDepth\":3,\"maxStringLength\":160})</script>
"}},"exception":"[object] (Spatie\\LaravelIgnition\\Exceptions\\ViewException(code: 0): SQLSTATE[42S02]: Base table or view not found: 1146 Table 'nexelit.custom_font_imports' doesn't exist (Connection: mysql, SQL: select `status`, `file`, `path` from `custom_font_imports` where `status` = 1 order by `created_at` desc limit 1) at E:\\xampp-8.2\\htdocs\\nexelit\\@core\\vendor\\laravel\\framework\\src\\Illuminate\\Database\\Connection.php:824)
[stacktrace]
#0 E:\\xampp-8.2\\htdocs\\nexelit\\@core\\vendor\\laravel\\framework\\src\\Illuminate\\Database\\Connection.php(778): Illuminate\\Database\\Connection->runQueryCallback('select `status`...', Array, Object(Closure))
#1 E:\\xampp-8.2\\htdocs\\nexelit\\@core\\vendor\\laravel\\framework\\src\\Illuminate\\Database\\Connection.php(397): Illuminate\\Database\\Connection->run('select `status`...', Array, Object(Closure))
#2 E:\\xampp-8.2\\htdocs\\nexelit\\@core\\vendor\\laravel\\framework\\src\\Illuminate\\Database\\Query\\Builder.php(3188): Illuminate\\Database\\Connection->select('select `status`...', Array, true)
#3 E:\\xampp-8.2\\htdocs\\nexelit\\@core\\vendor\\laravel\\framework\\src\\Illuminate\\Database\\Query\\Builder.php(3173): Illuminate\\Database\\Query\\Builder->runSelect()
#4 E:\\xampp-8.2\\htdocs\\nexelit\\@core\\vendor\\laravel\\framework\\src\\Illuminate\\Database\\Query\\Builder.php(3763): Illuminate\\Database\\Query\\Builder->Illuminate\\Database\\Query\\{closure}()
#5 E:\\xampp-8.2\\htdocs\\nexelit\\@core\\vendor\\laravel\\framework\\src\\Illuminate\\Database\\Query\\Builder.php(3172): Illuminate\\Database\\Query\\Builder->onceWithColumns(Array, Object(Closure))
#6 E:\\xampp-8.2\\htdocs\\nexelit\\@core\\vendor\\laravel\\framework\\src\\Illuminate\\Database\\Eloquent\\Builder.php(902): Illuminate\\Database\\Query\\Builder->get(Array)
#7 E:\\xampp-8.2\\htdocs\\nexelit\\@core\\vendor\\laravel\\framework\\src\\Illuminate\\Database\\Eloquent\\Builder.php(884): Illuminate\\Database\\Eloquent\\Builder->getModels(Array)
#8 E:\\xampp-8.2\\htdocs\\nexelit\\@core\\vendor\\laravel\\framework\\src\\Illuminate\\Database\\Concerns\\BuildsQueries.php(366): Illuminate\\Database\\Eloquent\\Builder->get(Array)
#9 E:\\xampp-8.2\\htdocs\\nexelit\\@core\\resources\\views\\frontend\\partials\\header.blade.php(16): Illuminate\\Database\\Eloquent\\Builder->first()
#10 E:\\xampp-8.2\\htdocs\\nexelit\\@core\\vendor\\laravel\\framework\\src\\Illuminate\\Filesystem\\Filesystem.php(123): require('E:\\\\xampp-8.2\\\\ht...')
#11 E:\\xampp-8.2\\htdocs\\nexelit\\@core\\vendor\\laravel\\framework\\src\\Illuminate\\Filesystem\\Filesystem.php(124): Illuminate\\Filesystem\\Filesystem::Illuminate\\Filesystem\\{closure}()
#12 E:\\xampp-8.2\\htdocs\\nexelit\\@core\\vendor\\laravel\\framework\\src\\Illuminate\\View\\Engines\\PhpEngine.php(57): Illuminate\\Filesystem\\Filesystem->getRequire('E:\\\\xampp-8.2\\\\ht...', Array)
#13 E:\\xampp-8.2\\htdocs\\nexelit\\@core\\vendor\\laravel\\framework\\src\\Illuminate\\View\\Engines\\CompilerEngine.php(76): Illuminate\\View\\Engines\\PhpEngine->evaluatePath('E:\\\\xampp-8.2\\\\ht...', Array)
#14 E:\\xampp-8.2\\htdocs\\nexelit\\@core\\vendor\\laravel\\framework\\src\\Illuminate\\View\\View.php(208): Illuminate\\View\\Engines\\CompilerEngine->get('E:\\\\xampp-8.2\\\\ht...', Array)
#15 E:\\xampp-8.2\\htdocs\\nexelit\\@core\\vendor\\laravel\\framework\\src\\Illuminate\\View\\View.php(191): Illuminate\\View\\View->getContents()
#16 E:\\xampp-8.2\\htdocs\\nexelit\\@core\\vendor\\laravel\\framework\\src\\Illuminate\\View\\View.php(160): Illuminate\\View\\View->renderContents()
#17 E:\\xampp-8.2\\htdocs\\nexelit\\@core\\resources\\views\\frontend\\frontend-master.blade.php(1): Illuminate\\View\\View->render()
#18 E:\\xampp-8.2\\htdocs\\nexelit\\@core\\vendor\\laravel\\framework\\src\\Illuminate\\Filesystem\\Filesystem.php(123): require('E:\\\\xampp-8.2\\\\ht...')
#19 E:\\xampp-8.2\\htdocs\\nexelit\\@core\\vendor\\laravel\\framework\\src\\Illuminate\\Filesystem\\Filesystem.php(124): Illuminate\\Filesystem\\Filesystem::Illuminate\\Filesystem\\{closure}()
#20 E:\\xampp-8.2\\htdocs\\nexelit\\@core\\vendor\\laravel\\framework\\src\\Illuminate\\View\\Engines\\PhpEngine.php(57): Illuminate\\Filesystem\\Filesystem->getRequire('E:\\\\xampp-8.2\\\\ht...', Array)
#21 E:\\xampp-8.2\\htdocs\\nexelit\\@core\\vendor\\laravel\\framework\\src\\Illuminate\\View\\Engines\\CompilerEngine.php(76): Illuminate\\View\\Engines\\PhpEngine->evaluatePath('E:\\\\xampp-8.2\\\\ht...', Array)
#22 E:\\xampp-8.2\\htdocs\\nexelit\\@core\\vendor\\laravel\\framework\\src\\Illuminate\\View\\View.php(208): Illuminate\\View\\Engines\\CompilerEngine->get('E:\\\\xampp-8.2\\\\ht...', Array)
#23 E:\\xampp-8.2\\htdocs\\nexelit\\@core\\vendor\\laravel\\framework\\src\\Illuminate\\View\\View.php(191): Illuminate\\View\\View->getContents()
#24 E:\\xampp-8.2\\htdocs\\nexelit\\@core\\vendor\\laravel\\framework\\src\\Illuminate\\View\\View.php(160): Illuminate\\View\\View->renderContents()
#25 E:\\xampp-8.2\\htdocs\\nexelit\\@core\\resources\\views\\frontend\\frontend-home.blade.php(12): Illuminate\\View\\View->render()
#26 E:\\xampp-8.2\\htdocs\\nexelit\\@core\\vendor\\laravel\\framework\\src\\Illuminate\\Filesystem\\Filesystem.php(123): require('E:\\\\xampp-8.2\\\\ht...')
#27 E:\\xampp-8.2\\htdocs\\nexelit\\@core\\vendor\\laravel\\framework\\src\\Illuminate\\Filesystem\\Filesystem.php(124): Illuminate\\Filesystem\\Filesystem::Illuminate\\Filesystem\\{closure}()
#28 E:\\xampp-8.2\\htdocs\\nexelit\\@core\\vendor\\laravel\\framework\\src\\Illuminate\\View\\Engines\\PhpEngine.php(57): Illuminate\\Filesystem\\Filesystem->getRequire('E:\\\\xampp-8.2\\\\ht...', Array)
#29 E:\\xampp-8.2\\htdocs\\nexelit\\@core\\vendor\\laravel\\framework\\src\\Illuminate\\View\\Engines\\CompilerEngine.php(76): Illuminate\\View\\Engines\\PhpEngine->evaluatePath('E:\\\\xampp-8.2\\\\ht...', Array)
#30 E:\\xampp-8.2\\htdocs\\nexelit\\@core\\vendor\\laravel\\framework\\src\\Illuminate\\View\\View.php(208): Illuminate\\View\\Engines\\CompilerEngine->get('E:\\\\xampp-8.2\\\\ht...', Array)
#31 E:\\xampp-8.2\\htdocs\\nexelit\\@core\\vendor\\laravel\\framework\\src\\Illuminate\\View\\View.php(191): Illuminate\\View\\View->getContents()
#32 E:\\xampp-8.2\\htdocs\\nexelit\\@core\\vendor\\laravel\\framework\\src\\Illuminate\\View\\View.php(160): Illuminate\\View\\View->renderContents()
#33 E:\\xampp-8.2\\htdocs\\nexelit\\@core\\vendor\\laravel\\framework\\src\\Illuminate\\Http\\Response.php(78): Illuminate\\View\\View->render()
#34 E:\\xampp-8.2\\htdocs\\nexelit\\@core\\vendor\\laravel\\framework\\src\\Illuminate\\Http\\Response.php(34): Illuminate\\Http\\Response->setContent(Object(Illuminate\\View\\View))
#35 E:\\xampp-8.2\\htdocs\\nexelit\\@core\\vendor\\laravel\\framework\\src\\Illuminate\\Routing\\Router.php(939): Illuminate\\Http\\Response->__construct(Object(Illuminate\\View\\View), 200, Array)
#36 E:\\xampp-8.2\\htdocs\\nexelit\\@core\\vendor\\laravel\\framework\\src\\Illuminate\\Routing\\Router.php(906): Illuminate\\Routing\\Router::toResponse(Object(Illuminate\\Http\\Request), Object(Illuminate\\View\\View))
#37 E:\\xampp-8.2\\htdocs\\nexelit\\@core\\vendor\\laravel\\framework\\src\\Illuminate\\Routing\\Router.php(821): Illuminate\\Routing\\Router->prepareResponse(Object(Illuminate\\Http\\Request), Object(Illuminate\\View\\View))
#38 E:\\xampp-8.2\\htdocs\\nexelit\\@core\\vendor\\laravel\\framework\\src\\Illuminate\\Pipeline\\Pipeline.php(180): Illuminate\\Routing\\Router->Illuminate\\Routing\\{closure}(Object(Illuminate\\Http\\Request))
#39 E:\\xampp-8.2\\htdocs\\nexelit\\@core\\app\\Http\\Middleware\\HtmlMinifier.php(13): Illuminate\\Pipeline\\Pipeline->Illuminate\\Pipeline\\{closure}(Object(Illuminate\\Http\\Request))
#40 E:\\xampp-8.2\\htdocs\\nexelit\\@core\\vendor\\laravel\\framework\\src\\Illuminate\\Pipeline\\Pipeline.php(219): App\\Http\\Middleware\\HtmlMinifier->handle(Object(Illuminate\\Http\\Request), Object(Closure), ':class')
#41 E:\\xampp-8.2\\htdocs\\nexelit\\@core\\app\\Http\\Middleware\\MaintainsMode.php(22): Illuminate\\Pipeline\\Pipeline->Illuminate\\Pipeline\\{closure}(Object(Illuminate\\Http\\Request))
#42 E:\\xampp-8.2\\htdocs\\nexelit\\@core\\vendor\\laravel\\framework\\src\\Illuminate\\Pipeline\\Pipeline.php(219): App\\Http\\Middleware\\MaintainsMode->handle(Object(Illuminate\\Http\\Request), Object(Closure))
#43 E:\\xampp-8.2\\htdocs\\nexelit\\@core\\app\\Http\\Middleware\\GlobalVariableMiddleware.php(145): Illuminate\\Pipeline\\Pipeline->Illuminate\\Pipeline\\{closure}(Object(Illuminate\\Http\\Request))
#44 E:\\xampp-8.2\\htdocs\\nexelit\\@core\\vendor\\laravel\\framework\\src\\Illuminate\\Pipeline\\Pipeline.php(219): App\\Http\\Middleware\\GlobalVariableMiddleware->handle(Object(Illuminate\\Http\\Request), Object(Closure))
#45 E:\\xampp-8.2\\htdocs\\nexelit\\@core\\app\\Http\\Middleware\\SetUserLanguages.php(35): Illuminate\\Pipeline\\Pipeline->Illuminate\\Pipeline\\{closure}(Object(Illuminate\\Http\\Request))
#46 E:\\xampp-8.2\\htdocs\\nexelit\\@core\\vendor\\laravel\\framework\\src\\Illuminate\\Pipeline\\Pipeline.php(219): App\\Http\\Middleware\\SetUserLanguages->handle(Object(Illuminate\\Http\\Request), Object(Closure), 'frontend')
#47 E:\\xampp-8.2\\htdocs\\nexelit\\@core\\vendor\\barryvdh\\laravel-debugbar\\src\\Middleware\\InjectDebugbar.php(66): Illuminate\\Pipeline\\Pipeline->Illuminate\\Pipeline\\{closure}(Object(Illuminate\\Http\\Request))
#48 E:\\xampp-8.2\\htdocs\\nexelit\\@core\\vendor\\laravel\\framework\\src\\Illuminate\\Pipeline\\Pipeline.php(219): Barryvdh\\Debugbar\\Middleware\\InjectDebugbar->handle(Object(Illuminate\\Http\\Request), Object(Closure))
#49 E:\\xampp-8.2\\htdocs\\nexelit\\@core\\vendor\\laravel\\framework\\src\\Illuminate\\Routing\\Middleware\\SubstituteBindings.php(50): Illuminate\\Pipeline\\Pipeline->Illuminate\\Pipeline\\{closure}(Object(Illuminate\\Http\\Request))
#50 E:\\xampp-8.2\\htdocs\\nexelit\\@core\\vendor\\laravel\\framework\\src\\Illuminate\\Pipeline\\Pipeline.php(219): Illuminate\\Routing\\Middleware\\SubstituteBindings->handle(Object(Illuminate\\Http\\Request), Object(Closure))
#51 E:\\xampp-8.2\\htdocs\\nexelit\\@core\\vendor\\laravel\\framework\\src\\Illuminate\\Foundation\\Http\\Middleware\\VerifyCsrfToken.php(87): Illuminate\\Pipeline\\Pipeline->Illuminate\\Pipeline\\{closure}(Object(Illuminate\\Http\\Request))
#52 E:\\xampp-8.2\\htdocs\\nexelit\\@core\\vendor\\laravel\\framework\\src\\Illuminate\\Pipeline\\Pipeline.php(219): Illuminate\\Foundation\\Http\\Middleware\\VerifyCsrfToken->handle(Object(Illuminate\\Http\\Request), Object(Closure))
#53 E:\\xampp-8.2\\htdocs\\nexelit\\@core\\vendor\\laravel\\framework\\src\\Illuminate\\View\\Middleware\\ShareErrorsFromSession.php(48): Illuminate\\Pipeline\\Pipeline->Illuminate\\Pipeline\\{closure}(Object(Illuminate\\Http\\Request))
#54 E:\\xampp-8.2\\htdocs\\nexelit\\@core\\vendor\\laravel\\framework\\src\\Illuminate\\Pipeline\\Pipeline.php(219): Illuminate\\View\\Middleware\\ShareErrorsFromSession->handle(Object(Illuminate\\Http\\Request), Object(Closure))
#55 E:\\xampp-8.2\\htdocs\\nexelit\\@core\\vendor\\laravel\\framework\\src\\Illuminate\\Session\\Middleware\\StartSession.php(120): Illuminate\\Pipeline\\Pipeline->Illuminate\\Pipeline\\{closure}(Object(Illuminate\\Http\\Request))
#56 E:\\xampp-8.2\\htdocs\\nexelit\\@core\\vendor\\laravel\\framework\\src\\Illuminate\\Session\\Middleware\\StartSession.php(63): Illuminate\\Session\\Middleware\\StartSession->handleStatefulRequest(Object(Illuminate\\Http\\Request), Object(Illuminate\\Session\\Store), Object(Closure))
#57 E:\\xampp-8.2\\htdocs\\nexelit\\@core\\vendor\\laravel\\framework\\src\\Illuminate\\Pipeline\\Pipeline.php(219): Illuminate\\Session\\Middleware\\StartSession->handle(Object(Illuminate\\Http\\Request), Object(Closure))
#58 E:\\xampp-8.2\\htdocs\\nexelit\\@core\\vendor\\laravel\\framework\\src\\Illuminate\\Cookie\\Middleware\\AddQueuedCookiesToResponse.php(36): Illuminate\\Pipeline\\Pipeline->Illuminate\\Pipeline\\{closure}(Object(Illuminate\\Http\\Request))
#59 E:\\xampp-8.2\\htdocs\\nexelit\\@core\\vendor\\laravel\\framework\\src\\Illuminate\\Pipeline\\Pipeline.php(219): Illuminate\\Cookie\\Middleware\\AddQueuedCookiesToResponse->handle(Object(Illuminate\\Http\\Request), Object(Closure))
#60 E:\\xampp-8.2\\htdocs\\nexelit\\@core\\vendor\\laravel\\framework\\src\\Illuminate\\Cookie\\Middleware\\EncryptCookies.php(74): Illuminate\\Pipeline\\Pipeline->Illuminate\\Pipeline\\{closure}(Object(Illuminate\\Http\\Request))
#61 E:\\xampp-8.2\\htdocs\\nexelit\\@core\\vendor\\laravel\\framework\\src\\Illuminate\\Pipeline\\Pipeline.php(219): Illuminate\\Cookie\\Middleware\\EncryptCookies->handle(Object(Illuminate\\Http\\Request), Object(Closure))
#62 E:\\xampp-8.2\\htdocs\\nexelit\\@core\\vendor\\laravel\\framework\\src\\Illuminate\\Pipeline\\Pipeline.php(137): Illuminate\\Pipeline\\Pipeline->Illuminate\\Pipeline\\{closure}(Object(Illuminate\\Http\\Request))
#63 E:\\xampp-8.2\\htdocs\\nexelit\\@core\\vendor\\laravel\\framework\\src\\Illuminate\\Routing\\Router.php(821): Illuminate\\Pipeline\\Pipeline->then(Object(Closure))
#64 E:\\xampp-8.2\\htdocs\\nexelit\\@core\\vendor\\laravel\\framework\\src\\Illuminate\\Routing\\Router.php(800): Illuminate\\Routing\\Router->runRouteWithinStack(Object(Illuminate\\Routing\\Route), Object(Illuminate\\Http\\Request))
#65 E:\\xampp-8.2\\htdocs\\nexelit\\@core\\vendor\\laravel\\framework\\src\\Illuminate\\Routing\\Router.php(764): Illuminate\\Routing\\Router->runRoute(Object(Illuminate\\Http\\Request), Object(Illuminate\\Routing\\Route))
#66 E:\\xampp-8.2\\htdocs\\nexelit\\@core\\vendor\\laravel\\framework\\src\\Illuminate\\Routing\\Router.php(753): Illuminate\\Routing\\Router->dispatchToRoute(Object(Illuminate\\Http\\Request))
#67 E:\\xampp-8.2\\htdocs\\nexelit\\@core\\vendor\\laravel\\framework\\src\\Illuminate\\Foundation\\Http\\Kernel.php(200): Illuminate\\Routing\\Router->dispatch(Object(Illuminate\\Http\\Request))
#68 E:\\xampp-8.2\\htdocs\\nexelit\\@core\\vendor\\laravel\\framework\\src\\Illuminate\\Pipeline\\Pipeline.php(180): Illuminate\\Foundation\\Http\\Kernel->Illuminate\\Foundation\\Http\\{closure}(Object(Illuminate\\Http\\Request))
#69 E:\\xampp-8.2\\htdocs\\nexelit\\@core\\vendor\\barryvdh\\laravel-debugbar\\src\\Middleware\\InjectDebugbar.php(66): Illuminate\\Pipeline\\Pipeline->Illuminate\\Pipeline\\{closure}(Object(Illuminate\\Http\\Request))
#70 E:\\xampp-8.2\\htdocs\\nexelit\\@core\\vendor\\laravel\\framework\\src\\Illuminate\\Pipeline\\Pipeline.php(219): Barryvdh\\Debugbar\\Middleware\\InjectDebugbar->handle(Object(Illuminate\\Http\\Request), Object(Closure))
#71 E:\\xampp-8.2\\htdocs\\nexelit\\@core\\vendor\\xgenious\\installer\\src\\Http\\Middleware\\InstallerMiddleware.php(18): Illuminate\\Pipeline\\Pipeline->Illuminate\\Pipeline\\{closure}(Object(Illuminate\\Http\\Request))
#72 E:\\xampp-8.2\\htdocs\\nexelit\\@core\\vendor\\laravel\\framework\\src\\Illuminate\\Pipeline\\Pipeline.php(219): Xgenious\\Installer\\Http\\Middleware\\InstallerMiddleware->handle(Object(Illuminate\\Http\\Request), Object(Closure))
#73 E:\\xampp-8.2\\htdocs\\nexelit\\@core\\vendor\\laravel\\framework\\src\\Illuminate\\Foundation\\Http\\Middleware\\TransformsRequest.php(21): Illuminate\\Pipeline\\Pipeline->Illuminate\\Pipeline\\{closure}(Object(Illuminate\\Http\\Request))
#74 E:\\xampp-8.2\\htdocs\\nexelit\\@core\\vendor\\laravel\\framework\\src\\Illuminate\\Foundation\\Http\\Middleware\\ConvertEmptyStringsToNull.php(31): Illuminate\\Foundation\\Http\\Middleware\\TransformsRequest->handle(Object(Illuminate\\Http\\Request), Object(Closure))
#75 E:\\xampp-8.2\\htdocs\\nexelit\\@core\\vendor\\laravel\\framework\\src\\Illuminate\\Pipeline\\Pipeline.php(219): Illuminate\\Foundation\\Http\\Middleware\\ConvertEmptyStringsToNull->handle(Object(Illuminate\\Http\\Request), Object(Closure))
#76 E:\\xampp-8.2\\htdocs\\nexelit\\@core\\vendor\\laravel\\framework\\src\\Illuminate\\Foundation\\Http\\Middleware\\TransformsRequest.php(21): Illuminate\\Pipeline\\Pipeline->Illuminate\\Pipeline\\{closure}(Object(Illuminate\\Http\\Request))
#77 E:\\xampp-8.2\\htdocs\\nexelit\\@core\\vendor\\laravel\\framework\\src\\Illuminate\\Foundation\\Http\\Middleware\\TrimStrings.php(51): Illuminate\\Foundation\\Http\\Middleware\\TransformsRequest->handle(Object(Illuminate\\Http\\Request), Object(Closure))
#78 E:\\xampp-8.2\\htdocs\\nexelit\\@core\\vendor\\laravel\\framework\\src\\Illuminate\\Pipeline\\Pipeline.php(219): Illuminate\\Foundation\\Http\\Middleware\\TrimStrings->handle(Object(Illuminate\\Http\\Request), Object(Closure))
#79 E:\\xampp-8.2\\htdocs\\nexelit\\@core\\vendor\\laravel\\framework\\src\\Illuminate\\Http\\Middleware\\ValidatePostSize.php(27): Illuminate\\Pipeline\\Pipeline->Illuminate\\Pipeline\\{closure}(Object(Illuminate\\Http\\Request))
#80 E:\\xampp-8.2\\htdocs\\nexelit\\@core\\vendor\\laravel\\framework\\src\\Illuminate\\Pipeline\\Pipeline.php(219): Illuminate\\Http\\Middleware\\ValidatePostSize->handle(Object(Illuminate\\Http\\Request), Object(Closure))
#81 E:\\xampp-8.2\\htdocs\\nexelit\\@core\\vendor\\laravel\\framework\\src\\Illuminate\\Foundation\\Http\\Middleware\\PreventRequestsDuringMaintenance.php(109): Illuminate\\Pipeline\\Pipeline->Illuminate\\Pipeline\\{closure}(Object(Illuminate\\Http\\Request))
#82 E:\\xampp-8.2\\htdocs\\nexelit\\@core\\vendor\\laravel\\framework\\src\\Illuminate\\Pipeline\\Pipeline.php(219): Illuminate\\Foundation\\Http\\Middleware\\PreventRequestsDuringMaintenance->handle(Object(Illuminate\\Http\\Request), Object(Closure))
#83 E:\\xampp-8.2\\htdocs\\nexelit\\@core\\vendor\\laravel\\framework\\src\\Illuminate\\Http\\Middleware\\TrustProxies.php(58): Illuminate\\Pipeline\\Pipeline->Illuminate\\Pipeline\\{closure}(Object(Illuminate\\Http\\Request))
#84 E:\\xampp-8.2\\htdocs\\nexelit\\@core\\vendor\\laravel\\framework\\src\\Illuminate\\Pipeline\\Pipeline.php(219): Illuminate\\Http\\Middleware\\TrustProxies->handle(Object(Illuminate\\Http\\Request), Object(Closure))
#85 E:\\xampp-8.2\\htdocs\\nexelit\\@core\\vendor\\laravel\\framework\\src\\Illuminate\\Pipeline\\Pipeline.php(137): Illuminate\\Pipeline\\Pipeline->Illuminate\\Pipeline\\{closure}(Object(Illuminate\\Http\\Request))
#86 E:\\xampp-8.2\\htdocs\\nexelit\\@core\\vendor\\laravel\\framework\\src\\Illuminate\\Foundation\\Http\\Kernel.php(175): Illuminate\\Pipeline\\Pipeline->then(Object(Closure))
#87 E:\\xampp-8.2\\htdocs\\nexelit\\@core\\vendor\\laravel\\framework\\src\\Illuminate\\Foundation\\Http\\Kernel.php(144): Illuminate\\Foundation\\Http\\Kernel->sendRequestThroughRouter(Object(Illuminate\\Http\\Request))
#88 E:\\xampp-8.2\\htdocs\\nexelit\\index.php(54): Illuminate\\Foundation\\Http\\Kernel->handle(Object(Illuminate\\Http\\Request))
#89 {main}

[previous exception] [object] (Illuminate\\Database\\QueryException(code: 42S02): SQLSTATE[42S02]: Base table or view not found: 1146 Table 'nexelit.custom_font_imports' doesn't exist (Connection: mysql, SQL: select `status`, `file`, `path` from `custom_font_imports` where `status` = 1 order by `created_at` desc limit 1) at E:\\xampp-8.2\\htdocs\\nexelit\\@core\\vendor\\laravel\\framework\\src\\Illuminate\\Database\\Connection.php:824)
[stacktrace]
#0 E:\\xampp-8.2\\htdocs\\nexelit\\@core\\vendor\\laravel\\framework\\src\\Illuminate\\Database\\Connection.php(778): Illuminate\\Database\\Connection->runQueryCallback('select `status`...', Array, Object(Closure))
#1 E:\\xampp-8.2\\htdocs\\nexelit\\@core\\vendor\\laravel\\framework\\src\\Illuminate\\Database\\Connection.php(397): Illuminate\\Database\\Connection->run('select `status`...', Array, Object(Closure))
#2 E:\\xampp-8.2\\htdocs\\nexelit\\@core\\vendor\\laravel\\framework\\src\\Illuminate\\Database\\Query\\Builder.php(3188): Illuminate\\Database\\Connection->select('select `status`...', Array, true)
#3 E:\\xampp-8.2\\htdocs\\nexelit\\@core\\vendor\\laravel\\framework\\src\\Illuminate\\Database\\Query\\Builder.php(3173): Illuminate\\Database\\Query\\Builder->runSelect()
#4 E:\\xampp-8.2\\htdocs\\nexelit\\@core\\vendor\\laravel\\framework\\src\\Illuminate\\Database\\Query\\Builder.php(3763): Illuminate\\Database\\Query\\Builder->Illuminate\\Database\\Query\\{closure}()
#5 E:\\xampp-8.2\\htdocs\\nexelit\\@core\\vendor\\laravel\\framework\\src\\Illuminate\\Database\\Query\\Builder.php(3172): Illuminate\\Database\\Query\\Builder->onceWithColumns(Array, Object(Closure))
#6 E:\\xampp-8.2\\htdocs\\nexelit\\@core\\vendor\\laravel\\framework\\src\\Illuminate\\Database\\Eloquent\\Builder.php(902): Illuminate\\Database\\Query\\Builder->get(Array)
#7 E:\\xampp-8.2\\htdocs\\nexelit\\@core\\vendor\\laravel\\framework\\src\\Illuminate\\Database\\Eloquent\\Builder.php(884): Illuminate\\Database\\Eloquent\\Builder->getModels(Array)
#8 E:\\xampp-8.2\\htdocs\\nexelit\\@core\\vendor\\laravel\\framework\\src\\Illuminate\\Database\\Concerns\\BuildsQueries.php(366): Illuminate\\Database\\Eloquent\\Builder->get(Array)
#9 E:\\xampp-8.2\\htdocs\\nexelit\\@core\\storage\\framework\\views\\53087acf81bfd4db0df062278268d815.php(19): Illuminate\\Database\\Eloquent\\Builder->first()
#10 E:\\xampp-8.2\\htdocs\\nexelit\\@core\\vendor\\laravel\\framework\\src\\Illuminate\\Filesystem\\Filesystem.php(123): require('E:\\\\xampp-8.2\\\\ht...')
#11 E:\\xampp-8.2\\htdocs\\nexelit\\@core\\vendor\\laravel\\framework\\src\\Illuminate\\Filesystem\\Filesystem.php(124): Illuminate\\Filesystem\\Filesystem::Illuminate\\Filesystem\\{closure}()
#12 E:\\xampp-8.2\\htdocs\\nexelit\\@core\\vendor\\laravel\\framework\\src\\Illuminate\\View\\Engines\\PhpEngine.php(57): Illuminate\\Filesystem\\Filesystem->getRequire('E:\\\\xampp-8.2\\\\ht...', Array)
#13 E:\\xampp-8.2\\htdocs\\nexelit\\@core\\vendor\\laravel\\framework\\src\\Illuminate\\View\\Engines\\CompilerEngine.php(76): Illuminate\\View\\Engines\\PhpEngine->evaluatePath('E:\\\\xampp-8.2\\\\ht...', Array)
#14 E:\\xampp-8.2\\htdocs\\nexelit\\@core\\vendor\\laravel\\framework\\src\\Illuminate\\View\\View.php(208): Illuminate\\View\\Engines\\CompilerEngine->get('E:\\\\xampp-8.2\\\\ht...', Array)
#15 E:\\xampp-8.2\\htdocs\\nexelit\\@core\\vendor\\laravel\\framework\\src\\Illuminate\\View\\View.php(191): Illuminate\\View\\View->getContents()
#16 E:\\xampp-8.2\\htdocs\\nexelit\\@core\\vendor\\laravel\\framework\\src\\Illuminate\\View\\View.php(160): Illuminate\\View\\View->renderContents()
#17 E:\\xampp-8.2\\htdocs\\nexelit\\@core\\storage\\framework\\views\\215c0ea67056845b68c9976c770eff74.php(1): Illuminate\\View\\View->render()
#18 E:\\xampp-8.2\\htdocs\\nexelit\\@core\\vendor\\laravel\\framework\\src\\Illuminate\\Filesystem\\Filesystem.php(123): require('E:\\\\xampp-8.2\\\\ht...')
#19 E:\\xampp-8.2\\htdocs\\nexelit\\@core\\vendor\\laravel\\framework\\src\\Illuminate\\Filesystem\\Filesystem.php(124): Illuminate\\Filesystem\\Filesystem::Illuminate\\Filesystem\\{closure}()
#20 E:\\xampp-8.2\\htdocs\\nexelit\\@core\\vendor\\laravel\\framework\\src\\Illuminate\\View\\Engines\\PhpEngine.php(57): Illuminate\\Filesystem\\Filesystem->getRequire('E:\\\\xampp-8.2\\\\ht...', Array)
#21 E:\\xampp-8.2\\htdocs\\nexelit\\@core\\vendor\\laravel\\framework\\src\\Illuminate\\View\\Engines\\CompilerEngine.php(76): Illuminate\\View\\Engines\\PhpEngine->evaluatePath('E:\\\\xampp-8.2\\\\ht...', Array)
#22 E:\\xampp-8.2\\htdocs\\nexelit\\@core\\vendor\\laravel\\framework\\src\\Illuminate\\View\\View.php(208): Illuminate\\View\\Engines\\CompilerEngine->get('E:\\\\xampp-8.2\\\\ht...', Array)
#23 E:\\xampp-8.2\\htdocs\\nexelit\\@core\\vendor\\laravel\\framework\\src\\Illuminate\\View\\View.php(191): Illuminate\\View\\View->getContents()
#24 E:\\xampp-8.2\\htdocs\\nexelit\\@core\\vendor\\laravel\\framework\\src\\Illuminate\\View\\View.php(160): Illuminate\\View\\View->renderContents()
#25 E:\\xampp-8.2\\htdocs\\nexelit\\@core\\storage\\framework\\views\\32513d16c9966f9aa270a4c716f8d139.php(12): Illuminate\\View\\View->render()
#26 E:\\xampp-8.2\\htdocs\\nexelit\\@core\\vendor\\laravel\\framework\\src\\Illuminate\\Filesystem\\Filesystem.php(123): require('E:\\\\xampp-8.2\\\\ht...')
#27 E:\\xampp-8.2\\htdocs\\nexelit\\@core\\vendor\\laravel\\framework\\src\\Illuminate\\Filesystem\\Filesystem.php(124): Illuminate\\Filesystem\\Filesystem::Illuminate\\Filesystem\\{closure}()
#28 E:\\xampp-8.2\\htdocs\\nexelit\\@core\\vendor\\laravel\\framework\\src\\Illuminate\\View\\Engines\\PhpEngine.php(57): Illuminate\\Filesystem\\Filesystem->getRequire('E:\\\\xampp-8.2\\\\ht...', Array)
#29 E:\\xampp-8.2\\htdocs\\nexelit\\@core\\vendor\\laravel\\framework\\src\\Illuminate\\View\\Engines\\CompilerEngine.php(76): Illuminate\\View\\Engines\\PhpEngine->evaluatePath('E:\\\\xampp-8.2\\\\ht...', Array)
#30 E:\\xampp-8.2\\htdocs\\nexelit\\@core\\vendor\\laravel\\framework\\src\\Illuminate\\View\\View.php(208): Illuminate\\View\\Engines\\CompilerEngine->get('E:\\\\xampp-8.2\\\\ht...', Array)
#31 E:\\xampp-8.2\\htdocs\\nexelit\\@core\\vendor\\laravel\\framework\\src\\Illuminate\\View\\View.php(191): Illuminate\\View\\View->getContents()
#32 E:\\xampp-8.2\\htdocs\\nexelit\\@core\\vendor\\laravel\\framework\\src\\Illuminate\\View\\View.php(160): Illuminate\\View\\View->renderContents()
#33 E:\\xampp-8.2\\htdocs\\nexelit\\@core\\vendor\\laravel\\framework\\src\\Illuminate\\Http\\Response.php(78): Illuminate\\View\\View->render()
#34 E:\\xampp-8.2\\htdocs\\nexelit\\@core\\vendor\\laravel\\framework\\src\\Illuminate\\Http\\Response.php(34): Illuminate\\Http\\Response->setContent(Object(Illuminate\\View\\View))
#35 E:\\xampp-8.2\\htdocs\\nexelit\\@core\\vendor\\laravel\\framework\\src\\Illuminate\\Routing\\Router.php(939): Illuminate\\Http\\Response->__construct(Object(Illuminate\\View\\View), 200, Array)
#36 E:\\xampp-8.2\\htdocs\\nexelit\\@core\\vendor\\laravel\\framework\\src\\Illuminate\\Routing\\Router.php(906): Illuminate\\Routing\\Router::toResponse(Object(Illuminate\\Http\\Request), Object(Illuminate\\View\\View))
#37 E:\\xampp-8.2\\htdocs\\nexelit\\@core\\vendor\\laravel\\framework\\src\\Illuminate\\Routing\\Router.php(821): Illuminate\\Routing\\Router->prepareResponse(Object(Illuminate\\Http\\Request), Object(Illuminate\\View\\View))
#38 E:\\xampp-8.2\\htdocs\\nexelit\\@core\\vendor\\laravel\\framework\\src\\Illuminate\\Pipeline\\Pipeline.php(180): Illuminate\\Routing\\Router->Illuminate\\Routing\\{closure}(Object(Illuminate\\Http\\Request))
#39 E:\\xampp-8.2\\htdocs\\nexelit\\@core\\app\\Http\\Middleware\\HtmlMinifier.php(13): Illuminate\\Pipeline\\Pipeline->Illuminate\\Pipeline\\{closure}(Object(Illuminate\\Http\\Request))
#40 E:\\xampp-8.2\\htdocs\\nexelit\\@core\\vendor\\laravel\\framework\\src\\Illuminate\\Pipeline\\Pipeline.php(219): App\\Http\\Middleware\\HtmlMinifier->handle(Object(Illuminate\\Http\\Request), Object(Closure), ':class')
#41 E:\\xampp-8.2\\htdocs\\nexelit\\@core\\app\\Http\\Middleware\\MaintainsMode.php(22): Illuminate\\Pipeline\\Pipeline->Illuminate\\Pipeline\\{closure}(Object(Illuminate\\Http\\Request))
#42 E:\\xampp-8.2\\htdocs\\nexelit\\@core\\vendor\\laravel\\framework\\src\\Illuminate\\Pipeline\\Pipeline.php(219): App\\Http\\Middleware\\MaintainsMode->handle(Object(Illuminate\\Http\\Request), Object(Closure))
#43 E:\\xampp-8.2\\htdocs\\nexelit\\@core\\app\\Http\\Middleware\\GlobalVariableMiddleware.php(145): Illuminate\\Pipeline\\Pipeline->Illuminate\\Pipeline\\{closure}(Object(Illuminate\\Http\\Request))
#44 E:\\xampp-8.2\\htdocs\\nexelit\\@core\\vendor\\laravel\\framework\\src\\Illuminate\\Pipeline\\Pipeline.php(219): App\\Http\\Middleware\\GlobalVariableMiddleware->handle(Object(Illuminate\\Http\\Request), Object(Closure))
#45 E:\\xampp-8.2\\htdocs\\nexelit\\@core\\app\\Http\\Middleware\\SetUserLanguages.php(35): Illuminate\\Pipeline\\Pipeline->Illuminate\\Pipeline\\{closure}(Object(Illuminate\\Http\\Request))
#46 E:\\xampp-8.2\\htdocs\\nexelit\\@core\\vendor\\laravel\\framework\\src\\Illuminate\\Pipeline\\Pipeline.php(219): App\\Http\\Middleware\\SetUserLanguages->handle(Object(Illuminate\\Http\\Request), Object(Closure), 'frontend')
#47 E:\\xampp-8.2\\htdocs\\nexelit\\@core\\vendor\\barryvdh\\laravel-debugbar\\src\\Middleware\\InjectDebugbar.php(66): Illuminate\\Pipeline\\Pipeline->Illuminate\\Pipeline\\{closure}(Object(Illuminate\\Http\\Request))
#48 E:\\xampp-8.2\\htdocs\\nexelit\\@core\\vendor\\laravel\\framework\\src\\Illuminate\\Pipeline\\Pipeline.php(219): Barryvdh\\Debugbar\\Middleware\\InjectDebugbar->handle(Object(Illuminate\\Http\\Request), Object(Closure))
#49 E:\\xampp-8.2\\htdocs\\nexelit\\@core\\vendor\\laravel\\framework\\src\\Illuminate\\Routing\\Middleware\\SubstituteBindings.php(50): Illuminate\\Pipeline\\Pipeline->Illuminate\\Pipeline\\{closure}(Object(Illuminate\\Http\\Request))
#50 E:\\xampp-8.2\\htdocs\\nexelit\\@core\\vendor\\laravel\\framework\\src\\Illuminate\\Pipeline\\Pipeline.php(219): Illuminate\\Routing\\Middleware\\SubstituteBindings->handle(Object(Illuminate\\Http\\Request), Object(Closure))
#51 E:\\xampp-8.2\\htdocs\\nexelit\\@core\\vendor\\laravel\\framework\\src\\Illuminate\\Foundation\\Http\\Middleware\\VerifyCsrfToken.php(87): Illuminate\\Pipeline\\Pipeline->Illuminate\\Pipeline\\{closure}(Object(Illuminate\\Http\\Request))
#52 E:\\xampp-8.2\\htdocs\\nexelit\\@core\\vendor\\laravel\\framework\\src\\Illuminate\\Pipeline\\Pipeline.php(219): Illuminate\\Foundation\\Http\\Middleware\\VerifyCsrfToken->handle(Object(Illuminate\\Http\\Request), Object(Closure))
#53 E:\\xampp-8.2\\htdocs\\nexelit\\@core\\vendor\\laravel\\framework\\src\\Illuminate\\View\\Middleware\\ShareErrorsFromSession.php(48): Illuminate\\Pipeline\\Pipeline->Illuminate\\Pipeline\\{closure}(Object(Illuminate\\Http\\Request))
#54 E:\\xampp-8.2\\htdocs\\nexelit\\@core\\vendor\\laravel\\framework\\src\\Illuminate\\Pipeline\\Pipeline.php(219): Illuminate\\View\\Middleware\\ShareErrorsFromSession->handle(Object(Illuminate\\Http\\Request), Object(Closure))
#55 E:\\xampp-8.2\\htdocs\\nexelit\\@core\\vendor\\laravel\\framework\\src\\Illuminate\\Session\\Middleware\\StartSession.php(120): Illuminate\\Pipeline\\Pipeline->Illuminate\\Pipeline\\{closure}(Object(Illuminate\\Http\\Request))
#56 E:\\xampp-8.2\\htdocs\\nexelit\\@core\\vendor\\laravel\\framework\\src\\Illuminate\\Session\\Middleware\\StartSession.php(63): Illuminate\\Session\\Middleware\\StartSession->handleStatefulRequest(Object(Illuminate\\Http\\Request), Object(Illuminate\\Session\\Store), Object(Closure))
#57 E:\\xampp-8.2\\htdocs\\nexelit\\@core\\vendor\\laravel\\framework\\src\\Illuminate\\Pipeline\\Pipeline.php(219): Illuminate\\Session\\Middleware\\StartSession->handle(Object(Illuminate\\Http\\Request), Object(Closure))
#58 E:\\xampp-8.2\\htdocs\\nexelit\\@core\\vendor\\laravel\\framework\\src\\Illuminate\\Cookie\\Middleware\\AddQueuedCookiesToResponse.php(36): Illuminate\\Pipeline\\Pipeline->Illuminate\\Pipeline\\{closure}(Object(Illuminate\\Http\\Request))
#59 E:\\xampp-8.2\\htdocs\\nexelit\\@core\\vendor\\laravel\\framework\\src\\Illuminate\\Pipeline\\Pipeline.php(219): Illuminate\\Cookie\\Middleware\\AddQueuedCookiesToResponse->handle(Object(Illuminate\\Http\\Request), Object(Closure))
#60 E:\\xampp-8.2\\htdocs\\nexelit\\@core\\vendor\\laravel\\framework\\src\\Illuminate\\Cookie\\Middleware\\EncryptCookies.php(74): Illuminate\\Pipeline\\Pipeline->Illuminate\\Pipeline\\{closure}(Object(Illuminate\\Http\\Request))
#61 E:\\xampp-8.2\\htdocs\\nexelit\\@core\\vendor\\laravel\\framework\\src\\Illuminate\\Pipeline\\Pipeline.php(219): Illuminate\\Cookie\\Middleware\\EncryptCookies->handle(Object(Illuminate\\Http\\Request), Object(Closure))
#62 E:\\xampp-8.2\\htdocs\\nexelit\\@core\\vendor\\laravel\\framework\\src\\Illuminate\\Pipeline\\Pipeline.php(137): Illuminate\\Pipeline\\Pipeline->Illuminate\\Pipeline\\{closure}(Object(Illuminate\\Http\\Request))
#63 E:\\xampp-8.2\\htdocs\\nexelit\\@core\\vendor\\laravel\\framework\\src\\Illuminate\\Routing\\Router.php(821): Illuminate\\Pipeline\\Pipeline->then(Object(Closure))
#64 E:\\xampp-8.2\\htdocs\\nexelit\\@core\\vendor\\laravel\\framework\\src\\Illuminate\\Routing\\Router.php(800): Illuminate\\Routing\\Router->runRouteWithinStack(Object(Illuminate\\Routing\\Route), Object(Illuminate\\Http\\Request))
#65 E:\\xampp-8.2\\htdocs\\nexelit\\@core\\vendor\\laravel\\framework\\src\\Illuminate\\Routing\\Router.php(764): Illuminate\\Routing\\Router->runRoute(Object(Illuminate\\Http\\Request), Object(Illuminate\\Routing\\Route))
#66 E:\\xampp-8.2\\htdocs\\nexelit\\@core\\vendor\\laravel\\framework\\src\\Illuminate\\Routing\\Router.php(753): Illuminate\\Routing\\Router->dispatchToRoute(Object(Illuminate\\Http\\Request))
#67 E:\\xampp-8.2\\htdocs\\nexelit\\@core\\vendor\\laravel\\framework\\src\\Illuminate\\Foundation\\Http\\Kernel.php(200): Illuminate\\Routing\\Router->dispatch(Object(Illuminate\\Http\\Request))
#68 E:\\xampp-8.2\\htdocs\\nexelit\\@core\\vendor\\laravel\\framework\\src\\Illuminate\\Pipeline\\Pipeline.php(180): Illuminate\\Foundation\\Http\\Kernel->Illuminate\\Foundation\\Http\\{closure}(Object(Illuminate\\Http\\Request))
#69 E:\\xampp-8.2\\htdocs\\nexelit\\@core\\vendor\\barryvdh\\laravel-debugbar\\src\\Middleware\\InjectDebugbar.php(66): Illuminate\\Pipeline\\Pipeline->Illuminate\\Pipeline\\{closure}(Object(Illuminate\\Http\\Request))
#70 E:\\xampp-8.2\\htdocs\\nexelit\\@core\\vendor\\laravel\\framework\\src\\Illuminate\\Pipeline\\Pipeline.php(219): Barryvdh\\Debugbar\\Middleware\\InjectDebugbar->handle(Object(Illuminate\\Http\\Request), Object(Closure))
#71 E:\\xampp-8.2\\htdocs\\nexelit\\@core\\vendor\\xgenious\\installer\\src\\Http\\Middleware\\InstallerMiddleware.php(18): Illuminate\\Pipeline\\Pipeline->Illuminate\\Pipeline\\{closure}(Object(Illuminate\\Http\\Request))
#72 E:\\xampp-8.2\\htdocs\\nexelit\\@core\\vendor\\laravel\\framework\\src\\Illuminate\\Pipeline\\Pipeline.php(219): Xgenious\\Installer\\Http\\Middleware\\InstallerMiddleware->handle(Object(Illuminate\\Http\\Request), Object(Closure))
#73 E:\\xampp-8.2\\htdocs\\nexelit\\@core\\vendor\\laravel\\framework\\src\\Illuminate\\Foundation\\Http\\Middleware\\TransformsRequest.php(21): Illuminate\\Pipeline\\Pipeline->Illuminate\\Pipeline\\{closure}(Object(Illuminate\\Http\\Request))
#74 E:\\xampp-8.2\\htdocs\\nexelit\\@core\\vendor\\laravel\\framework\\src\\Illuminate\\Foundation\\Http\\Middleware\\ConvertEmptyStringsToNull.php(31): Illuminate\\Foundation\\Http\\Middleware\\TransformsRequest->handle(Object(Illuminate\\Http\\Request), Object(Closure))
#75 E:\\xampp-8.2\\htdocs\\nexelit\\@core\\vendor\\laravel\\framework\\src\\Illuminate\\Pipeline\\Pipeline.php(219): Illuminate\\Foundation\\Http\\Middleware\\ConvertEmptyStringsToNull->handle(Object(Illuminate\\Http\\Request), Object(Closure))
#76 E:\\xampp-8.2\\htdocs\\nexelit\\@core\\vendor\\laravel\\framework\\src\\Illuminate\\Foundation\\Http\\Middleware\\TransformsRequest.php(21): Illuminate\\Pipeline\\Pipeline->Illuminate\\Pipeline\\{closure}(Object(Illuminate\\Http\\Request))
#77 E:\\xampp-8.2\\htdocs\\nexelit\\@core\\vendor\\laravel\\framework\\src\\Illuminate\\Foundation\\Http\\Middleware\\TrimStrings.php(51): Illuminate\\Foundation\\Http\\Middleware\\TransformsRequest->handle(Object(Illuminate\\Http\\Request), Object(Closure))
#78 E:\\xampp-8.2\\htdocs\\nexelit\\@core\\vendor\\laravel\\framework\\src\\Illuminate\\Pipeline\\Pipeline.php(219): Illuminate\\Foundation\\Http\\Middleware\\TrimStrings->handle(Object(Illuminate\\Http\\Request), Object(Closure))
#79 E:\\xampp-8.2\\htdocs\\nexelit\\@core\\vendor\\laravel\\framework\\src\\Illuminate\\Http\\Middleware\\ValidatePostSize.php(27): Illuminate\\Pipeline\\Pipeline->Illuminate\\Pipeline\\{closure}(Object(Illuminate\\Http\\Request))
#80 E:\\xampp-8.2\\htdocs\\nexelit\\@core\\vendor\\laravel\\framework\\src\\Illuminate\\Pipeline\\Pipeline.php(219): Illuminate\\Http\\Middleware\\ValidatePostSize->handle(Object(Illuminate\\Http\\Request), Object(Closure))
#81 E:\\xampp-8.2\\htdocs\\nexelit\\@core\\vendor\\laravel\\framework\\src\\Illuminate\\Foundation\\Http\\Middleware\\PreventRequestsDuringMaintenance.php(109): Illuminate\\Pipeline\\Pipeline->Illuminate\\Pipeline\\{closure}(Object(Illuminate\\Http\\Request))
#82 E:\\xampp-8.2\\htdocs\\nexelit\\@core\\vendor\\laravel\\framework\\src\\Illuminate\\Pipeline\\Pipeline.php(219): Illuminate\\Foundation\\Http\\Middleware\\PreventRequestsDuringMaintenance->handle(Object(Illuminate\\Http\\Request), Object(Closure))
#83 E:\\xampp-8.2\\htdocs\\nexelit\\@core\\vendor\\laravel\\framework\\src\\Illuminate\\Http\\Middleware\\TrustProxies.php(58): Illuminate\\Pipeline\\Pipeline->Illuminate\\Pipeline\\{closure}(Object(Illuminate\\Http\\Request))
#84 E:\\xampp-8.2\\htdocs\\nexelit\\@core\\vendor\\laravel\\framework\\src\\Illuminate\\Pipeline\\Pipeline.php(219): Illuminate\\Http\\Middleware\\TrustProxies->handle(Object(Illuminate\\Http\\Request), Object(Closure))
#85 E:\\xampp-8.2\\htdocs\\nexelit\\@core\\vendor\\laravel\\framework\\src\\Illuminate\\Pipeline\\Pipeline.php(137): Illuminate\\Pipeline\\Pipeline->Illuminate\\Pipeline\\{closure}(Object(Illuminate\\Http\\Request))
#86 E:\\xampp-8.2\\htdocs\\nexelit\\@core\\vendor\\laravel\\framework\\src\\Illuminate\\Foundation\\Http\\Kernel.php(175): Illuminate\\Pipeline\\Pipeline->then(Object(Closure))
#87 E:\\xampp-8.2\\htdocs\\nexelit\\@core\\vendor\\laravel\\framework\\src\\Illuminate\\Foundation\\Http\\Kernel.php(144): Illuminate\\Foundation\\Http\\Kernel->sendRequestThroughRouter(Object(Illuminate\\Http\\Request))
#88 E:\\xampp-8.2\\htdocs\\nexelit\\index.php(54): Illuminate\\Foundation\\Http\\Kernel->handle(Object(Illuminate\\Http\\Request))
#89 {main}

[previous exception] [object] (PDOException(code: 42S02): SQLSTATE[42S02]: Base table or view not found: 1146 Table 'nexelit.custom_font_imports' doesn't exist at E:\\xampp-8.2\\htdocs\\nexelit\\@core\\vendor\\laravel\\framework\\src\\Illuminate\\Database\\Connection.php:406)
[stacktrace]
#0 E:\\xampp-8.2\\htdocs\\nexelit\\@core\\vendor\\laravel\\framework\\src\\Illuminate\\Database\\Connection.php(406): PDO->prepare('select `status`...')
#1 E:\\xampp-8.2\\htdocs\\nexelit\\@core\\vendor\\laravel\\framework\\src\\Illuminate\\Database\\Connection.php(811): Illuminate\\Database\\Connection->Illuminate\\Database\\{closure}('select `status`...', Array)
#2 E:\\xampp-8.2\\htdocs\\nexelit\\@core\\vendor\\laravel\\framework\\src\\Illuminate\\Database\\Connection.php(778): Illuminate\\Database\\Connection->runQueryCallback('select `status`...', Array, Object(Closure))
#3 E:\\xampp-8.2\\htdocs\\nexelit\\@core\\vendor\\laravel\\framework\\src\\Illuminate\\Database\\Connection.php(397): Illuminate\\Database\\Connection->run('select `status`...', Array, Object(Closure))
#4 E:\\xampp-8.2\\htdocs\\nexelit\\@core\\vendor\\laravel\\framework\\src\\Illuminate\\Database\\Query\\Builder.php(3188): Illuminate\\Database\\Connection->select('select `status`...', Array, true)
#5 E:\\xampp-8.2\\htdocs\\nexelit\\@core\\vendor\\laravel\\framework\\src\\Illuminate\\Database\\Query\\Builder.php(3173): Illuminate\\Database\\Query\\Builder->runSelect()
#6 E:\\xampp-8.2\\htdocs\\nexelit\\@core\\vendor\\laravel\\framework\\src\\Illuminate\\Database\\Query\\Builder.php(3763): Illuminate\\Database\\Query\\Builder->Illuminate\\Database\\Query\\{closure}()
#7 E:\\xampp-8.2\\htdocs\\nexelit\\@core\\vendor\\laravel\\framework\\src\\Illuminate\\Database\\Query\\Builder.php(3172): Illuminate\\Database\\Query\\Builder->onceWithColumns(Array, Object(Closure))
#8 E:\\xampp-8.2\\htdocs\\nexelit\\@core\\vendor\\laravel\\framework\\src\\Illuminate\\Database\\Eloquent\\Builder.php(902): Illuminate\\Database\\Query\\Builder->get(Array)
#9 E:\\xampp-8.2\\htdocs\\nexelit\\@core\\vendor\\laravel\\framework\\src\\Illuminate\\Database\\Eloquent\\Builder.php(884): Illuminate\\Database\\Eloquent\\Builder->getModels(Array)
#10 E:\\xampp-8.2\\htdocs\\nexelit\\@core\\vendor\\laravel\\framework\\src\\Illuminate\\Database\\Concerns\\BuildsQueries.php(366): Illuminate\\Database\\Eloquent\\Builder->get(Array)
#11 E:\\xampp-8.2\\htdocs\\nexelit\\@core\\storage\\framework\\views\\53087acf81bfd4db0df062278268d815.php(19): Illuminate\\Database\\Eloquent\\Builder->first()
#12 E:\\xampp-8.2\\htdocs\\nexelit\\@core\\vendor\\laravel\\framework\\src\\Illuminate\\Filesystem\\Filesystem.php(123): require('E:\\\\xampp-8.2\\\\ht...')
#13 E:\\xampp-8.2\\htdocs\\nexelit\\@core\\vendor\\laravel\\framework\\src\\Illuminate\\Filesystem\\Filesystem.php(124): Illuminate\\Filesystem\\Filesystem::Illuminate\\Filesystem\\{closure}()
#14 E:\\xampp-8.2\\htdocs\\nexelit\\@core\\vendor\\laravel\\framework\\src\\Illuminate\\View\\Engines\\PhpEngine.php(57): Illuminate\\Filesystem\\Filesystem->getRequire('E:\\\\xampp-8.2\\\\ht...', Array)
#15 E:\\xampp-8.2\\htdocs\\nexelit\\@core\\vendor\\laravel\\framework\\src\\Illuminate\\View\\Engines\\CompilerEngine.php(76): Illuminate\\View\\Engines\\PhpEngine->evaluatePath('E:\\\\xampp-8.2\\\\ht...', Array)
#16 E:\\xampp-8.2\\htdocs\\nexelit\\@core\\vendor\\laravel\\framework\\src\\Illuminate\\View\\View.php(208): Illuminate\\View\\Engines\\CompilerEngine->get('E:\\\\xampp-8.2\\\\ht...', Array)
#17 E:\\xampp-8.2\\htdocs\\nexelit\\@core\\vendor\\laravel\\framework\\src\\Illuminate\\View\\View.php(191): Illuminate\\View\\View->getContents()
#18 E:\\xampp-8.2\\htdocs\\nexelit\\@core\\vendor\\laravel\\framework\\src\\Illuminate\\View\\View.php(160): Illuminate\\View\\View->renderContents()
#19 E:\\xampp-8.2\\htdocs\\nexelit\\@core\\storage\\framework\\views\\215c0ea67056845b68c9976c770eff74.php(1): Illuminate\\View\\View->render()
#20 E:\\xampp-8.2\\htdocs\\nexelit\\@core\\vendor\\laravel\\framework\\src\\Illuminate\\Filesystem\\Filesystem.php(123): require('E:\\\\xampp-8.2\\\\ht...')
#21 E:\\xampp-8.2\\htdocs\\nexelit\\@core\\vendor\\laravel\\framework\\src\\Illuminate\\Filesystem\\Filesystem.php(124): Illuminate\\Filesystem\\Filesystem::Illuminate\\Filesystem\\{closure}()
#22 E:\\xampp-8.2\\htdocs\\nexelit\\@core\\vendor\\laravel\\framework\\src\\Illuminate\\View\\Engines\\PhpEngine.php(57): Illuminate\\Filesystem\\Filesystem->getRequire('E:\\\\xampp-8.2\\\\ht...', Array)
#23 E:\\xampp-8.2\\htdocs\\nexelit\\@core\\vendor\\laravel\\framework\\src\\Illuminate\\View\\Engines\\CompilerEngine.php(76): Illuminate\\View\\Engines\\PhpEngine->evaluatePath('E:\\\\xampp-8.2\\\\ht...', Array)
#24 E:\\xampp-8.2\\htdocs\\nexelit\\@core\\vendor\\laravel\\framework\\src\\Illuminate\\View\\View.php(208): Illuminate\\View\\Engines\\CompilerEngine->get('E:\\\\xampp-8.2\\\\ht...', Array)
#25 E:\\xampp-8.2\\htdocs\\nexelit\\@core\\vendor\\laravel\\framework\\src\\Illuminate\\View\\View.php(191): Illuminate\\View\\View->getContents()
#26 E:\\xampp-8.2\\htdocs\\nexelit\\@core\\vendor\\laravel\\framework\\src\\Illuminate\\View\\View.php(160): Illuminate\\View\\View->renderContents()
#27 E:\\xampp-8.2\\htdocs\\nexelit\\@core\\storage\\framework\\views\\32513d16c9966f9aa270a4c716f8d139.php(12): Illuminate\\View\\View->render()
#28 E:\\xampp-8.2\\htdocs\\nexelit\\@core\\vendor\\laravel\\framework\\src\\Illuminate\\Filesystem\\Filesystem.php(123): require('E:\\\\xampp-8.2\\\\ht...')
#29 E:\\xampp-8.2\\htdocs\\nexelit\\@core\\vendor\\laravel\\framework\\src\\Illuminate\\Filesystem\\Filesystem.php(124): Illuminate\\Filesystem\\Filesystem::Illuminate\\Filesystem\\{closure}()
#30 E:\\xampp-8.2\\htdocs\\nexelit\\@core\\vendor\\laravel\\framework\\src\\Illuminate\\View\\Engines\\PhpEngine.php(57): Illuminate\\Filesystem\\Filesystem->getRequire('E:\\\\xampp-8.2\\\\ht...', Array)
#31 E:\\xampp-8.2\\htdocs\\nexelit\\@core\\vendor\\laravel\\framework\\src\\Illuminate\\View\\Engines\\CompilerEngine.php(76): Illuminate\\View\\Engines\\PhpEngine->evaluatePath('E:\\\\xampp-8.2\\\\ht...', Array)
#32 E:\\xampp-8.2\\htdocs\\nexelit\\@core\\vendor\\laravel\\framework\\src\\Illuminate\\View\\View.php(208): Illuminate\\View\\Engines\\CompilerEngine->get('E:\\\\xampp-8.2\\\\ht...', Array)
#33 E:\\xampp-8.2\\htdocs\\nexelit\\@core\\vendor\\laravel\\framework\\src\\Illuminate\\View\\View.php(191): Illuminate\\View\\View->getContents()
#34 E:\\xampp-8.2\\htdocs\\nexelit\\@core\\vendor\\laravel\\framework\\src\\Illuminate\\View\\View.php(160): Illuminate\\View\\View->renderContents()
#35 E:\\xampp-8.2\\htdocs\\nexelit\\@core\\vendor\\laravel\\framework\\src\\Illuminate\\Http\\Response.php(78): Illuminate\\View\\View->render()
#36 E:\\xampp-8.2\\htdocs\\nexelit\\@core\\vendor\\laravel\\framework\\src\\Illuminate\\Http\\Response.php(34): Illuminate\\Http\\Response->setContent(Object(Illuminate\\View\\View))
#37 E:\\xampp-8.2\\htdocs\\nexelit\\@core\\vendor\\laravel\\framework\\src\\Illuminate\\Routing\\Router.php(939): Illuminate\\Http\\Response->__construct(Object(Illuminate\\View\\View), 200, Array)
#38 E:\\xampp-8.2\\htdocs\\nexelit\\@core\\vendor\\laravel\\framework\\src\\Illuminate\\Routing\\Router.php(906): Illuminate\\Routing\\Router::toResponse(Object(Illuminate\\Http\\Request), Object(Illuminate\\View\\View))
#39 E:\\xampp-8.2\\htdocs\\nexelit\\@core\\vendor\\laravel\\framework\\src\\Illuminate\\Routing\\Router.php(821): Illuminate\\Routing\\Router->prepareResponse(Object(Illuminate\\Http\\Request), Object(Illuminate\\View\\View))
#40 E:\\xampp-8.2\\htdocs\\nexelit\\@core\\vendor\\laravel\\framework\\src\\Illuminate\\Pipeline\\Pipeline.php(180): Illuminate\\Routing\\Router->Illuminate\\Routing\\{closure}(Object(Illuminate\\Http\\Request))
#41 E:\\xampp-8.2\\htdocs\\nexelit\\@core\\app\\Http\\Middleware\\HtmlMinifier.php(13): Illuminate\\Pipeline\\Pipeline->Illuminate\\Pipeline\\{closure}(Object(Illuminate\\Http\\Request))
#42 E:\\xampp-8.2\\htdocs\\nexelit\\@core\\vendor\\laravel\\framework\\src\\Illuminate\\Pipeline\\Pipeline.php(219): App\\Http\\Middleware\\HtmlMinifier->handle(Object(Illuminate\\Http\\Request), Object(Closure), ':class')
#43 E:\\xampp-8.2\\htdocs\\nexelit\\@core\\app\\Http\\Middleware\\MaintainsMode.php(22): Illuminate\\Pipeline\\Pipeline->Illuminate\\Pipeline\\{closure}(Object(Illuminate\\Http\\Request))
#44 E:\\xampp-8.2\\htdocs\\nexelit\\@core\\vendor\\laravel\\framework\\src\\Illuminate\\Pipeline\\Pipeline.php(219): App\\Http\\Middleware\\MaintainsMode->handle(Object(Illuminate\\Http\\Request), Object(Closure))
#45 E:\\xampp-8.2\\htdocs\\nexelit\\@core\\app\\Http\\Middleware\\GlobalVariableMiddleware.php(145): Illuminate\\Pipeline\\Pipeline->Illuminate\\Pipeline\\{closure}(Object(Illuminate\\Http\\Request))
#46 E:\\xampp-8.2\\htdocs\\nexelit\\@core\\vendor\\laravel\\framework\\src\\Illuminate\\Pipeline\\Pipeline.php(219): App\\Http\\Middleware\\GlobalVariableMiddleware->handle(Object(Illuminate\\Http\\Request), Object(Closure))
#47 E:\\xampp-8.2\\htdocs\\nexelit\\@core\\app\\Http\\Middleware\\SetUserLanguages.php(35): Illuminate\\Pipeline\\Pipeline->Illuminate\\Pipeline\\{closure}(Object(Illuminate\\Http\\Request))
#48 E:\\xampp-8.2\\htdocs\\nexelit\\@core\\vendor\\laravel\\framework\\src\\Illuminate\\Pipeline\\Pipeline.php(219): App\\Http\\Middleware\\SetUserLanguages->handle(Object(Illuminate\\Http\\Request), Object(Closure), 'frontend')
#49 E:\\xampp-8.2\\htdocs\\nexelit\\@core\\vendor\\barryvdh\\laravel-debugbar\\src\\Middleware\\InjectDebugbar.php(66): Illuminate\\Pipeline\\Pipeline->Illuminate\\Pipeline\\{closure}(Object(Illuminate\\Http\\Request))
#50 E:\\xampp-8.2\\htdocs\\nexelit\\@core\\vendor\\laravel\\framework\\src\\Illuminate\\Pipeline\\Pipeline.php(219): Barryvdh\\Debugbar\\Middleware\\InjectDebugbar->handle(Object(Illuminate\\Http\\Request), Object(Closure))
#51 E:\\xampp-8.2\\htdocs\\nexelit\\@core\\vendor\\laravel\\framework\\src\\Illuminate\\Routing\\Middleware\\SubstituteBindings.php(50): Illuminate\\Pipeline\\Pipeline->Illuminate\\Pipeline\\{closure}(Object(Illuminate\\Http\\Request))
#52 E:\\xampp-8.2\\htdocs\\nexelit\\@core\\vendor\\laravel\\framework\\src\\Illuminate\\Pipeline\\Pipeline.php(219): Illuminate\\Routing\\Middleware\\SubstituteBindings->handle(Object(Illuminate\\Http\\Request), Object(Closure))
#53 E:\\xampp-8.2\\htdocs\\nexelit\\@core\\vendor\\laravel\\framework\\src\\Illuminate\\Foundation\\Http\\Middleware\\VerifyCsrfToken.php(87): Illuminate\\Pipeline\\Pipeline->Illuminate\\Pipeline\\{closure}(Object(Illuminate\\Http\\Request))
#54 E:\\xampp-8.2\\htdocs\\nexelit\\@core\\vendor\\laravel\\framework\\src\\Illuminate\\Pipeline\\Pipeline.php(219): Illuminate\\Foundation\\Http\\Middleware\\VerifyCsrfToken->handle(Object(Illuminate\\Http\\Request), Object(Closure))
#55 E:\\xampp-8.2\\htdocs\\nexelit\\@core\\vendor\\laravel\\framework\\src\\Illuminate\\View\\Middleware\\ShareErrorsFromSession.php(48): Illuminate\\Pipeline\\Pipeline->Illuminate\\Pipeline\\{closure}(Object(Illuminate\\Http\\Request))
#56 E:\\xampp-8.2\\htdocs\\nexelit\\@core\\vendor\\laravel\\framework\\src\\Illuminate\\Pipeline\\Pipeline.php(219): Illuminate\\View\\Middleware\\ShareErrorsFromSession->handle(Object(Illuminate\\Http\\Request), Object(Closure))
#57 E:\\xampp-8.2\\htdocs\\nexelit\\@core\\vendor\\laravel\\framework\\src\\Illuminate\\Session\\Middleware\\StartSession.php(120): Illuminate\\Pipeline\\Pipeline->Illuminate\\Pipeline\\{closure}(Object(Illuminate\\Http\\Request))
#58 E:\\xampp-8.2\\htdocs\\nexelit\\@core\\vendor\\laravel\\framework\\src\\Illuminate\\Session\\Middleware\\StartSession.php(63): Illuminate\\Session\\Middleware\\StartSession->handleStatefulRequest(Object(Illuminate\\Http\\Request), Object(Illuminate\\Session\\Store), Object(Closure))
#59 E:\\xampp-8.2\\htdocs\\nexelit\\@core\\vendor\\laravel\\framework\\src\\Illuminate\\Pipeline\\Pipeline.php(219): Illuminate\\Session\\Middleware\\StartSession->handle(Object(Illuminate\\Http\\Request), Object(Closure))
#60 E:\\xampp-8.2\\htdocs\\nexelit\\@core\\vendor\\laravel\\framework\\src\\Illuminate\\Cookie\\Middleware\\AddQueuedCookiesToResponse.php(36): Illuminate\\Pipeline\\Pipeline->Illuminate\\Pipeline\\{closure}(Object(Illuminate\\Http\\Request))
#61 E:\\xampp-8.2\\htdocs\\nexelit\\@core\\vendor\\laravel\\framework\\src\\Illuminate\\Pipeline\\Pipeline.php(219): Illuminate\\Cookie\\Middleware\\AddQueuedCookiesToResponse->handle(Object(Illuminate\\Http\\Request), Object(Closure))
#62 E:\\xampp-8.2\\htdocs\\nexelit\\@core\\vendor\\laravel\\framework\\src\\Illuminate\\Cookie\\Middleware\\EncryptCookies.php(74): Illuminate\\Pipeline\\Pipeline->Illuminate\\Pipeline\\{closure}(Object(Illuminate\\Http\\Request))
#63 E:\\xampp-8.2\\htdocs\\nexelit\\@core\\vendor\\laravel\\framework\\src\\Illuminate\\Pipeline\\Pipeline.php(219): Illuminate\\Cookie\\Middleware\\EncryptCookies->handle(Object(Illuminate\\Http\\Request), Object(Closure))
#64 E:\\xampp-8.2\\htdocs\\nexelit\\@core\\vendor\\laravel\\framework\\src\\Illuminate\\Pipeline\\Pipeline.php(137): Illuminate\\Pipeline\\Pipeline->Illuminate\\Pipeline\\{closure}(Object(Illuminate\\Http\\Request))
#65 E:\\xampp-8.2\\htdocs\\nexelit\\@core\\vendor\\laravel\\framework\\src\\Illuminate\\Routing\\Router.php(821): Illuminate\\Pipeline\\Pipeline->then(Object(Closure))
#66 E:\\xampp-8.2\\htdocs\\nexelit\\@core\\vendor\\laravel\\framework\\src\\Illuminate\\Routing\\Router.php(800): Illuminate\\Routing\\Router->runRouteWithinStack(Object(Illuminate\\Routing\\Route), Object(Illuminate\\Http\\Request))
#67 E:\\xampp-8.2\\htdocs\\nexelit\\@core\\vendor\\laravel\\framework\\src\\Illuminate\\Routing\\Router.php(764): Illuminate\\Routing\\Router->runRoute(Object(Illuminate\\Http\\Request), Object(Illuminate\\Routing\\Route))
#68 E:\\xampp-8.2\\htdocs\\nexelit\\@core\\vendor\\laravel\\framework\\src\\Illuminate\\Routing\\Router.php(753): Illuminate\\Routing\\Router->dispatchToRoute(Object(Illuminate\\Http\\Request))
#69 E:\\xampp-8.2\\htdocs\\nexelit\\@core\\vendor\\laravel\\framework\\src\\Illuminate\\Foundation\\Http\\Kernel.php(200): Illuminate\\Routing\\Router->dispatch(Object(Illuminate\\Http\\Request))
#70 E:\\xampp-8.2\\htdocs\\nexelit\\@core\\vendor\\laravel\\framework\\src\\Illuminate\\Pipeline\\Pipeline.php(180): Illuminate\\Foundation\\Http\\Kernel->Illuminate\\Foundation\\Http\\{closure}(Object(Illuminate\\Http\\Request))
#71 E:\\xampp-8.2\\htdocs\\nexelit\\@core\\vendor\\barryvdh\\laravel-debugbar\\src\\Middleware\\InjectDebugbar.php(66): Illuminate\\Pipeline\\Pipeline->Illuminate\\Pipeline\\{closure}(Object(Illuminate\\Http\\Request))
#72 E:\\xampp-8.2\\htdocs\\nexelit\\@core\\vendor\\laravel\\framework\\src\\Illuminate\\Pipeline\\Pipeline.php(219): Barryvdh\\Debugbar\\Middleware\\InjectDebugbar->handle(Object(Illuminate\\Http\\Request), Object(Closure))
#73 E:\\xampp-8.2\\htdocs\\nexelit\\@core\\vendor\\xgenious\\installer\\src\\Http\\Middleware\\InstallerMiddleware.php(18): Illuminate\\Pipeline\\Pipeline->Illuminate\\Pipeline\\{closure}(Object(Illuminate\\Http\\Request))
#74 E:\\xampp-8.2\\htdocs\\nexelit\\@core\\vendor\\laravel\\framework\\src\\Illuminate\\Pipeline\\Pipeline.php(219): Xgenious\\Installer\\Http\\Middleware\\InstallerMiddleware->handle(Object(Illuminate\\Http\\Request), Object(Closure))
#75 E:\\xampp-8.2\\htdocs\\nexelit\\@core\\vendor\\laravel\\framework\\src\\Illuminate\\Foundation\\Http\\Middleware\\TransformsRequest.php(21): Illuminate\\Pipeline\\Pipeline->Illuminate\\Pipeline\\{closure}(Object(Illuminate\\Http\\Request))
#76 E:\\xampp-8.2\\htdocs\\nexelit\\@core\\vendor\\laravel\\framework\\src\\Illuminate\\Foundation\\Http\\Middleware\\ConvertEmptyStringsToNull.php(31): Illuminate\\Foundation\\Http\\Middleware\\TransformsRequest->handle(Object(Illuminate\\Http\\Request), Object(Closure))
#77 E:\\xampp-8.2\\htdocs\\nexelit\\@core\\vendor\\laravel\\framework\\src\\Illuminate\\Pipeline\\Pipeline.php(219): Illuminate\\Foundation\\Http\\Middleware\\ConvertEmptyStringsToNull->handle(Object(Illuminate\\Http\\Request), Object(Closure))
#78 E:\\xampp-8.2\\htdocs\\nexelit\\@core\\vendor\\laravel\\framework\\src\\Illuminate\\Foundation\\Http\\Middleware\\TransformsRequest.php(21): Illuminate\\Pipeline\\Pipeline->Illuminate\\Pipeline\\{closure}(Object(Illuminate\\Http\\Request))
#79 E:\\xampp-8.2\\htdocs\\nexelit\\@core\\vendor\\laravel\\framework\\src\\Illuminate\\Foundation\\Http\\Middleware\\TrimStrings.php(51): Illuminate\\Foundation\\Http\\Middleware\\TransformsRequest->handle(Object(Illuminate\\Http\\Request), Object(Closure))
#80 E:\\xampp-8.2\\htdocs\\nexelit\\@core\\vendor\\laravel\\framework\\src\\Illuminate\\Pipeline\\Pipeline.php(219): Illuminate\\Foundation\\Http\\Middleware\\TrimStrings->handle(Object(Illuminate\\Http\\Request), Object(Closure))
#81 E:\\xampp-8.2\\htdocs\\nexelit\\@core\\vendor\\laravel\\framework\\src\\Illuminate\\Http\\Middleware\\ValidatePostSize.php(27): Illuminate\\Pipeline\\Pipeline->Illuminate\\Pipeline\\{closure}(Object(Illuminate\\Http\\Request))
#82 E:\\xampp-8.2\\htdocs\\nexelit\\@core\\vendor\\laravel\\framework\\src\\Illuminate\\Pipeline\\Pipeline.php(219): Illuminate\\Http\\Middleware\\ValidatePostSize->handle(Object(Illuminate\\Http\\Request), Object(Closure))
#83 E:\\xampp-8.2\\htdocs\\nexelit\\@core\\vendor\\laravel\\framework\\src\\Illuminate\\Foundation\\Http\\Middleware\\PreventRequestsDuringMaintenance.php(109): Illuminate\\Pipeline\\Pipeline->Illuminate\\Pipeline\\{closure}(Object(Illuminate\\Http\\Request))
#84 E:\\xampp-8.2\\htdocs\\nexelit\\@core\\vendor\\laravel\\framework\\src\\Illuminate\\Pipeline\\Pipeline.php(219): Illuminate\\Foundation\\Http\\Middleware\\PreventRequestsDuringMaintenance->handle(Object(Illuminate\\Http\\Request), Object(Closure))
#85 E:\\xampp-8.2\\htdocs\\nexelit\\@core\\vendor\\laravel\\framework\\src\\Illuminate\\Http\\Middleware\\TrustProxies.php(58): Illuminate\\Pipeline\\Pipeline->Illuminate\\Pipeline\\{closure}(Object(Illuminate\\Http\\Request))
#86 E:\\xampp-8.2\\htdocs\\nexelit\\@core\\vendor\\laravel\\framework\\src\\Illuminate\\Pipeline\\Pipeline.php(219): Illuminate\\Http\\Middleware\\TrustProxies->handle(Object(Illuminate\\Http\\Request), Object(Closure))
#87 E:\\xampp-8.2\\htdocs\\nexelit\\@core\\vendor\\laravel\\framework\\src\\Illuminate\\Pipeline\\Pipeline.php(137): Illuminate\\Pipeline\\Pipeline->Illuminate\\Pipeline\\{closure}(Object(Illuminate\\Http\\Request))
#88 E:\\xampp-8.2\\htdocs\\nexelit\\@core\\vendor\\laravel\\framework\\src\\Illuminate\\Foundation\\Http\\Kernel.php(175): Illuminate\\Pipeline\\Pipeline->then(Object(Closure))
#89 E:\\xampp-8.2\\htdocs\\nexelit\\@core\\vendor\\laravel\\framework\\src\\Illuminate\\Foundation\\Http\\Kernel.php(144): Illuminate\\Foundation\\Http\\Kernel->sendRequestThroughRouter(Object(Illuminate\\Http\\Request))
#90 E:\\xampp-8.2\\htdocs\\nexelit\\index.php(54): Illuminate\\Foundation\\Http\\Kernel->handle(Object(Illuminate\\Http\\Request))
#91 {main}
"} 
[2026-09-14 21:47:25] production.ERROR: No application encryption key has been specified. {"exception":"[object] (Illuminate\\Encryption\\MissingAppKeyException(code: 0): No application encryption key has been specified. at E:\\xampp-8.2\\htdocs\\nexelit\\@core\\vendor\\laravel\\framework\\src\\Illuminate\\Encryption\\EncryptionServiceProvider.php:83)
[stacktrace]
#0 E:\\xampp-8.2\\htdocs\\nexelit\\@core\\vendor\\laravel\\framework\\src\\Illuminate\\Support\\helpers.php(390): Illuminate\\Encryption\\EncryptionServiceProvider->Illuminate\\Encryption\\{closure}(NULL)
#1 E:\\xampp-8.2\\htdocs\\nexelit\\@core\\vendor\\laravel\\framework\\src\\Illuminate\\Encryption\\EncryptionServiceProvider.php(81): tap(NULL, Object(Closure))
#2 E:\\xampp-8.2\\htdocs\\nexelit\\@core\\vendor\\laravel\\framework\\src\\Illuminate\\Encryption\\EncryptionServiceProvider.php(64): Illuminate\\Encryption\\EncryptionServiceProvider->key(Array)
#3 E:\\xampp-8.2\\htdocs\\nexelit\\@core\\vendor\\laravel\\framework\\src\\Illuminate\\Encryption\\EncryptionServiceProvider.php(32): Illuminate\\Encryption\\EncryptionServiceProvider->parseKey(Array)
#4 E:\\xampp-8.2\\htdocs\\nexelit\\@core\\vendor\\laravel\\framework\\src\\Illuminate\\Container\\Container.php(1154): Illuminate\\Encryption\\EncryptionServiceProvider->Illuminate\\Encryption\\{closure}(Object(Illuminate\\Foundation\\Application), Array)
#5 E:\\xampp-8.2\\htdocs\\nexelit\\@core\\vendor\\laravel\\framework\\src\\Illuminate\\Container\\Container.php(972): Illuminate\\Container\\Container->build(Object(Closure))
#6 E:\\xampp-8.2\\htdocs\\nexelit\\@core\\vendor\\laravel\\framework\\src\\Illuminate\\Foundation\\Application.php(1078): Illuminate\\Container\\Container->resolve('encrypter', Array, true)
#7 E:\\xampp-8.2\\htdocs\\nexelit\\@core\\vendor\\laravel\\framework\\src\\Illuminate\\Container\\Container.php(903): Illuminate\\Foundation\\Application->resolve('encrypter', Array)
#8 E:\\xampp-8.2\\htdocs\\nexelit\\@core\\vendor\\laravel\\framework\\src\\Illuminate\\Foundation\\Application.php(1058): Illuminate\\Container\\Container->make('encrypter', Array)
#9 E:\\xampp-8.2\\htdocs\\nexelit\\@core\\vendor\\laravel\\framework\\src\\Illuminate\\Container\\Container.php(1379): Illuminate\\Foundation\\Application->make('encrypter')
#10 E:\\xampp-8.2\\htdocs\\nexelit\\@core\\vendor\\laravel\\framework\\src\\Illuminate\\Container\\Container.php(1278): Illuminate\\Container\\Container->resolveClass(Object(ReflectionParameter))
#11 E:\\xampp-8.2\\htdocs\\nexelit\\@core\\vendor\\laravel\\framework\\src\\Illuminate\\Container\\Container.php(1201): Illuminate\\Container\\Container->resolveDependencies(Array)
#12 E:\\xampp-8.2\\htdocs\\nexelit\\@core\\vendor\\laravel\\framework\\src\\Illuminate\\Container\\Container.php(972): Illuminate\\Container\\Container->build('App\\\\Http\\\\Middle...')
#13 E:\\xampp-8.2\\htdocs\\nexelit\\@core\\vendor\\laravel\\framework\\src\\Illuminate\\Foundation\\Application.php(1078): Illuminate\\Container\\Container->resolve('App\\\\Http\\\\Middle...', Array, true)
#14 E:\\xampp-8.2\\htdocs\\nexelit\\@core\\vendor\\laravel\\framework\\src\\Illuminate\\Container\\Container.php(903): Illuminate\\Foundation\\Application->resolve('App\\\\Http\\\\Middle...', Array)
#15 E:\\xampp-8.2\\htdocs\\nexelit\\@core\\vendor\\laravel\\framework\\src\\Illuminate\\Foundation\\Application.php(1058): Illuminate\\Container\\Container->make('App\\\\Http\\\\Middle...', Array)
#16 E:\\xampp-8.2\\htdocs\\nexelit\\@core\\vendor\\laravel\\framework\\src\\Illuminate\\Pipeline\\Pipeline.php(208): Illuminate\\Foundation\\Application->make('App\\\\Http\\\\Middle...')
#17 E:\\xampp-8.2\\htdocs\\nexelit\\@core\\vendor\\laravel\\framework\\src\\Illuminate\\Pipeline\\Pipeline.php(137): Illuminate\\Pipeline\\Pipeline->Illuminate\\Pipeline\\{closure}(Object(Illuminate\\Http\\Request))
#18 E:\\xampp-8.2\\htdocs\\nexelit\\@core\\vendor\\laravel\\framework\\src\\Illuminate\\Routing\\Router.php(821): Illuminate\\Pipeline\\Pipeline->then(Object(Closure))
#19 E:\\xampp-8.2\\htdocs\\nexelit\\@core\\vendor\\laravel\\framework\\src\\Illuminate\\Routing\\Router.php(800): Illuminate\\Routing\\Router->runRouteWithinStack(Object(Illuminate\\Routing\\Route), Object(Illuminate\\Http\\Request))
#20 E:\\xampp-8.2\\htdocs\\nexelit\\@core\\vendor\\laravel\\framework\\src\\Illuminate\\Routing\\Router.php(764): Illuminate\\Routing\\Router->runRoute(Object(Illuminate\\Http\\Request), Object(Illuminate\\Routing\\Route))
#21 E:\\xampp-8.2\\htdocs\\nexelit\\@core\\vendor\\laravel\\framework\\src\\Illuminate\\Routing\\Router.php(753): Illuminate\\Routing\\Router->dispatchToRoute(Object(Illuminate\\Http\\Request))
#22 E:\\xampp-8.2\\htdocs\\nexelit\\@core\\vendor\\laravel\\framework\\src\\Illuminate\\Foundation\\Http\\Kernel.php(200): Illuminate\\Routing\\Router->dispatch(Object(Illuminate\\Http\\Request))
#23 E:\\xampp-8.2\\htdocs\\nexelit\\@core\\vendor\\laravel\\framework\\src\\Illuminate\\Pipeline\\Pipeline.php(180): Illuminate\\Foundation\\Http\\Kernel->Illuminate\\Foundation\\Http\\{closure}(Object(Illuminate\\Http\\Request))
#24 E:\\xampp-8.2\\htdocs\\nexelit\\@core\\vendor\\barryvdh\\laravel-debugbar\\src\\Middleware\\InjectDebugbar.php(59): Illuminate\\Pipeline\\Pipeline->Illuminate\\Pipeline\\{closure}(Object(Illuminate\\Http\\Request))
#25 E:\\xampp-8.2\\htdocs\\nexelit\\@core\\vendor\\laravel\\framework\\src\\Illuminate\\Pipeline\\Pipeline.php(219): Barryvdh\\Debugbar\\Middleware\\InjectDebugbar->handle(Object(Illuminate\\Http\\Request), Object(Closure))
#26 E:\\xampp-8.2\\htdocs\\nexelit\\@core\\vendor\\xgenious\\installer\\src\\Http\\Middleware\\InstallerMiddleware.php(18): Illuminate\\Pipeline\\Pipeline->Illuminate\\Pipeline\\{closure}(Object(Illuminate\\Http\\Request))
#27 E:\\xampp-8.2\\htdocs\\nexelit\\@core\\vendor\\laravel\\framework\\src\\Illuminate\\Pipeline\\Pipeline.php(219): Xgenious\\Installer\\Http\\Middleware\\InstallerMiddleware->handle(Object(Illuminate\\Http\\Request), Object(Closure))
#28 E:\\xampp-8.2\\htdocs\\nexelit\\@core\\vendor\\laravel\\framework\\src\\Illuminate\\Foundation\\Http\\Middleware\\TransformsRequest.php(21): Illuminate\\Pipeline\\Pipeline->Illuminate\\Pipeline\\{closure}(Object(Illuminate\\Http\\Request))
#29 E:\\xampp-8.2\\htdocs\\nexelit\\@core\\vendor\\laravel\\framework\\src\\Illuminate\\Foundation\\Http\\Middleware\\ConvertEmptyStringsToNull.php(31): Illuminate\\Foundation\\Http\\Middleware\\TransformsRequest->handle(Object(Illuminate\\Http\\Request), Object(Closure))
#30 E:\\xampp-8.2\\htdocs\\nexelit\\@core\\vendor\\laravel\\framework\\src\\Illuminate\\Pipeline\\Pipeline.php(219): Illuminate\\Foundation\\Http\\Middleware\\ConvertEmptyStringsToNull->handle(Object(Illuminate\\Http\\Request), Object(Closure))
#31 E:\\xampp-8.2\\htdocs\\nexelit\\@core\\vendor\\laravel\\framework\\src\\Illuminate\\Foundation\\Http\\Middleware\\TransformsRequest.php(21): Illuminate\\Pipeline\\Pipeline->Illuminate\\Pipeline\\{closure}(Object(Illuminate\\Http\\Request))
#32 E:\\xampp-8.2\\htdocs\\nexelit\\@core\\vendor\\laravel\\framework\\src\\Illuminate\\Foundation\\Http\\Middleware\\TrimStrings.php(51): Illuminate\\Foundation\\Http\\Middleware\\TransformsRequest->handle(Object(Illuminate\\Http\\Request), Object(Closure))
#33 E:\\xampp-8.2\\htdocs\\nexelit\\@core\\vendor\\laravel\\framework\\src\\Illuminate\\Pipeline\\Pipeline.php(219): Illuminate\\Foundation\\Http\\Middleware\\TrimStrings->handle(Object(Illuminate\\Http\\Request), Object(Closure))
#34 E:\\xampp-8.2\\htdocs\\nexelit\\@core\\vendor\\laravel\\framework\\src\\Illuminate\\Http\\Middleware\\ValidatePostSize.php(27): Illuminate\\Pipeline\\Pipeline->Illuminate\\Pipeline\\{closure}(Object(Illuminate\\Http\\Request))
#35 E:\\xampp-8.2\\htdocs\\nexelit\\@core\\vendor\\laravel\\framework\\src\\Illuminate\\Pipeline\\Pipeline.php(219): Illuminate\\Http\\Middleware\\ValidatePostSize->handle(Object(Illuminate\\Http\\Request), Object(Closure))
#36 E:\\xampp-8.2\\htdocs\\nexelit\\@core\\vendor\\laravel\\framework\\src\\Illuminate\\Foundation\\Http\\Middleware\\PreventRequestsDuringMaintenance.php(109): Illuminate\\Pipeline\\Pipeline->Illuminate\\Pipeline\\{closure}(Object(Illuminate\\Http\\Request))
#37 E:\\xampp-8.2\\htdocs\\nexelit\\@core\\vendor\\laravel\\framework\\src\\Illuminate\\Pipeline\\Pipeline.php(219): Illuminate\\Foundation\\Http\\Middleware\\PreventRequestsDuringMaintenance->handle(Object(Illuminate\\Http\\Request), Object(Closure))
#38 E:\\xampp-8.2\\htdocs\\nexelit\\@core\\vendor\\laravel\\framework\\src\\Illuminate\\Http\\Middleware\\TrustProxies.php(58): Illuminate\\Pipeline\\Pipeline->Illuminate\\Pipeline\\{closure}(Object(Illuminate\\Http\\Request))
#39 E:\\xampp-8.2\\htdocs\\nexelit\\@core\\vendor\\laravel\\framework\\src\\Illuminate\\Pipeline\\Pipeline.php(219): Illuminate\\Http\\Middleware\\TrustProxies->handle(Object(Illuminate\\Http\\Request), Object(Closure))
#40 E:\\xampp-8.2\\htdocs\\nexelit\\@core\\vendor\\laravel\\framework\\src\\Illuminate\\Pipeline\\Pipeline.php(137): Illuminate\\Pipeline\\Pipeline->Illuminate\\Pipeline\\{closure}(Object(Illuminate\\Http\\Request))
#41 E:\\xampp-8.2\\htdocs\\nexelit\\@core\\vendor\\laravel\\framework\\src\\Illuminate\\Foundation\\Http\\Kernel.php(175): Illuminate\\Pipeline\\Pipeline->then(Object(Closure))
#42 E:\\xampp-8.2\\htdocs\\nexelit\\@core\\vendor\\laravel\\framework\\src\\Illuminate\\Foundation\\Http\\Kernel.php(144): Illuminate\\Foundation\\Http\\Kernel->sendRequestThroughRouter(Object(Illuminate\\Http\\Request))
#43 E:\\xampp-8.2\\htdocs\\nexelit\\index.php(54): Illuminate\\Foundation\\Http\\Kernel->handle(Object(Illuminate\\Http\\Request))
#44 {main}
"} 
[2026-09-14 21:47:26] production.ERROR: SQLSTATE[HY000] [1045] Access denied for user 'forge'@'localhost' (using password: NO) (Connection: mysql, SQL: select * from `languages` where `default` = 1 limit 1) {"view":{"view":"E:\\xampp-8.2\\htdocs\\nexelit\\@core\\resources\\views\\errors\\500.blade.php","data":{"home_page_variant":"<pre class=sf-dump id=sf-dump-1004051254 data-indent-pad=\"  \">\"<span class=sf-dump-str title=\"2 characters\">01</span>\"
</pre><script>Sfdump(\"sf-dump-1004051254\", {\"maxDepth\":3,\"maxStringLength\":160})</script>
","errors":"<pre class=sf-dump id=sf-dump-1188967942 data-indent-pad=\"  \"><span class=sf-dump-note>Illuminate\\Support\\ViewErrorBag</span> {<a class=sf-dump-ref>#2458</a><samp data-depth=1 class=sf-dump-expanded>
  #<span class=sf-dump-protected title=\"Protected property\">bags</span>: []
</samp>}
</pre><script>Sfdump(\"sf-dump-1188967942\", {\"maxDepth\":3,\"maxStringLength\":160})</script>
","exception":"<pre class=sf-dump id=sf-dump-1872401294 data-indent-pad=\"  \"><span class=sf-dump-note>Symfony\\Component\\HttpKernel\\Exception\\HttpException</span> {<a class=sf-dump-ref>#2466</a><samp data-depth=1 class=sf-dump-expanded>
  #<span class=sf-dump-protected title=\"Protected property\">message</span>: \"<span class=sf-dump-str title=\"49 characters\">No application encryption key has been specified.</span>\"
  #<span class=sf-dump-protected title=\"Protected property\">code</span>: <span class=sf-dump-num>0</span>
  #<span class=sf-dump-protected title=\"Protected property\">file</span>: \"<span class=\"sf-dump-str sf-dump-ellipsization\" title=\"E:\\xampp-8.2\\htdocs\\nexelit\\@core\\vendor\\laravel\\framework\\src\\Illuminate\\Foundation\\Exceptions\\Handler.php
107 characters\"><span class=\"sf-dump-ellipsis sf-dump-ellipsis-path\">E:\\xampp-8.2\\htdocs\\nexelit\\@core\\vendor</span><span class=\"sf-dump-ellipsis sf-dump-ellipsis-path\">\\laravel\\framework\\</span><span class=\"sf-dump-ellipsis-tail\">src\\Illuminate\\Foundation\\Exceptions\\Handler.php</span></span>\"
  #<span class=sf-dump-protected title=\"Protected property\">line</span>: <span class=sf-dump-num>844</span>
  -<span class=sf-dump-private title=\"Private property defined in class:&#10;`Exception`\">previous</span>: <span class=\"sf-dump-note sf-dump-ellipsization\" title=\"Illuminate\\Encryption\\MissingAppKeyException
\"><span class=\"sf-dump-ellipsis sf-dump-ellipsis-note\">Illuminate\\Encryption</span><span class=\"sf-dump-ellipsis sf-dump-ellipsis-note\">\\</span><span class=\"sf-dump-ellipsis-tail\">MissingAppKeyException</span></span> {<a class=sf-dump-ref href=#sf-dump-1872401294-ref22432 title=\"6 occurrences\">#2432</a><samp data-depth=2 id=sf-dump-1872401294-ref22432 class=sf-dump-compact>
    #<span class=sf-dump-protected title=\"Protected property\">message</span>: \"<span class=sf-dump-str title=\"49 characters\">No application encryption key has been specified.</span>\"
    #<span class=sf-dump-protected title=\"Protected property\">code</span>: <span class=sf-dump-num>0</span>
    #<span class=sf-dump-protected title=\"Protected property\">file</span>: \"<span class=\"sf-dump-str sf-dump-ellipsization\" title=\"E:\\xampp-8.2\\htdocs\\nexelit\\@core\\vendor\\laravel\\framework\\src\\Illuminate\\Encryption\\EncryptionServiceProvider.php
114 characters\"><span class=\"sf-dump-ellipsis sf-dump-ellipsis-path\">E:\\xampp-8.2\\htdocs\\nexelit\\@core\\vendor</span><span class=\"sf-dump-ellipsis sf-dump-ellipsis-path\">\\laravel\\framework\\</span><span class=\"sf-dump-ellipsis-tail\">src\\Illuminate\\Encryption\\EncryptionServiceProvider.php</span></span>\"
    #<span class=sf-dump-protected title=\"Protected property\">line</span>: <span class=sf-dump-num>83</span>
    <span class=sf-dump-meta>trace</span>: {<samp data-depth=3 class=sf-dump-compact>
      <span class=\"sf-dump-meta sf-dump-ellipsization\" title=\"E:\\xampp-8.2\\htdocs\\nexelit\\@core\\vendor\\laravel\\framework\\src\\Illuminate\\Encryption\\EncryptionServiceProvider.php:83
Stack level 45.\"><span class=\"sf-dump-ellipsis sf-dump-ellipsis-path\">E:\\xampp-8.2\\htdocs\\nexelit\\@core\\vendor</span><span class=\"sf-dump-ellipsis sf-dump-ellipsis-path\">\\laravel\\framework\\</span><span class=\"sf-dump-ellipsis-tail\">src\\Illuminate\\Encryption\\EncryptionServiceProvider.php:83</span></span> { &#8230;4}
      <span class=\"sf-dump-meta sf-dump-ellipsization\" title=\"E:\\xampp-8.2\\htdocs\\nexelit\\@core\\vendor\\laravel\\framework\\src\\Illuminate\\Support\\helpers.php:390
Stack level 44.\"><span class=\"sf-dump-ellipsis sf-dump-ellipsis-path\">E:\\xampp-8.2\\htdocs\\nexelit\\@core\\vendor</span><span class=\"sf-dump-ellipsis sf-dump-ellipsis-path\">\\laravel\\framework\\</span><span class=\"sf-dump-ellipsis-tail\">src\\Illuminate\\Support\\helpers.php:390</span></span> { &#8230;5}
      <span class=\"sf-dump-meta sf-dump-ellipsization\" title=\"E:\\xampp-8.2\\htdocs\\nexelit\\@core\\vendor\\laravel\\framework\\src\\Illuminate\\Encryption\\EncryptionServiceProvider.php:81
Stack level 43.\"><span class=\"sf-dump-ellipsis sf-dump-ellipsis-path\">E:\\xampp-8.2\\htdocs\\nexelit\\@core\\vendor</span><span class=\"sf-dump-ellipsis sf-dump-ellipsis-path\">\\laravel\\framework\\</span><span class=\"sf-dump-ellipsis-tail\">src\\Illuminate\\Encryption\\EncryptionServiceProvider.php:81</span></span> { &#8230;5}
      <span class=\"sf-dump-meta sf-dump-ellipsization\" title=\"E:\\xampp-8.2\\htdocs\\nexelit\\@core\\vendor\\laravel\\framework\\src\\Illuminate\\Encryption\\EncryptionServiceProvider.php:64
Stack level 42.\"><span class=\"sf-dump-ellipsis sf-dump-ellipsis-path\">E:\\xampp-8.2\\htdocs\\nexelit\\@core\\vendor</span><span class=\"sf-dump-ellipsis sf-dump-ellipsis-path\">\\laravel\\framework\\</span><span class=\"sf-dump-ellipsis-tail\">src\\Illuminate\\Encryption\\EncryptionServiceProvider.php:64</span></span> { &#8230;5}
      <span class=\"sf-dump-meta sf-dump-ellipsization\" title=\"E:\\xampp-8.2\\htdocs\\nexelit\\@core\\vendor\\laravel\\framework\\src\\Illuminate\\Encryption\\EncryptionServiceProvider.php:32
Stack level 41.\"><span class=\"sf-dump-ellipsis sf-dump-ellipsis-path\">E:\\xampp-8.2\\htdocs\\nexelit\\@core\\vendor</span><span class=\"sf-dump-ellipsis sf-dump-ellipsis-path\">\\laravel\\framework\\</span><span class=\"sf-dump-ellipsis-tail\">src\\Illuminate\\Encryption\\EncryptionServiceProvider.php:32</span></span> { &#8230;5}
      <span class=\"sf-dump-meta sf-dump-ellipsization\" title=\"E:\\xampp-8.2\\htdocs\\nexelit\\@core\\vendor\\laravel\\framework\\src\\Illuminate\\Container\\Container.php:1154
Stack level 40.\"><span class=\"sf-dump-ellipsis sf-dump-ellipsis-path\">E:\\xampp-8.2\\htdocs\\nexelit\\@core\\vendor</span><span class=\"sf-dump-ellipsis sf-dump-ellipsis-path\">\\laravel\\framework\\</span><span class=\"sf-dump-ellipsis-tail\">src\\Illuminate\\Container\\Container.php:1154</span></span> { &#8230;5}
      <span class=\"sf-dump-meta sf-dump-ellipsization\" title=\"E:\\xampp-8.2\\htdocs\\nexelit\\@core\\vendor\\laravel\\framework\\src\\Illuminate\\Container\\Container.php:972
Stack level 39.\"><span class=\"sf-dump-ellipsis sf-dump-ellipsis-path\">E:\\xampp-8.2\\htdocs\\nexelit\\@core\\vendor</span><span class=\"sf-dump-ellipsis sf-dump-ellipsis-path\">\\laravel\\framework\\</span><span class=\"sf-dump-ellipsis-tail\">src\\Illuminate\\Container\\Container.php:972</span></span> { &#8230;5}
      <span class=\"sf-dump-meta sf-dump-ellipsization\" title=\"E:\\xampp-8.2\\htdocs\\nexelit\\@core\\vendor\\laravel\\framework\\src\\Illuminate\\Foundation\\Application.php:1078
Stack level 38.\"><span class=\"sf-dump-ellipsis sf-dump-ellipsis-path\">E:\\xampp-8.2\\htdocs\\nexelit\\@core\\vendor</span><span class=\"sf-dump-ellipsis sf-dump-ellipsis-path\">\\laravel\\framework\\</span><span class=\"sf-dump-ellipsis-tail\">src\\Illuminate\\Foundation\\Application.php:1078</span></span> { &#8230;5}
      <span class=\"sf-dump-meta sf-dump-ellipsization\" title=\"E:\\xampp-8.2\\htdocs\\nexelit\\@core\\vendor\\laravel\\framework\\src\\Illuminate\\Container\\Container.php:903
Stack level 37.\"><span class=\"sf-dump-ellipsis sf-dump-ellipsis-path\">E:\\xampp-8.2\\htdocs\\nexelit\\@core\\vendor</span><span class=\"sf-dump-ellipsis sf-dump-ellipsis-path\">\\laravel\\framework\\</span><span class=\"sf-dump-ellipsis-tail\">src\\Illuminate\\Container\\Container.php:903</span></span> { &#8230;5}
      <span class=\"sf-dump-meta sf-dump-ellipsization\" title=\"E:\\xampp-8.2\\htdocs\\nexelit\\@core\\vendor\\laravel\\framework\\src\\Illuminate\\Foundation\\Application.php:1058
Stack level 36.\"><span class=\"sf-dump-ellipsis sf-dump-ellipsis-path\">E:\\xampp-8.2\\htdocs\\nexelit\\@core\\vendor</span><span class=\"sf-dump-ellipsis sf-dump-ellipsis-path\">\\laravel\\framework\\</span><span class=\"sf-dump-ellipsis-tail\">src\\Illuminate\\Foundation\\Application.php:1058</span></span> { &#8230;5}
      <span class=\"sf-dump-meta sf-dump-ellipsization\" title=\"E:\\xampp-8.2\\htdocs\\nexelit\\@core\\vendor\\laravel\\framework\\src\\Illuminate\\Container\\Container.php:1379
Stack level 35.\"><span class=\"sf-dump-ellipsis sf-dump-ellipsis-path\">E:\\xampp-8.2\\htdocs\\nexelit\\@core\\vendor</span><span class=\"sf-dump-ellipsis sf-dump-ellipsis-path\">\\laravel\\framework\\</span><span class=\"sf-dump-ellipsis-tail\">src\\Illuminate\\Container\\Container.php:1379</span></span> { &#8230;5}
      <span class=\"sf-dump-meta sf-dump-ellipsization\" title=\"E:\\xampp-8.2\\htdocs\\nexelit\\@core\\vendor\\laravel\\framework\\src\\Illuminate\\Container\\Container.php:1278
Stack level 34.\"><span class=\"sf-dump-ellipsis sf-dump-ellipsis-path\">E:\\xampp-8.2\\htdocs\\nexelit\\@core\\vendor</span><span class=\"sf-dump-ellipsis sf-dump-ellipsis-path\">\\laravel\\framework\\</span><span class=\"sf-dump-ellipsis-tail\">src\\Illuminate\\Container\\Container.php:1278</span></span> { &#8230;5}
      <span class=\"sf-dump-meta sf-dump-ellipsization\" title=\"E:\\xampp-8.2\\htdocs\\nexelit\\@core\\vendor\\laravel\\framework\\src\\Illuminate\\Container\\Container.php:1201
Stack level 33.\"><span class=\"sf-dump-ellipsis sf-dump-ellipsis-path\">E:\\xampp-8.2\\htdocs\\nexelit\\@core\\vendor</span><span class=\"sf-dump-ellipsis sf-dump-ellipsis-path\">\\laravel\\framework\\</span><span class=\"sf-dump-ellipsis-tail\">src\\Illuminate\\Container\\Container.php:1201</span></span> { &#8230;5}
      <span class=\"sf-dump-meta sf-dump-ellipsization\" title=\"E:\\xampp-8.2\\htdocs\\nexelit\\@core\\vendor\\laravel\\framework\\src\\Illuminate\\Container\\Container.php:972
Stack level 32.\"><span class=\"sf-dump-ellipsis sf-dump-ellipsis-path\">E:\\xampp-8.2\\htdocs\\nexelit\\@core\\vendor</span><span class=\"sf-dump-ellipsis sf-dump-ellipsis-path\">\\laravel\\framework\\</span><span class=\"sf-dump-ellipsis-tail\">src\\Illuminate\\Container\\Container.php:972</span></span> { &#8230;5}
      <span class=\"sf-dump-meta sf-dump-ellipsization\" title=\"E:\\xampp-8.2\\htdocs\\nexelit\\@core\\vendor\\laravel\\framework\\src\\Illuminate\\Foundation\\Application.php:1078
Stack level 31.\"><span class=\"sf-dump-ellipsis sf-dump-ellipsis-path\">E:\\xampp-8.2\\htdocs\\nexelit\\@core\\vendor</span><span class=\"sf-dump-ellipsis sf-dump-ellipsis-path\">\\laravel\\framework\\</span><span class=\"sf-dump-ellipsis-tail\">src\\Illuminate\\Foundation\\Application.php:1078</span></span> { &#8230;5}
      <span class=\"sf-dump-meta sf-dump-ellipsization\" title=\"E:\\xampp-8.2\\htdocs\\nexelit\\@core\\vendor\\laravel\\framework\\src\\Illuminate\\Container\\Container.php:903
Stack level 30.\"><span class=\"sf-dump-ellipsis sf-dump-ellipsis-path\">E:\\xampp-8.2\\htdocs\\nexelit\\@core\\vendor</span><span class=\"sf-dump-ellipsis sf-dump-ellipsis-path\">\\laravel\\framework\\</span><span class=\"sf-dump-ellipsis-tail\">src\\Illuminate\\Container\\Container.php:903</span></span> { &#8230;5}
      <span class=\"sf-dump-meta sf-dump-ellipsization\" title=\"E:\\xampp-8.2\\htdocs\\nexelit\\@core\\vendor\\laravel\\framework\\src\\Illuminate\\Foundation\\Application.php:1058
Stack level 29.\"><span class=\"sf-dump-ellipsis sf-dump-ellipsis-path\">E:\\xampp-8.2\\htdocs\\nexelit\\@core\\vendor</span><span class=\"sf-dump-ellipsis sf-dump-ellipsis-path\">\\laravel\\framework\\</span><span class=\"sf-dump-ellipsis-tail\">src\\Illuminate\\Foundation\\Application.php:1058</span></span> { &#8230;5}
      <span class=\"sf-dump-meta sf-dump-ellipsization\" title=\"E:\\xampp-8.2\\htdocs\\nexelit\\@core\\vendor\\laravel\\framework\\src\\Illuminate\\Pipeline\\Pipeline.php:208
Stack level 28.\"><span class=\"sf-dump-ellipsis sf-dump-ellipsis-path\">E:\\xampp-8.2\\htdocs\\nexelit\\@core\\vendor</span><span class=\"sf-dump-ellipsis sf-dump-ellipsis-path\">\\laravel\\framework\\</span><span class=\"sf-dump-ellipsis-tail\">src\\Illuminate\\Pipeline\\Pipeline.php:208</span></span> { &#8230;5}
      <span class=\"sf-dump-meta sf-dump-ellipsization\" title=\"E:\\xampp-8.2\\htdocs\\nexelit\\@core\\vendor\\laravel\\framework\\src\\Illuminate\\Pipeline\\Pipeline.php:137
Stack level 27.\"><span class=\"sf-dump-ellipsis sf-dump-ellipsis-path\">E:\\xampp-8.2\\htdocs\\nexelit\\@core\\vendor</span><span class=\"sf-dump-ellipsis sf-dump-ellipsis-path\">\\laravel\\framework\\</span><span class=\"sf-dump-ellipsis-tail\">src\\Illuminate\\Pipeline\\Pipeline.php:137</span></span> { &#8230;5}
      <span class=\"sf-dump-meta sf-dump-ellipsization\" title=\"E:\\xampp-8.2\\htdocs\\nexelit\\@core\\vendor\\laravel\\framework\\src\\Illuminate\\Routing\\Router.php:821
Stack level 26.\"><span class=\"sf-dump-ellipsis sf-dump-ellipsis-path\">E:\\xampp-8.2\\htdocs\\nexelit\\@core\\vendor</span><span class=\"sf-dump-ellipsis sf-dump-ellipsis-path\">\\laravel\\framework\\</span><span class=\"sf-dump-ellipsis-tail\">src\\Illuminate\\Routing\\Router.php:821</span></span> { &#8230;5}
      <span class=\"sf-dump-meta sf-dump-ellipsization\" title=\"E:\\xampp-8.2\\htdocs\\nexelit\\@core\\vendor\\laravel\\framework\\src\\Illuminate\\Routing\\Router.php:800
Stack level 25.\"><span class=\"sf-dump-ellipsis sf-dump-ellipsis-path\">E:\\xampp-8.2\\htdocs\\nexelit\\@core\\vendor</span><span class=\"sf-dump-ellipsis sf-dump-ellipsis-path\">\\laravel\\framework\\</span><span class=\"sf-dump-ellipsis-tail\">src\\Illuminate\\Routing\\Router.php:800</span></span> { &#8230;5}
      <span class=\"sf-dump-meta sf-dump-ellipsization\" title=\"E:\\xampp-8.2\\htdocs\\nexelit\\@core\\vendor\\laravel\\framework\\src\\Illuminate\\Routing\\Router.php:764
Stack level 24.\"><span class=\"sf-dump-ellipsis sf-dump-ellipsis-path\">E:\\xampp-8.2\\htdocs\\nexelit\\@core\\vendor</span><span class=\"sf-dump-ellipsis sf-dump-ellipsis-path\">\\laravel\\framework\\</span><span class=\"sf-dump-ellipsis-tail\">src\\Illuminate\\Routing\\Router.php:764</span></span> { &#8230;5}
      <span class=\"sf-dump-meta sf-dump-ellipsization\" title=\"E:\\xampp-8.2\\htdocs\\nexelit\\@core\\vendor\\laravel\\framework\\src\\Illuminate\\Routing\\Router.php:753
Stack level 23.\"><span class=\"sf-dump-ellipsis sf-dump-ellipsis-path\">E:\\xampp-8.2\\htdocs\\nexelit\\@core\\vendor</span><span class=\"sf-dump-ellipsis sf-dump-ellipsis-path\">\\laravel\\framework\\</span><span class=\"sf-dump-ellipsis-tail\">src\\Illuminate\\Routing\\Router.php:753</span></span> { &#8230;5}
      <span class=\"sf-dump-meta sf-dump-ellipsization\" title=\"E:\\xampp-8.2\\htdocs\\nexelit\\@core\\vendor\\laravel\\framework\\src\\Illuminate\\Foundation\\Http\\Kernel.php:200
Stack level 22.\"><span class=\"sf-dump-ellipsis sf-dump-ellipsis-path\">E:\\xampp-8.2\\htdocs\\nexelit\\@core\\vendor</span><span class=\"sf-dump-ellipsis sf-dump-ellipsis-path\">\\laravel\\framework\\</span><span class=\"sf-dump-ellipsis-tail\">src\\Illuminate\\Foundation\\Http\\Kernel.php:200</span></span> { &#8230;5}
      <span class=\"sf-dump-meta sf-dump-ellipsization\" title=\"E:\\xampp-8.2\\htdocs\\nexelit\\@core\\vendor\\laravel\\framework\\src\\Illuminate\\Pipeline\\Pipeline.php:180
Stack level 21.\"><span class=\"sf-dump-ellipsis sf-dump-ellipsis-path\">E:\\xampp-8.2\\htdocs\\nexelit\\@core\\vendor</span><span class=\"sf-dump-ellipsis sf-dump-ellipsis-path\">\\laravel\\framework\\</span><span class=\"sf-dump-ellipsis-tail\">src\\Illuminate\\Pipeline\\Pipeline.php:180</span></span> { &#8230;5}
      <span class=\"sf-dump-meta sf-dump-ellipsization\" title=\"E:\\xampp-8.2\\htdocs\\nexelit\\@core\\vendor\\barryvdh\\laravel-debugbar\\src\\Middleware\\InjectDebugbar.php:59
Stack level 20.\"><span class=\"sf-dump-ellipsis sf-dump-ellipsis-path\">E:\\xampp-8.2\\htdocs\\nexelit\\@core\\vendor</span><span class=\"sf-dump-ellipsis sf-dump-ellipsis-path\">\\barryvdh\\laravel-debugbar\\</span><span class=\"sf-dump-ellipsis-tail\">src\\Middleware\\InjectDebugbar.php:59</span></span> { &#8230;5}
      <span class=\"sf-dump-meta sf-dump-ellipsization\" title=\"E:\\xampp-8.2\\htdocs\\nexelit\\@core\\vendor\\laravel\\framework\\src\\Illuminate\\Pipeline\\Pipeline.php:219
Stack level 19.\"><span class=\"sf-dump-ellipsis sf-dump-ellipsis-path\">E:\\xampp-8.2\\htdocs\\nexelit\\@core\\vendor</span><span class=\"sf-dump-ellipsis sf-dump-ellipsis-path\">\\laravel\\framework\\</span><span class=\"sf-dump-ellipsis-tail\">src\\Illuminate\\Pipeline\\Pipeline.php:219</span></span> { &#8230;5}
      <span class=\"sf-dump-meta sf-dump-ellipsization\" title=\"E:\\xampp-8.2\\htdocs\\nexelit\\@core\\vendor\\xgenious\\installer\\src\\Http\\Middleware\\InstallerMiddleware.php:18
Stack level 18.\"><span class=\"sf-dump-ellipsis sf-dump-ellipsis-path\">E:\\xampp-8.2\\htdocs\\nexelit\\@core\\vendor</span><span class=\"sf-dump-ellipsis sf-dump-ellipsis-path\">\\xgenious\\installer\\</span><span class=\"sf-dump-ellipsis-tail\">src\\Http\\Middleware\\InstallerMiddleware.php:18</span></span> { &#8230;5}
      <span class=\"sf-dump-meta sf-dump-ellipsization\" title=\"E:\\xampp-8.2\\htdocs\\nexelit\\@core\\vendor\\laravel\\framework\\src\\Illuminate\\Pipeline\\Pipeline.php:219
Stack level 17.\"><span class=\"sf-dump-ellipsis sf-dump-ellipsis-path\">E:\\xampp-8.2\\htdocs\\nexelit\\@core\\vendor</span><span class=\"sf-dump-ellipsis sf-dump-ellipsis-path\">\\laravel\\framework\\</span><span class=\"sf-dump-ellipsis-tail\">src\\Illuminate\\Pipeline\\Pipeline.php:219</span></span> { &#8230;5}
      <span class=\"sf-dump-meta sf-dump-ellipsization\" title=\"E:\\xampp-8.2\\htdocs\\nexelit\\@core\\vendor\\laravel\\framework\\src\\Illuminate\\Foundation\\Http\\Middleware\\TransformsRequest.php:21
Stack level 16.\"><span class=\"sf-dump-ellipsis sf-dump-ellipsis-path\">E:\\xampp-8.2\\htdocs\\nexelit\\@core\\vendor</span><span class=\"sf-dump-ellipsis sf-dump-ellipsis-path\">\\laravel\\framework\\</span><span class=\"sf-dump-ellipsis-tail\">src\\Illuminate\\Foundation\\Http\\Middleware\\TransformsRequest.php:21</span></span> { &#8230;5}
      <span class=\"sf-dump-meta sf-dump-ellipsization\" title=\"E:\\xampp-8.2\\htdocs\\nexelit\\@core\\vendor\\laravel\\framework\\src\\Illuminate\\Foundation\\Http\\Middleware\\ConvertEmptyStringsToNull.php:31
Stack level 15.\"><span class=\"sf-dump-ellipsis sf-dump-ellipsis-path\">E:\\xampp-8.2\\htdocs\\nexelit\\@core\\vendor</span><span class=\"sf-dump-ellipsis sf-dump-ellipsis-path\">\\laravel\\framework\\</span><span class=\"sf-dump-ellipsis-tail\">src\\Illuminate\\Foundation\\Http\\Middleware\\ConvertEmptyStringsToNull.php:31</span></span> { &#8230;5}
      <span class=\"sf-dump-meta sf-dump-ellipsization\" title=\"E:\\xampp-8.2\\htdocs\\nexelit\\@core\\vendor\\laravel\\framework\\src\\Illuminate\\Pipeline\\Pipeline.php:219
Stack level 14.\"><span class=\"sf-dump-ellipsis sf-dump-ellipsis-path\">E:\\xampp-8.2\\htdocs\\nexelit\\@core\\vendor</span><span class=\"sf-dump-ellipsis sf-dump-ellipsis-path\">\\laravel\\framework\\</span><span class=\"sf-dump-ellipsis-tail\">src\\Illuminate\\Pipeline\\Pipeline.php:219</span></span> { &#8230;5}
      <span class=\"sf-dump-meta sf-dump-ellipsization\" title=\"E:\\xampp-8.2\\htdocs\\nexelit\\@core\\vendor\\laravel\\framework\\src\\Illuminate\\Foundation\\Http\\Middleware\\TransformsRequest.php:21
Stack level 13.\"><span class=\"sf-dump-ellipsis sf-dump-ellipsis-path\">E:\\xampp-8.2\\htdocs\\nexelit\\@core\\vendor</span><span class=\"sf-dump-ellipsis sf-dump-ellipsis-path\">\\laravel\\framework\\</span><span class=\"sf-dump-ellipsis-tail\">src\\Illuminate\\Foundation\\Http\\Middleware\\TransformsRequest.php:21</span></span> { &#8230;5}
      <span class=\"sf-dump-meta sf-dump-ellipsization\" title=\"E:\\xampp-8.2\\htdocs\\nexelit\\@core\\vendor\\laravel\\framework\\src\\Illuminate\\Foundation\\Http\\Middleware\\TrimStrings.php:51
Stack level 12.\"><span class=\"sf-dump-ellipsis sf-dump-ellipsis-path\">E:\\xampp-8.2\\htdocs\\nexelit\\@core\\vendor</span><span class=\"sf-dump-ellipsis sf-dump-ellipsis-path\">\\laravel\\framework\\</span><span class=\"sf-dump-ellipsis-tail\">src\\Illuminate\\Foundation\\Http\\Middleware\\TrimStrings.php:51</span></span> { &#8230;5}
      <span class=\"sf-dump-meta sf-dump-ellipsization\" title=\"E:\\xampp-8.2\\htdocs\\nexelit\\@core\\vendor\\laravel\\framework\\src\\Illuminate\\Pipeline\\Pipeline.php:219
Stack level 11.\"><span class=\"sf-dump-ellipsis sf-dump-ellipsis-path\">E:\\xampp-8.2\\htdocs\\nexelit\\@core\\vendor</span><span class=\"sf-dump-ellipsis sf-dump-ellipsis-path\">\\laravel\\framework\\</span><span class=\"sf-dump-ellipsis-tail\">src\\Illuminate\\Pipeline\\Pipeline.php:219</span></span> { &#8230;5}
      <span class=\"sf-dump-meta sf-dump-ellipsization\" title=\"E:\\xampp-8.2\\htdocs\\nexelit\\@core\\vendor\\laravel\\framework\\src\\Illuminate\\Http\\Middleware\\ValidatePostSize.php:27
Stack level 10.\"><span class=\"sf-dump-ellipsis sf-dump-ellipsis-path\">E:\\xampp-8.2\\htdocs\\nexelit\\@core\\vendor</span><span class=\"sf-dump-ellipsis sf-dump-ellipsis-path\">\\laravel\\framework\\</span><span class=\"sf-dump-ellipsis-tail\">src\\Illuminate\\Http\\Middleware\\ValidatePostSize.php:27</span></span> { &#8230;5}
      <span class=\"sf-dump-meta sf-dump-ellipsization\" title=\"E:\\xampp-8.2\\htdocs\\nexelit\\@core\\vendor\\laravel\\framework\\src\\Illuminate\\Pipeline\\Pipeline.php:219
Stack level 9.\"><span class=\"sf-dump-ellipsis sf-dump-ellipsis-path\">E:\\xampp-8.2\\htdocs\\nexelit\\@core\\vendor</span><span class=\"sf-dump-ellipsis sf-dump-ellipsis-path\">\\laravel\\framework\\</span><span class=\"sf-dump-ellipsis-tail\">src\\Illuminate\\Pipeline\\Pipeline.php:219</span></span> { &#8230;5}
      <span class=\"sf-dump-meta sf-dump-ellipsization\" title=\"E:\\xampp-8.2\\htdocs\\nexelit\\@core\\vendor\\laravel\\framework\\src\\Illuminate\\Foundation\\Http\\Middleware\\PreventRequestsDuringMaintenance.php:109
Stack level 8.\"><span class=\"sf-dump-ellipsis sf-dump-ellipsis-path\">E:\\xampp-8.2\\htdocs\\nexelit\\@core\\vendor</span><span class=\"sf-dump-ellipsis sf-dump-ellipsis-path\">\\laravel\\framework\\</span><span class=\"sf-dump-ellipsis-tail\">src\\Illuminate\\Foundation\\Http\\Middleware\\PreventRequestsDuringMaintenance.php:109</span></span> { &#8230;5}
      <span class=\"sf-dump-meta sf-dump-ellipsization\" title=\"E:\\xampp-8.2\\htdocs\\nexelit\\@core\\vendor\\laravel\\framework\\src\\Illuminate\\Pipeline\\Pipeline.php:219
Stack level 7.\"><span class=\"sf-dump-ellipsis sf-dump-ellipsis-path\">E:\\xampp-8.2\\htdocs\\nexelit\\@core\\vendor</span><span class=\"sf-dump-ellipsis sf-dump-ellipsis-path\">\\laravel\\framework\\</span><span class=\"sf-dump-ellipsis-tail\">src\\Illuminate\\Pipeline\\Pipeline.php:219</span></span> { &#8230;5}
      <span class=\"sf-dump-meta sf-dump-ellipsization\" title=\"E:\\xampp-8.2\\htdocs\\nexelit\\@core\\vendor\\laravel\\framework\\src\\Illuminate\\Http\\Middleware\\TrustProxies.php:58
Stack level 6.\"><span class=\"sf-dump-ellipsis sf-dump-ellipsis-path\">E:\\xampp-8.2\\htdocs\\nexelit\\@core\\vendor</span><span class=\"sf-dump-ellipsis sf-dump-ellipsis-path\">\\laravel\\framework\\</span><span class=\"sf-dump-ellipsis-tail\">src\\Illuminate\\Http\\Middleware\\TrustProxies.php:58</span></span> { &#8230;5}
      <span class=\"sf-dump-meta sf-dump-ellipsization\" title=\"E:\\xampp-8.2\\htdocs\\nexelit\\@core\\vendor\\laravel\\framework\\src\\Illuminate\\Pipeline\\Pipeline.php:219
Stack level 5.\"><span class=\"sf-dump-ellipsis sf-dump-ellipsis-path\">E:\\xampp-8.2\\htdocs\\nexelit\\@core\\vendor</span><span class=\"sf-dump-ellipsis sf-dump-ellipsis-path\">\\laravel\\framework\\</span><span class=\"sf-dump-ellipsis-tail\">src\\Illuminate\\Pipeline\\Pipeline.php:219</span></span> { &#8230;5}
      <span class=\"sf-dump-meta sf-dump-ellipsization\" title=\"E:\\xampp-8.2\\htdocs\\nexelit\\@core\\vendor\\laravel\\framework\\src\\Illuminate\\Pipeline\\Pipeline.php:137
Stack level 4.\"><span class=\"sf-dump-ellipsis sf-dump-ellipsis-path\">E:\\xampp-8.2\\htdocs\\nexelit\\@core\\vendor</span><span class=\"sf-dump-ellipsis sf-dump-ellipsis-path\">\\laravel\\framework\\</span><span class=\"sf-dump-ellipsis-tail\">src\\Illuminate\\Pipeline\\Pipeline.php:137</span></span> { &#8230;5}
      <span class=\"sf-dump-meta sf-dump-ellipsization\" title=\"E:\\xampp-8.2\\htdocs\\nexelit\\@core\\vendor\\laravel\\framework\\src\\Illuminate\\Foundation\\Http\\Kernel.php:175
Stack level 3.\"><span class=\"sf-dump-ellipsis sf-dump-ellipsis-path\">E:\\xampp-8.2\\htdocs\\nexelit\\@core\\vendor</span><span class=\"sf-dump-ellipsis sf-dump-ellipsis-path\">\\laravel\\framework\\</span><span class=\"sf-dump-ellipsis-tail\">src\\Illuminate\\Foundation\\Http\\Kernel.php:175</span></span> { &#8230;5}
      <span class=\"sf-dump-meta sf-dump-ellipsization\" title=\"E:\\xampp-8.2\\htdocs\\nexelit\\@core\\vendor\\laravel\\framework\\src\\Illuminate\\Foundation\\Http\\Kernel.php:144
Stack level 2.\"><span class=\"sf-dump-ellipsis sf-dump-ellipsis-path\">E:\\xampp-8.2\\htdocs\\nexelit\\@core\\vendor</span><span class=\"sf-dump-ellipsis sf-dump-ellipsis-path\">\\laravel\\framework\\</span><span class=\"sf-dump-ellipsis-tail\">src\\Illuminate\\Foundation\\Http\\Kernel.php:144</span></span> { &#8230;5}
      <span class=\"sf-dump-meta sf-dump-ellipsization\" title=\"E:\\xampp-8.2\\htdocs\\nexelit\\index.php:54
Stack level 1.\"><span class=\"sf-dump-ellipsis sf-dump-ellipsis-path\">E:\\xampp-8.2\\htdocs</span><span class=\"sf-dump-ellipsis sf-dump-ellipsis-path\">\\</span><span class=\"sf-dump-ellipsis-tail\">nexelit\\index.php:54</span></span> { &#8230;4}
    </samp>}
  </samp>}
  -<span class=sf-dump-private title=\"Private property defined in class:&#10;`Symfony\\Component\\HttpKernel\\Exception\\HttpException`\">statusCode</span>: <span class=sf-dump-num>500</span>
  -<span class=sf-dump-private title=\"Private property defined in class:&#10;`Symfony\\Component\\HttpKernel\\Exception\\HttpException`\">headers</span>: []
  <span class=sf-dump-meta>trace</span>: {<samp data-depth=2 class=sf-dump-compact>
    <span class=\"sf-dump-meta sf-dump-ellipsization\" title=\"E:\\xampp-8.2\\htdocs\\nexelit\\@core\\vendor\\laravel\\framework\\src\\Illuminate\\Foundation\\Exceptions\\Handler.php:844
Stack level 33.\"><span class=\"sf-dump-ellipsis sf-dump-ellipsis-path\">E:\\xampp-8.2\\htdocs\\nexelit\\@core\\vendor</span><span class=\"sf-dump-ellipsis sf-dump-ellipsis-path\">\\laravel\\framework\\</span><span class=\"sf-dump-ellipsis-tail\">src\\Illuminate\\Foundation\\Exceptions\\Handler.php:844</span></span> {<samp data-depth=3 class=sf-dump-compact>
      <span class=\"sf-dump-note sf-dump-ellipsization\" title=\"Illuminate\\Foundation\\Exceptions\\Handler-&gt;prepareResponse($request, Throwable $e)
\"><span class=\"sf-dump-ellipsis sf-dump-ellipsis-note\">Illuminate\\Foundation\\Exceptions</span><span class=\"sf-dump-ellipsis sf-dump-ellipsis-note\">\\</span><span class=\"sf-dump-ellipsis-tail\">Handler-&gt;prepareResponse($request, Throwable $e)</span></span> &#8230;
      &#8250; <code class=\"php\"><span class=sf-dump-default>if (! $this-&gt;isHttpException($e)) {</span></code>
      &#8250; <code class=\"php\"><span class=sf-dump-const title=\"in Illuminate\\Foundation\\Exceptions\\Handler-&gt;prepareResponse($request, Throwable $e)\">    $e = new HttpException(500, $e-&gt;getMessage(), $e);</span></code>
      &#8250; <code class=\"php\"><span class=sf-dump-default>}</span></code>
    </samp>}
    <span class=\"sf-dump-meta sf-dump-ellipsization\" title=\"E:\\xampp-8.2\\htdocs\\nexelit\\@core\\vendor\\laravel\\framework\\src\\Illuminate\\Foundation\\Exceptions\\Handler.php:739
Stack level 32.\"><span class=\"sf-dump-ellipsis sf-dump-ellipsis-path\">E:\\xampp-8.2\\htdocs\\nexelit\\@core\\vendor</span><span class=\"sf-dump-ellipsis sf-dump-ellipsis-path\">\\laravel\\framework\\</span><span class=\"sf-dump-ellipsis-tail\">src\\Illuminate\\Foundation\\Exceptions\\Handler.php:739</span></span> {<samp data-depth=3 class=sf-dump-compact>
      <span class=\"sf-dump-note sf-dump-ellipsization\" title=\"Illuminate\\Foundation\\Exceptions\\Handler-&gt;renderExceptionResponse($request, Throwable $e)
\"><span class=\"sf-dump-ellipsis sf-dump-ellipsis-note\">Illuminate\\Foundation\\Exceptions</span><span class=\"sf-dump-ellipsis sf-dump-ellipsis-note\">\\</span><span class=\"sf-dump-ellipsis-tail\">Handler-&gt;renderExceptionResponse($request, Throwable $e)</span></span> &#8230;
      &#8250; <code class=\"php\"><span class=sf-dump-default>        ? $this-&gt;prepareJsonResponse($request, $e)</span></code>
      &#8250; <code class=\"php\"><span class=sf-dump-const title=\"in Illuminate\\Foundation\\Exceptions\\Handler-&gt;renderExceptionResponse($request, Throwable $e)\">        : $this-&gt;prepareResponse($request, $e);</span></code>
      &#8250; <code class=\"php\"><span class=sf-dump-default>}</span></code>
      <span class=sf-dump-meta>arguments</span>: { &#8230;2}
    </samp>}
    <span class=\"sf-dump-meta sf-dump-ellipsization\" title=\"E:\\xampp-8.2\\htdocs\\nexelit\\@core\\vendor\\laravel\\framework\\src\\Illuminate\\Foundation\\Exceptions\\Handler.php:627
Stack level 31.\"><span class=\"sf-dump-ellipsis sf-dump-ellipsis-path\">E:\\xampp-8.2\\htdocs\\nexelit\\@core\\vendor</span><span class=\"sf-dump-ellipsis sf-dump-ellipsis-path\">\\laravel\\framework\\</span><span class=\"sf-dump-ellipsis-tail\">src\\Illuminate\\Foundation\\Exceptions\\Handler.php:627</span></span> {<samp data-depth=3 class=sf-dump-compact>
      <span class=\"sf-dump-note sf-dump-ellipsization\" title=\"Illuminate\\Foundation\\Exceptions\\Handler-&gt;render($request, Throwable $e)
\"><span class=\"sf-dump-ellipsis sf-dump-ellipsis-note\">Illuminate\\Foundation\\Exceptions</span><span class=\"sf-dump-ellipsis sf-dump-ellipsis-note\">\\</span><span class=\"sf-dump-ellipsis-tail\">Handler-&gt;render($request, Throwable $e)</span></span> &#8230;
      &#8250; <code class=\"php\"><span class=sf-dump-default>    $e instanceof ValidationException =&gt; $this-&gt;convertValidationExceptionToResponse($e, $request),</span></code>
      &#8250; <code class=\"php\"><span class=sf-dump-const title=\"in Illuminate\\Foundation\\Exceptions\\Handler-&gt;render($request, Throwable $e)\">    default =&gt; $this-&gt;renderExceptionResponse($request, $e),</span></code>
      &#8250; <code class=\"php\"><span class=sf-dump-default>}, $e);</span></code>
      <span class=sf-dump-meta>arguments</span>: { &#8230;2}
    </samp>}
    <span class=\"sf-dump-meta sf-dump-ellipsization\" title=\"E:\\xampp-8.2\\htdocs\\nexelit\\@core\\app\\Exceptions\\Handler.php:36
Stack level 30.\"><span class=\"sf-dump-ellipsis sf-dump-ellipsis-path\">E:\\xampp-8.2\\htdocs\\nexelit\\@core</span><span class=\"sf-dump-ellipsis sf-dump-ellipsis-path\">\\</span><span class=\"sf-dump-ellipsis-tail\">app\\Exceptions\\Handler.php:36</span></span> {<samp data-depth=3 class=sf-dump-compact>
      <span class=\"sf-dump-note sf-dump-ellipsization\" title=\"App\\Exceptions\\Handler-&gt;render($request, Throwable $exception)
\"><span class=\"sf-dump-ellipsis sf-dump-ellipsis-note\">App\\Exceptions</span><span class=\"sf-dump-ellipsis sf-dump-ellipsis-note\">\\</span><span class=\"sf-dump-ellipsis-tail\">Handler-&gt;render($request, Throwable $exception)</span></span> &#8230;
      &#8250; <code class=\"php\"><span class=sf-dump-default>    }</span></code>
      &#8250; <code class=\"php\"><span class=sf-dump-const title=\"in App\\Exceptions\\Handler-&gt;render($request, Throwable $exception)\">    return parent::render($request, $exception);</span></code>
      &#8250; <code class=\"php\"><span class=sf-dump-default>}</span></code>
      <span class=sf-dump-meta>arguments</span>: { &#8230;2}
    </samp>}
    <span class=\"sf-dump-meta sf-dump-ellipsization\" title=\"E:\\xampp-8.2\\htdocs\\nexelit\\@core\\vendor\\laravel\\framework\\src\\Illuminate\\Routing\\Pipeline.php:51
Stack level 29.\"><span class=\"sf-dump-ellipsis sf-dump-ellipsis-path\">E:\\xampp-8.2\\htdocs\\nexelit\\@core\\vendor</span><span class=\"sf-dump-ellipsis sf-dump-ellipsis-path\">\\laravel\\framework\\</span><span class=\"sf-dump-ellipsis-tail\">src\\Illuminate\\Routing\\Pipeline.php:51</span></span> {<samp data-depth=3 class=sf-dump-compact>
      <span class=\"sf-dump-note sf-dump-ellipsization\" title=\"Illuminate\\Routing\\Pipeline-&gt;handleException($passable, Throwable $e)
\"><span class=\"sf-dump-ellipsis sf-dump-ellipsis-note\">Illuminate\\Routing</span><span class=\"sf-dump-ellipsis sf-dump-ellipsis-note\">\\</span><span class=\"sf-dump-ellipsis-tail\">Pipeline-&gt;handleException($passable, Throwable $e)</span></span> &#8230;
      &#8250; 
      &#8250; <code class=\"php\"><span class=sf-dump-const title=\"in Illuminate\\Routing\\Pipeline-&gt;handleException($passable, Throwable $e)\">$response = $handler-&gt;render($passable, $e);</span></code>
      &#8250; 
      <span class=sf-dump-meta>arguments</span>: { &#8230;2}
    </samp>}
    <span class=\"sf-dump-meta sf-dump-ellipsization\" title=\"E:\\xampp-8.2\\htdocs\\nexelit\\@core\\vendor\\laravel\\framework\\src\\Illuminate\\Pipeline\\Pipeline.php:224
Stack level 28.\"><span class=\"sf-dump-ellipsis sf-dump-ellipsis-path\">E:\\xampp-8.2\\htdocs\\nexelit\\@core\\vendor</span><span class=\"sf-dump-ellipsis sf-dump-ellipsis-path\">\\laravel\\framework\\</span><span class=\"sf-dump-ellipsis-tail\">src\\Illuminate\\Pipeline\\Pipeline.php:224</span></span> {<samp data-depth=3 class=sf-dump-compact>
      <span class=\"sf-dump-note sf-dump-ellipsization\" title=\"Illuminate\\Pipeline\\Pipeline-&gt;Illuminate\\Pipeline\\{closure}
\"><span class=\"sf-dump-ellipsis sf-dump-ellipsis-note\">Illuminate\\Pipeline\\Pipeline-&gt;Illuminate\\Pipeline</span><span class=\"sf-dump-ellipsis sf-dump-ellipsis-note\">\\</span><span class=\"sf-dump-ellipsis-tail\">{closure}</span></span> &#8230;
      &#8250; <code class=\"php\"><span class=sf-dump-default>} catch (Throwable $e) {</span></code>
      &#8250; <code class=\"php\"><span class=sf-dump-const title=\"in Illuminate\\Pipeline\\Pipeline-&gt;Illuminate\\Pipeline\\{closure}\">    return $this-&gt;handleException($passable, $e);</span></code>
      &#8250; <code class=\"php\"><span class=sf-dump-default>}</span></code>
      <span class=sf-dump-meta>arguments</span>: { &#8230;2}
    </samp>}
    <span class=\"sf-dump-meta sf-dump-ellipsization\" title=\"E:\\xampp-8.2\\htdocs\\nexelit\\@core\\vendor\\laravel\\framework\\src\\Illuminate\\Pipeline\\Pipeline.php:137
Stack level 27.\"><span class=\"sf-dump-ellipsis sf-dump-ellipsis-path\">E:\\xampp-8.2\\htdocs\\nexelit\\@core\\vendor</span><span class=\"sf-dump-ellipsis sf-dump-ellipsis-path\">\\laravel\\framework\\</span><span class=\"sf-dump-ellipsis-tail\">src\\Illuminate\\Pipeline\\Pipeline.php:137</span></span> {<samp data-depth=3 class=sf-dump-compact>
      <span class=\"sf-dump-note sf-dump-ellipsization\" title=\"Illuminate\\Pipeline\\Pipeline-&gt;then(Closure $destination)
\"><span class=\"sf-dump-ellipsis sf-dump-ellipsis-note\">Illuminate\\Pipeline</span><span class=\"sf-dump-ellipsis sf-dump-ellipsis-note\">\\</span><span class=\"sf-dump-ellipsis-tail\">Pipeline-&gt;then(Closure $destination)</span></span> &#8230;
      &#8250; <code class=\"php\"><span class=sf-dump-default>        ? $this-&gt;getContainer()-&gt;make(&#039;db&#039;)-&gt;connection($this-&gt;withinTransaction)-&gt;transaction(fn () =&gt; $pipeline($this-&gt;passable))</span></code>
      &#8250; <code class=\"php\"><span class=sf-dump-const title=\"in Illuminate\\Pipeline\\Pipeline-&gt;then(Closure $destination)\">        : $pipeline($this-&gt;passable);</span></code>
      &#8250; <code class=\"php\"><span class=sf-dump-default>} finally {</span></code>
      <span class=sf-dump-meta>arguments</span>: { &#8230;1}
    </samp>}
    <span class=\"sf-dump-meta sf-dump-ellipsization\" title=\"E:\\xampp-8.2\\htdocs\\nexelit\\@core\\vendor\\laravel\\framework\\src\\Illuminate\\Routing\\Router.php:821
Stack level 26.\"><span class=\"sf-dump-ellipsis sf-dump-ellipsis-path\">E:\\xampp-8.2\\htdocs\\nexelit\\@core\\vendor</span><span class=\"sf-dump-ellipsis sf-dump-ellipsis-path\">\\laravel\\framework\\</span><span class=\"sf-dump-ellipsis-tail\">src\\Illuminate\\Routing\\Router.php:821</span></span> {<samp data-depth=3 class=sf-dump-compact>
      <span class=\"sf-dump-note sf-dump-ellipsization\" title=\"Illuminate\\Routing\\Router-&gt;runRouteWithinStack(Route $route, Request $request)
\"><span class=\"sf-dump-ellipsis sf-dump-ellipsis-note\">Illuminate\\Routing</span><span class=\"sf-dump-ellipsis sf-dump-ellipsis-note\">\\</span><span class=\"sf-dump-ellipsis-tail\">Router-&gt;runRouteWithinStack(Route $route, Request $request)</span></span> &#8230;
      &#8250; <code class=\"php\"><span class=sf-dump-default>-&gt;through($middleware)</span></code>
      &#8250; <code class=\"php\"><span class=sf-dump-const title=\"in Illuminate\\Routing\\Router-&gt;runRouteWithinStack(Route $route, Request $request)\">-&gt;then(fn ($request) =&gt; $this-&gt;prepareResponse(</span></code>
      &#8250; <code class=\"php\"><span class=sf-dump-default>    $request, $route-&gt;run()</span></code>
      <span class=sf-dump-meta>arguments</span>: { &#8230;1}
    </samp>}
    <span class=\"sf-dump-meta sf-dump-ellipsization\" title=\"E:\\xampp-8.2\\htdocs\\nexelit\\@core\\vendor\\laravel\\framework\\src\\Illuminate\\Routing\\Router.php:800
Stack level 25.\"><span class=\"sf-dump-ellipsis sf-dump-ellipsis-path\">E:\\xampp-8.2\\htdocs\\nexelit\\@core\\vendor</span><span class=\"sf-dump-ellipsis sf-dump-ellipsis-path\">\\laravel\\framework\\</span><span class=\"sf-dump-ellipsis-tail\">src\\Illuminate\\Routing\\Router.php:800</span></span> {<samp data-depth=3 class=sf-dump-compact>
      <span class=\"sf-dump-note sf-dump-ellipsization\" title=\"Illuminate\\Routing\\Router-&gt;runRoute(Request $request, Route $route)
\"><span class=\"sf-dump-ellipsis sf-dump-ellipsis-note\">Illuminate\\Routing</span><span class=\"sf-dump-ellipsis sf-dump-ellipsis-note\">\\</span><span class=\"sf-dump-ellipsis-tail\">Router-&gt;runRoute(Request $request, Route $route)</span></span> &#8230;
      &#8250; <code class=\"php\"><span class=sf-dump-default>return $this-&gt;prepareResponse($request,</span></code>
      &#8250; <code class=\"php\"><span class=sf-dump-const title=\"in Illuminate\\Routing\\Router-&gt;runRoute(Request $request, Route $route)\">    $this-&gt;runRouteWithinStack($route, $request)</span></code>
      &#8250; <code class=\"php\"><span class=sf-dump-default>);</span></code>
      <span class=sf-dump-meta>arguments</span>: { &#8230;2}
    </samp>}
    <span class=\"sf-dump-meta sf-dump-ellipsization\" title=\"E:\\xampp-8.2\\htdocs\\nexelit\\@core\\vendor\\laravel\\framework\\src\\Illuminate\\Routing\\Router.php:764
Stack level 24.\"><span class=\"sf-dump-ellipsis sf-dump-ellipsis-path\">E:\\xampp-8.2\\htdocs\\nexelit\\@core\\vendor</span><span class=\"sf-dump-ellipsis sf-dump-ellipsis-path\">\\laravel\\framework\\</span><span class=\"sf-dump-ellipsis-tail\">src\\Illuminate\\Routing\\Router.php:764</span></span> {<samp data-depth=3 class=sf-dump-compact>
      <span class=\"sf-dump-note sf-dump-ellipsization\" title=\"Illuminate\\Routing\\Router-&gt;dispatchToRoute(Request $request)
\"><span class=\"sf-dump-ellipsis sf-dump-ellipsis-note\">Illuminate\\Routing</span><span class=\"sf-dump-ellipsis sf-dump-ellipsis-note\">\\</span><span class=\"sf-dump-ellipsis-tail\">Router-&gt;dispatchToRoute(Request $request)</span></span> &#8230;
      &#8250; <code class=\"php\"><span class=sf-dump-default>{</span></code>
      &#8250; <code class=\"php\"><span class=sf-dump-const title=\"in Illuminate\\Routing\\Router-&gt;dispatchToRoute(Request $request)\">    return $this-&gt;runRoute($request, $this-&gt;findRoute($request));</span></code>
      &#8250; <code class=\"php\"><span class=sf-dump-default>}</span></code>
      <span class=sf-dump-meta>arguments</span>: { &#8230;2}
    </samp>}
    <span class=\"sf-dump-meta sf-dump-ellipsization\" title=\"E:\\xampp-8.2\\htdocs\\nexelit\\@core\\vendor\\laravel\\framework\\src\\Illuminate\\Routing\\Router.php:753
Stack level 23.\"><span class=\"sf-dump-ellipsis sf-dump-ellipsis-path\">E:\\xampp-8.2\\htdocs\\nexelit\\@core\\vendor</span><span class=\"sf-dump-ellipsis sf-dump-ellipsis-path\">\\laravel\\framework\\</span><span class=\"sf-dump-ellipsis-tail\">src\\Illuminate\\Routing\\Router.php:753</span></span> {<samp data-depth=3 class=sf-dump-compact>
      <span class=\"sf-dump-note sf-dump-ellipsization\" title=\"Illuminate\\Routing\\Router-&gt;dispatch(Request $request)
\"><span class=\"sf-dump-ellipsis sf-dump-ellipsis-note\">Illuminate\\Routing</span><span class=\"sf-dump-ellipsis sf-dump-ellipsis-note\">\\</span><span class=\"sf-dump-ellipsis-tail\">Router-&gt;dispatch(Request $request)</span></span> &#8230;
      &#8250; 
      &#8250; <code class=\"php\"><span class=sf-dump-const title=\"in Illuminate\\Routing\\Router-&gt;dispatch(Request $request)\">    return $this-&gt;dispatchToRoute($request);</span></code>
      &#8250; <code class=\"php\"><span class=sf-dump-default>}</span></code>
      <span class=sf-dump-meta>arguments</span>: { &#8230;1}
    </samp>}
    <span class=\"sf-dump-meta sf-dump-ellipsization\" title=\"E:\\xampp-8.2\\htdocs\\nexelit\\@core\\vendor\\laravel\\framework\\src\\Illuminate\\Foundation\\Http\\Kernel.php:200
Stack level 22.\"><span class=\"sf-dump-ellipsis sf-dump-ellipsis-path\">E:\\xampp-8.2\\htdocs\\nexelit\\@core\\vendor</span><span class=\"sf-dump-ellipsis sf-dump-ellipsis-path\">\\laravel\\framework\\</span><span class=\"sf-dump-ellipsis-tail\">src\\Illuminate\\Foundation\\Http\\Kernel.php:200</span></span> {<samp data-depth=3 class=sf-dump-compact>
      <span class=\"sf-dump-note sf-dump-ellipsization\" title=\"Illuminate\\Foundation\\Http\\Kernel-&gt;Illuminate\\Foundation\\Http\\{closure}
\"><span class=\"sf-dump-ellipsis sf-dump-ellipsis-note\">Illuminate\\Foundation\\Http\\Kernel-&gt;Illuminate\\Foundation\\Http</span><span class=\"sf-dump-ellipsis sf-dump-ellipsis-note\">\\</span><span class=\"sf-dump-ellipsis-tail\">{closure}</span></span> &#8230;
      &#8250; 
      &#8250; <code class=\"php\"><span class=sf-dump-const title=\"in Illuminate\\Foundation\\Http\\Kernel-&gt;Illuminate\\Foundation\\Http\\{closure}\">    return $this-&gt;router-&gt;dispatch($request);</span></code>
      &#8250; <code class=\"php\"><span class=sf-dump-default>};</span></code>
      <span class=sf-dump-meta>arguments</span>: { &#8230;1}
    </samp>}
    <span class=\"sf-dump-meta sf-dump-ellipsization\" title=\"E:\\xampp-8.2\\htdocs\\nexelit\\@core\\vendor\\laravel\\framework\\src\\Illuminate\\Pipeline\\Pipeline.php:180
Stack level 21.\"><span class=\"sf-dump-ellipsis sf-dump-ellipsis-path\">E:\\xampp-8.2\\htdocs\\nexelit\\@core\\vendor</span><span class=\"sf-dump-ellipsis sf-dump-ellipsis-path\">\\laravel\\framework\\</span><span class=\"sf-dump-ellipsis-tail\">src\\Illuminate\\Pipeline\\Pipeline.php:180</span></span> {<samp data-depth=3 class=sf-dump-compact>
      <span class=\"sf-dump-note sf-dump-ellipsization\" title=\"Illuminate\\Pipeline\\Pipeline-&gt;Illuminate\\Pipeline\\{closure}
\"><span class=\"sf-dump-ellipsis sf-dump-ellipsis-note\">Illuminate\\Pipeline\\Pipeline-&gt;Illuminate\\Pipeline</span><span class=\"sf-dump-ellipsis sf-dump-ellipsis-note\">\\</span><span class=\"sf-dump-ellipsis-tail\">{closure}</span></span> &#8230;
      &#8250; <code class=\"php\"><span class=sf-dump-default>try {</span></code>
      &#8250; <code class=\"php\"><span class=sf-dump-const title=\"in Illuminate\\Pipeline\\Pipeline-&gt;Illuminate\\Pipeline\\{closure}\">    return $destination($passable);</span></code>
      &#8250; <code class=\"php\"><span class=sf-dump-default>} catch (Throwable $e) {</span></code>
      <span class=sf-dump-meta>arguments</span>: { &#8230;1}
    </samp>}
    <span class=\"sf-dump-meta sf-dump-ellipsization\" title=\"E:\\xampp-8.2\\htdocs\\nexelit\\@core\\vendor\\barryvdh\\laravel-debugbar\\src\\Middleware\\InjectDebugbar.php:59
Stack level 20.\"><span class=\"sf-dump-ellipsis sf-dump-ellipsis-path\">E:\\xampp-8.2\\htdocs\\nexelit\\@core\\vendor</span><span class=\"sf-dump-ellipsis sf-dump-ellipsis-path\">\\barryvdh\\laravel-debugbar\\</span><span class=\"sf-dump-ellipsis-tail\">src\\Middleware\\InjectDebugbar.php:59</span></span> {<samp data-depth=3 class=sf-dump-compact>
      <span class=\"sf-dump-note sf-dump-ellipsization\" title=\"Barryvdh\\Debugbar\\Middleware\\InjectDebugbar-&gt;handle($request, Closure $next)
\"><span class=\"sf-dump-ellipsis sf-dump-ellipsis-note\">Barryvdh\\Debugbar\\Middleware</span><span class=\"sf-dump-ellipsis sf-dump-ellipsis-note\">\\</span><span class=\"sf-dump-ellipsis-tail\">InjectDebugbar-&gt;handle($request, Closure $next)</span></span> &#8230;
      &#8250; <code class=\"php\"><span class=sf-dump-default>if (!$this-&gt;debugbar-&gt;isEnabled() || $this-&gt;inExceptArray($request)) {</span></code>
      &#8250; <code class=\"php\"><span class=sf-dump-const title=\"in Barryvdh\\Debugbar\\Middleware\\InjectDebugbar-&gt;handle($request, Closure $next)\">    return $next($request);</span></code>
      &#8250; <code class=\"php\"><span class=sf-dump-default>}</span></code>
      <span class=sf-dump-meta>arguments</span>: { &#8230;1}
    </samp>}
    <span class=\"sf-dump-meta sf-dump-ellipsization\" title=\"E:\\xampp-8.2\\htdocs\\nexelit\\@core\\vendor\\laravel\\framework\\src\\Illuminate\\Pipeline\\Pipeline.php:219
Stack level 19.\"><span class=\"sf-dump-ellipsis sf-dump-ellipsis-path\">E:\\xampp-8.2\\htdocs\\nexelit\\@core\\vendor</span><span class=\"sf-dump-ellipsis sf-dump-ellipsis-path\">\\laravel\\framework\\</span><span class=\"sf-dump-ellipsis-tail\">src\\Illuminate\\Pipeline\\Pipeline.php:219</span></span> {<samp data-depth=3 class=sf-dump-compact>
      <span class=\"sf-dump-note sf-dump-ellipsization\" title=\"Illuminate\\Pipeline\\Pipeline-&gt;Illuminate\\Pipeline\\{closure}
\"><span class=\"sf-dump-ellipsis sf-dump-ellipsis-note\">Illuminate\\Pipeline\\Pipeline-&gt;Illuminate\\Pipeline</span><span class=\"sf-dump-ellipsis sf-dump-ellipsis-note\">\\</span><span class=\"sf-dump-ellipsis-tail\">{closure}</span></span> &#8230;
      &#8250; <code class=\"php\"><span class=sf-dump-default>$carry = method_exists($pipe, $this-&gt;method)</span></code>
      &#8250; <code class=\"php\"><span class=sf-dump-const title=\"in Illuminate\\Pipeline\\Pipeline-&gt;Illuminate\\Pipeline\\{closure}\">    ? $pipe-&gt;{$this-&gt;method}(...$parameters)</span></code>
      &#8250; <code class=\"php\"><span class=sf-dump-default>    : $pipe(...$parameters);</span></code>
      <span class=sf-dump-meta>arguments</span>: { &#8230;2}
    </samp>}
    <span class=\"sf-dump-meta sf-dump-ellipsization\" title=\"E:\\xampp-8.2\\htdocs\\nexelit\\@core\\vendor\\xgenious\\installer\\src\\Http\\Middleware\\InstallerMiddleware.php:18
Stack level 18.\"><span class=\"sf-dump-ellipsis sf-dump-ellipsis-path\">E:\\xampp-8.2\\htdocs\\nexelit\\@core\\vendor</span><span class=\"sf-dump-ellipsis sf-dump-ellipsis-path\">\\xgenious\\installer\\</span><span class=\"sf-dump-ellipsis-tail\">src\\Http\\Middleware\\InstallerMiddleware.php:18</span></span> {<samp data-depth=3 class=sf-dump-compact>
      <span class=\"sf-dump-note sf-dump-ellipsization\" title=\"Xgenious\\Installer\\Http\\Middleware\\InstallerMiddleware-&gt;handle($request, Closure $next)
\"><span class=\"sf-dump-ellipsis sf-dump-ellipsis-note\">Xgenious\\Installer\\Http\\Middleware</span><span class=\"sf-dump-ellipsis sf-dump-ellipsis-note\">\\</span><span class=\"sf-dump-ellipsis-tail\">InstallerMiddleware-&gt;handle($request, Closure $next)</span></span> &#8230;
      &#8250; 
      &#8250; <code class=\"php\"><span class=sf-dump-const title=\"in Xgenious\\Installer\\Http\\Middleware\\InstallerMiddleware-&gt;handle($request, Closure $next)\">    return $next($request);</span></code>
      &#8250; <code class=\"php\"><span class=sf-dump-default>}</span></code>
      <span class=sf-dump-meta>arguments</span>: { &#8230;1}
    </samp>}
    <span class=\"sf-dump-meta sf-dump-ellipsization\" title=\"E:\\xampp-8.2\\htdocs\\nexelit\\@core\\vendor\\laravel\\framework\\src\\Illuminate\\Pipeline\\Pipeline.php:219
Stack level 17.\"><span class=\"sf-dump-ellipsis sf-dump-ellipsis-path\">E:\\xampp-8.2\\htdocs\\nexelit\\@core\\vendor</span><span class=\"sf-dump-ellipsis sf-dump-ellipsis-path\">\\laravel\\framework\\</span><span class=\"sf-dump-ellipsis-tail\">src\\Illuminate\\Pipeline\\Pipeline.php:219</span></span> {<samp data-depth=3 class=sf-dump-compact>
      <span class=\"sf-dump-note sf-dump-ellipsization\" title=\"Illuminate\\Pipeline\\Pipeline-&gt;Illuminate\\Pipeline\\{closure}
\"><span class=\"sf-dump-ellipsis sf-dump-ellipsis-note\">Illuminate\\Pipeline\\Pipeline-&gt;Illuminate\\Pipeline</span><span class=\"sf-dump-ellipsis sf-dump-ellipsis-note\">\\</span><span class=\"sf-dump-ellipsis-tail\">{closure}</span></span> &#8230;
      &#8250; <code class=\"php\"><span class=sf-dump-default>$carry = method_exists($pipe, $this-&gt;method)</span></code>
      &#8250; <code class=\"php\"><span class=sf-dump-const title=\"in Illuminate\\Pipeline\\Pipeline-&gt;Illuminate\\Pipeline\\{closure}\">    ? $pipe-&gt;{$this-&gt;method}(...$parameters)</span></code>
      &#8250; <code class=\"php\"><span class=sf-dump-default>    : $pipe(...$parameters);</span></code>
      <span class=sf-dump-meta>arguments</span>: { &#8230;2}
    </samp>}
    <span class=\"sf-dump-meta sf-dump-ellipsization\" title=\"E:\\xampp-8.2\\htdocs\\nexelit\\@core\\vendor\\laravel\\framework\\src\\Illuminate\\Foundation\\Http\\Middleware\\TransformsRequest.php:21
Stack level 16.\"><span class=\"sf-dump-ellipsis sf-dump-ellipsis-path\">E:\\xampp-8.2\\htdocs\\nexelit\\@core\\vendor</span><span class=\"sf-dump-ellipsis sf-dump-ellipsis-path\">\\laravel\\framework\\</span><span class=\"sf-dump-ellipsis-tail\">src\\Illuminate\\Foundation\\Http\\Middleware\\TransformsRequest.php:21</span></span> {<samp data-depth=3 class=sf-dump-compact>
      <span class=\"sf-dump-note sf-dump-ellipsization\" title=\"Illuminate\\Foundation\\Http\\Middleware\\TransformsRequest-&gt;handle($request, Closure $next)
\"><span class=\"sf-dump-ellipsis sf-dump-ellipsis-note\">Illuminate\\Foundation\\Http\\Middleware</span><span class=\"sf-dump-ellipsis sf-dump-ellipsis-note\">\\</span><span class=\"sf-dump-ellipsis-tail\">TransformsRequest-&gt;handle($request, Closure $next)</span></span> &#8230;
      &#8250; 
      &#8250; <code class=\"php\"><span class=sf-dump-const title=\"in Illuminate\\Foundation\\Http\\Middleware\\TransformsRequest-&gt;handle($request, Closure $next)\">    return $next($request);</span></code>
      &#8250; <code class=\"php\"><span class=sf-dump-default>}</span></code>
      <span class=sf-dump-meta>arguments</span>: { &#8230;1}
    </samp>}
    <span class=\"sf-dump-meta sf-dump-ellipsization\" title=\"E:\\xampp-8.2\\htdocs\\nexelit\\@core\\vendor\\laravel\\framework\\src\\Illuminate\\Foundation\\Http\\Middleware\\ConvertEmptyStringsToNull.php:31
Stack level 15.\"><span class=\"sf-dump-ellipsis sf-dump-ellipsis-path\">E:\\xampp-8.2\\htdocs\\nexelit\\@core\\vendor</span><span class=\"sf-dump-ellipsis sf-dump-ellipsis-path\">\\laravel\\framework\\</span><span class=\"sf-dump-ellipsis-tail\">src\\Illuminate\\Foundation\\Http\\Middleware\\ConvertEmptyStringsToNull.php:31</span></span> {<samp data-depth=3 class=sf-dump-compact>
      <span class=\"sf-dump-note sf-dump-ellipsization\" title=\"Illuminate\\Foundation\\Http\\Middleware\\ConvertEmptyStringsToNull-&gt;handle($request, Closure $next)
\"><span class=\"sf-dump-ellipsis sf-dump-ellipsis-note\">Illuminate\\Foundation\\Http\\Middleware</span><span class=\"sf-dump-ellipsis sf-dump-ellipsis-note\">\\</span><span class=\"sf-dump-ellipsis-tail\">ConvertEmptyStringsToNull-&gt;handle($request, Closure $next)</span></span> &#8230;
      &#8250; 
      &#8250; <code class=\"php\"><span class=sf-dump-const title=\"in Illuminate\\Foundation\\Http\\Middleware\\ConvertEmptyStringsToNull-&gt;handle($request, Closure $next)\">    return parent::handle($request, $next);</span></code>
      &#8250; <code class=\"php\"><span class=sf-dump-default>}</span></code>
      <span class=sf-dump-meta>arguments</span>: { &#8230;2}
    </samp>}
    <span class=\"sf-dump-meta sf-dump-ellipsization\" title=\"E:\\xampp-8.2\\htdocs\\nexelit\\@core\\vendor\\laravel\\framework\\src\\Illuminate\\Pipeline\\Pipeline.php:219
Stack level 14.\"><span class=\"sf-dump-ellipsis sf-dump-ellipsis-path\">E:\\xampp-8.2\\htdocs\\nexelit\\@core\\vendor</span><span class=\"sf-dump-ellipsis sf-dump-ellipsis-path\">\\laravel\\framework\\</span><span class=\"sf-dump-ellipsis-tail\">src\\Illuminate\\Pipeline\\Pipeline.php:219</span></span> {<samp data-depth=3 class=sf-dump-compact>
      <span class=\"sf-dump-note sf-dump-ellipsization\" title=\"Illuminate\\Pipeline\\Pipeline-&gt;Illuminate\\Pipeline\\{closure}
\"><span class=\"sf-dump-ellipsis sf-dump-ellipsis-note\">Illuminate\\Pipeline\\Pipeline-&gt;Illuminate\\Pipeline</span><span class=\"sf-dump-ellipsis sf-dump-ellipsis-note\">\\</span><span class=\"sf-dump-ellipsis-tail\">{closure}</span></span> &#8230;
      &#8250; <code class=\"php\"><span class=sf-dump-default>$carry = method_exists($pipe, $this-&gt;method)</span></code>
      &#8250; <code class=\"php\"><span class=sf-dump-const title=\"in Illuminate\\Pipeline\\Pipeline-&gt;Illuminate\\Pipeline\\{closure}\">    ? $pipe-&gt;{$this-&gt;method}(...$parameters)</span></code>
      &#8250; <code class=\"php\"><span class=sf-dump-default>    : $pipe(...$parameters);</span></code>
      <span class=sf-dump-meta>arguments</span>: { &#8230;2}
    </samp>}
    <span class=\"sf-dump-meta sf-dump-ellipsization\" title=\"E:\\xampp-8.2\\htdocs\\nexelit\\@core\\vendor\\laravel\\framework\\src\\Illuminate\\Foundation\\Http\\Middleware\\TransformsRequest.php:21
Stack level 13.\"><span class=\"sf-dump-ellipsis sf-dump-ellipsis-path\">E:\\xampp-8.2\\htdocs\\nexelit\\@core\\vendor</span><span class=\"sf-dump-ellipsis sf-dump-ellipsis-path\">\\laravel\\framework\\</span><span class=\"sf-dump-ellipsis-tail\">src\\Illuminate\\Foundation\\Http\\Middleware\\TransformsRequest.php:21</span></span> {<samp data-depth=3 class=sf-dump-compact>
      <span class=\"sf-dump-note sf-dump-ellipsization\" title=\"Illuminate\\Foundation\\Http\\Middleware\\TransformsRequest-&gt;handle($request, Closure $next)
\"><span class=\"sf-dump-ellipsis sf-dump-ellipsis-note\">Illuminate\\Foundation\\Http\\Middleware</span><span class=\"sf-dump-ellipsis sf-dump-ellipsis-note\">\\</span><span class=\"sf-dump-ellipsis-tail\">TransformsRequest-&gt;handle($request, Closure $next)</span></span> &#8230;
      &#8250; 
      &#8250; <code class=\"php\"><span class=sf-dump-const title=\"in Illuminate\\Foundation\\Http\\Middleware\\TransformsRequest-&gt;handle($request, Closure $next)\">    return $next($request);</span></code>
      &#8250; <code class=\"php\"><span class=sf-dump-default>}</span></code>
      <span class=sf-dump-meta>arguments</span>: { &#8230;1}
    </samp>}
    <span class=\"sf-dump-meta sf-dump-ellipsization\" title=\"E:\\xampp-8.2\\htdocs\\nexelit\\@core\\vendor\\laravel\\framework\\src\\Illuminate\\Foundation\\Http\\Middleware\\TrimStrings.php:51
Stack level 12.\"><span class=\"sf-dump-ellipsis sf-dump-ellipsis-path\">E:\\xampp-8.2\\htdocs\\nexelit\\@core\\vendor</span><span class=\"sf-dump-ellipsis sf-dump-ellipsis-path\">\\laravel\\framework\\</span><span class=\"sf-dump-ellipsis-tail\">src\\Illuminate\\Foundation\\Http\\Middleware\\TrimStrings.php:51</span></span> {<samp data-depth=3 class=sf-dump-compact>
      <span class=\"sf-dump-note sf-dump-ellipsization\" title=\"Illuminate\\Foundation\\Http\\Middleware\\TrimStrings-&gt;handle($request, Closure $next)
\"><span class=\"sf-dump-ellipsis sf-dump-ellipsis-note\">Illuminate\\Foundation\\Http\\Middleware</span><span class=\"sf-dump-ellipsis sf-dump-ellipsis-note\">\\</span><span class=\"sf-dump-ellipsis-tail\">TrimStrings-&gt;handle($request, Closure $next)</span></span> &#8230;
      &#8250; 
      &#8250; <code class=\"php\"><span class=sf-dump-const title=\"in Illuminate\\Foundation\\Http\\Middleware\\TrimStrings-&gt;handle($request, Closure $next)\">    return parent::handle($request, $next);</span></code>
      &#8250; <code class=\"php\"><span class=sf-dump-default>}</span></code>
      <span class=sf-dump-meta>arguments</span>: { &#8230;2}
    </samp>}
    <span class=\"sf-dump-meta sf-dump-ellipsization\" title=\"E:\\xampp-8.2\\htdocs\\nexelit\\@core\\vendor\\laravel\\framework\\src\\Illuminate\\Pipeline\\Pipeline.php:219
Stack level 11.\"><span class=\"sf-dump-ellipsis sf-dump-ellipsis-path\">E:\\xampp-8.2\\htdocs\\nexelit\\@core\\vendor</span><span class=\"sf-dump-ellipsis sf-dump-ellipsis-path\">\\laravel\\framework\\</span><span class=\"sf-dump-ellipsis-tail\">src\\Illuminate\\Pipeline\\Pipeline.php:219</span></span> {<samp data-depth=3 class=sf-dump-compact>
      <span class=\"sf-dump-note sf-dump-ellipsization\" title=\"Illuminate\\Pipeline\\Pipeline-&gt;Illuminate\\Pipeline\\{closure}
\"><span class=\"sf-dump-ellipsis sf-dump-ellipsis-note\">Illuminate\\Pipeline\\Pipeline-&gt;Illuminate\\Pipeline</span><span class=\"sf-dump-ellipsis sf-dump-ellipsis-note\">\\</span><span class=\"sf-dump-ellipsis-tail\">{closure}</span></span> &#8230;
      &#8250; <code class=\"php\"><span class=sf-dump-default>$carry = method_exists($pipe, $this-&gt;method)</span></code>
      &#8250; <code class=\"php\"><span class=sf-dump-const title=\"in Illuminate\\Pipeline\\Pipeline-&gt;Illuminate\\Pipeline\\{closure}\">    ? $pipe-&gt;{$this-&gt;method}(...$parameters)</span></code>
      &#8250; <code class=\"php\"><span class=sf-dump-default>    : $pipe(...$parameters);</span></code>
      <span class=sf-dump-meta>arguments</span>: { &#8230;2}
    </samp>}
    <span class=\"sf-dump-meta sf-dump-ellipsization\" title=\"E:\\xampp-8.2\\htdocs\\nexelit\\@core\\vendor\\laravel\\framework\\src\\Illuminate\\Http\\Middleware\\ValidatePostSize.php:27
Stack level 10.\"><span class=\"sf-dump-ellipsis sf-dump-ellipsis-path\">E:\\xampp-8.2\\htdocs\\nexelit\\@core\\vendor</span><span class=\"sf-dump-ellipsis sf-dump-ellipsis-path\">\\laravel\\framework\\</span><span class=\"sf-dump-ellipsis-tail\">src\\Illuminate\\Http\\Middleware\\ValidatePostSize.php:27</span></span> {<samp data-depth=3 class=sf-dump-compact>
      <span class=\"sf-dump-note sf-dump-ellipsization\" title=\"Illuminate\\Http\\Middleware\\ValidatePostSize-&gt;handle($request, Closure $next)
\"><span class=\"sf-dump-ellipsis sf-dump-ellipsis-note\">Illuminate\\Http\\Middleware</span><span class=\"sf-dump-ellipsis sf-dump-ellipsis-note\">\\</span><span class=\"sf-dump-ellipsis-tail\">ValidatePostSize-&gt;handle($request, Closure $next)</span></span> &#8230;
      &#8250; 
      &#8250; <code class=\"php\"><span class=sf-dump-const title=\"in Illuminate\\Http\\Middleware\\ValidatePostSize-&gt;handle($request, Closure $next)\">    return $next($request);</span></code>
      &#8250; <code class=\"php\"><span class=sf-dump-default>}</span></code>
      <span class=sf-dump-meta>arguments</span>: { &#8230;1}
    </samp>}
    <span class=\"sf-dump-meta sf-dump-ellipsization\" title=\"E:\\xampp-8.2\\htdocs\\nexelit\\@core\\vendor\\laravel\\framework\\src\\Illuminate\\Pipeline\\Pipeline.php:219
Stack level 9.\"><span class=\"sf-dump-ellipsis sf-dump-ellipsis-path\">E:\\xampp-8.2\\htdocs\\nexelit\\@core\\vendor</span><span class=\"sf-dump-ellipsis sf-dump-ellipsis-path\">\\laravel\\framework\\</span><span class=\"sf-dump-ellipsis-tail\">src\\Illuminate\\Pipeline\\Pipeline.php:219</span></span> {<samp data-depth=3 class=sf-dump-compact>
      <span class=\"sf-dump-note sf-dump-ellipsization\" title=\"Illuminate\\Pipeline\\Pipeline-&gt;Illuminate\\Pipeline\\{closure}
\"><span class=\"sf-dump-ellipsis sf-dump-ellipsis-note\">Illuminate\\Pipeline\\Pipeline-&gt;Illuminate\\Pipeline</span><span class=\"sf-dump-ellipsis sf-dump-ellipsis-note\">\\</span><span class=\"sf-dump-ellipsis-tail\">{closure}</span></span> &#8230;
      &#8250; <code class=\"php\"><span class=sf-dump-default>$carry = method_exists($pipe, $this-&gt;method)</span></code>
      &#8250; <code class=\"php\"><span class=sf-dump-const title=\"in Illuminate\\Pipeline\\Pipeline-&gt;Illuminate\\Pipeline\\{closure}\">    ? $pipe-&gt;{$this-&gt;method}(...$parameters)</span></code>
      &#8250; <code class=\"php\"><span class=sf-dump-default>    : $pipe(...$parameters);</span></code>
      <span class=sf-dump-meta>arguments</span>: { &#8230;2}
    </samp>}
    <span class=\"sf-dump-meta sf-dump-ellipsization\" title=\"E:\\xampp-8.2\\htdocs\\nexelit\\@core\\vendor\\laravel\\framework\\src\\Illuminate\\Foundation\\Http\\Middleware\\PreventRequestsDuringMaintenance.php:109
Stack level 8.\"><span class=\"sf-dump-ellipsis sf-dump-ellipsis-path\">E:\\xampp-8.2\\htdocs\\nexelit\\@core\\vendor</span><span class=\"sf-dump-ellipsis sf-dump-ellipsis-path\">\\laravel\\framework\\</span><span class=\"sf-dump-ellipsis-tail\">src\\Illuminate\\Foundation\\Http\\Middleware\\PreventRequestsDuringMaintenance.php:109</span></span> {<samp data-depth=3 class=sf-dump-compact>
      <span class=\"sf-dump-note sf-dump-ellipsization\" title=\"Illuminate\\Foundation\\Http\\Middleware\\PreventRequestsDuringMaintenance-&gt;handle($request, Closure $next)
\"><span class=\"sf-dump-ellipsis sf-dump-ellipsis-note\">Illuminate\\Foundation\\Http\\Middleware</span><span class=\"sf-dump-ellipsis sf-dump-ellipsis-note\">\\</span><span class=\"sf-dump-ellipsis-tail\">PreventRequestsDuringMaintenance-&gt;handle($request, Closure $next)</span></span> &#8230;
      &#8250; 
      &#8250; <code class=\"php\"><span class=sf-dump-const title=\"in Illuminate\\Foundation\\Http\\Middleware\\PreventRequestsDuringMaintenance-&gt;handle($request, Closure $next)\">    return $next($request);</span></code>
      &#8250; <code class=\"php\"><span class=sf-dump-default>}</span></code>
      <span class=sf-dump-meta>arguments</span>: { &#8230;1}
    </samp>}
    <span class=\"sf-dump-meta sf-dump-ellipsization\" title=\"E:\\xampp-8.2\\htdocs\\nexelit\\@core\\vendor\\laravel\\framework\\src\\Illuminate\\Pipeline\\Pipeline.php:219
Stack level 7.\"><span class=\"sf-dump-ellipsis sf-dump-ellipsis-path\">E:\\xampp-8.2\\htdocs\\nexelit\\@core\\vendor</span><span class=\"sf-dump-ellipsis sf-dump-ellipsis-path\">\\laravel\\framework\\</span><span class=\"sf-dump-ellipsis-tail\">src\\Illuminate\\Pipeline\\Pipeline.php:219</span></span> {<samp data-depth=3 class=sf-dump-compact>
      <span class=\"sf-dump-note sf-dump-ellipsization\" title=\"Illuminate\\Pipeline\\Pipeline-&gt;Illuminate\\Pipeline\\{closure}
\"><span class=\"sf-dump-ellipsis sf-dump-ellipsis-note\">Illuminate\\Pipeline\\Pipeline-&gt;Illuminate\\Pipeline</span><span class=\"sf-dump-ellipsis sf-dump-ellipsis-note\">\\</span><span class=\"sf-dump-ellipsis-tail\">{closure}</span></span> &#8230;
      &#8250; <code class=\"php\"><span class=sf-dump-default>$carry = method_exists($pipe, $this-&gt;method)</span></code>
      &#8250; <code class=\"php\"><span class=sf-dump-const title=\"in Illuminate\\Pipeline\\Pipeline-&gt;Illuminate\\Pipeline\\{closure}\">    ? $pipe-&gt;{$this-&gt;method}(...$parameters)</span></code>
      &#8250; <code class=\"php\"><span class=sf-dump-default>    : $pipe(...$parameters);</span></code>
      <span class=sf-dump-meta>arguments</span>: { &#8230;2}
    </samp>}
    <span class=\"sf-dump-meta sf-dump-ellipsization\" title=\"E:\\xampp-8.2\\htdocs\\nexelit\\@core\\vendor\\laravel\\framework\\src\\Illuminate\\Http\\Middleware\\TrustProxies.php:58
Stack level 6.\"><span class=\"sf-dump-ellipsis sf-dump-ellipsis-path\">E:\\xampp-8.2\\htdocs\\nexelit\\@core\\vendor</span><span class=\"sf-dump-ellipsis sf-dump-ellipsis-path\">\\laravel\\framework\\</span><span class=\"sf-dump-ellipsis-tail\">src\\Illuminate\\Http\\Middleware\\TrustProxies.php:58</span></span> {<samp data-depth=3 class=sf-dump-compact>
      <span class=\"sf-dump-note sf-dump-ellipsization\" title=\"Illuminate\\Http\\Middleware\\TrustProxies-&gt;handle(Request $request, Closure $next)
\"><span class=\"sf-dump-ellipsis sf-dump-ellipsis-note\">Illuminate\\Http\\Middleware</span><span class=\"sf-dump-ellipsis sf-dump-ellipsis-note\">\\</span><span class=\"sf-dump-ellipsis-tail\">TrustProxies-&gt;handle(Request $request, Closure $next)</span></span> &#8230;
      &#8250; 
      &#8250; <code class=\"php\"><span class=sf-dump-const title=\"in Illuminate\\Http\\Middleware\\TrustProxies-&gt;handle(Request $request, Closure $next)\">    return $next($request);</span></code>
      &#8250; <code class=\"php\"><span class=sf-dump-default>}</span></code>
      <span class=sf-dump-meta>arguments</span>: { &#8230;1}
    </samp>}
    <span class=\"sf-dump-meta sf-dump-ellipsization\" title=\"E:\\xampp-8.2\\htdocs\\nexelit\\@core\\vendor\\laravel\\framework\\src\\Illuminate\\Pipeline\\Pipeline.php:219
Stack level 5.\"><span class=\"sf-dump-ellipsis sf-dump-ellipsis-path\">E:\\xampp-8.2\\htdocs\\nexelit\\@core\\vendor</span><span class=\"sf-dump-ellipsis sf-dump-ellipsis-path\">\\laravel\\framework\\</span><span class=\"sf-dump-ellipsis-tail\">src\\Illuminate\\Pipeline\\Pipeline.php:219</span></span> {<samp data-depth=3 class=sf-dump-compact>
      <span class=\"sf-dump-note sf-dump-ellipsization\" title=\"Illuminate\\Pipeline\\Pipeline-&gt;Illuminate\\Pipeline\\{closure}
\"><span class=\"sf-dump-ellipsis sf-dump-ellipsis-note\">Illuminate\\Pipeline\\Pipeline-&gt;Illuminate\\Pipeline</span><span class=\"sf-dump-ellipsis sf-dump-ellipsis-note\">\\</span><span class=\"sf-dump-ellipsis-tail\">{closure}</span></span> &#8230;
      &#8250; <code class=\"php\"><span class=sf-dump-default>$carry = method_exists($pipe, $this-&gt;method)</span></code>
      &#8250; <code class=\"php\"><span class=sf-dump-const title=\"in Illuminate\\Pipeline\\Pipeline-&gt;Illuminate\\Pipeline\\{closure}\">    ? $pipe-&gt;{$this-&gt;method}(...$parameters)</span></code>
      &#8250; <code class=\"php\"><span class=sf-dump-default>    : $pipe(...$parameters);</span></code>
      <span class=sf-dump-meta>arguments</span>: { &#8230;2}
    </samp>}
    <span class=\"sf-dump-meta sf-dump-ellipsization\" title=\"E:\\xampp-8.2\\htdocs\\nexelit\\@core\\vendor\\laravel\\framework\\src\\Illuminate\\Pipeline\\Pipeline.php:137
Stack level 4.\"><span class=\"sf-dump-ellipsis sf-dump-ellipsis-path\">E:\\xampp-8.2\\htdocs\\nexelit\\@core\\vendor</span><span class=\"sf-dump-ellipsis sf-dump-ellipsis-path\">\\laravel\\framework\\</span><span class=\"sf-dump-ellipsis-tail\">src\\Illuminate\\Pipeline\\Pipeline.php:137</span></span> {<samp data-depth=3 class=sf-dump-compact>
      <span class=\"sf-dump-note sf-dump-ellipsization\" title=\"Illuminate\\Pipeline\\Pipeline-&gt;then(Closure $destination)
\"><span class=\"sf-dump-ellipsis sf-dump-ellipsis-note\">Illuminate\\Pipeline</span><span class=\"sf-dump-ellipsis sf-dump-ellipsis-note\">\\</span><span class=\"sf-dump-ellipsis-tail\">Pipeline-&gt;then(Closure $destination)</span></span> &#8230;
      &#8250; <code class=\"php\"><span class=sf-dump-default>        ? $this-&gt;getContainer()-&gt;make(&#039;db&#039;)-&gt;connection($this-&gt;withinTransaction)-&gt;transaction(fn () =&gt; $pipeline($this-&gt;passable))</span></code>
      &#8250; <code class=\"php\"><span class=sf-dump-const title=\"in Illuminate\\Pipeline\\Pipeline-&gt;then(Closure $destination)\">        : $pipeline($this-&gt;passable);</span></code>
      &#8250; <code class=\"php\"><span class=sf-dump-default>} finally {</span></code>
      <span class=sf-dump-meta>arguments</span>: { &#8230;1}
    </samp>}
    <span class=\"sf-dump-meta sf-dump-ellipsization\" title=\"E:\\xampp-8.2\\htdocs\\nexelit\\@core\\vendor\\laravel\\framework\\src\\Illuminate\\Foundation\\Http\\Kernel.php:175
Stack level 3.\"><span class=\"sf-dump-ellipsis sf-dump-ellipsis-path\">E:\\xampp-8.2\\htdocs\\nexelit\\@core\\vendor</span><span class=\"sf-dump-ellipsis sf-dump-ellipsis-path\">\\laravel\\framework\\</span><span class=\"sf-dump-ellipsis-tail\">src\\Illuminate\\Foundation\\Http\\Kernel.php:175</span></span> {<samp data-depth=3 class=sf-dump-compact>
      <span class=\"sf-dump-note sf-dump-ellipsization\" title=\"Illuminate\\Foundation\\Http\\Kernel-&gt;sendRequestThroughRouter($request)
\"><span class=\"sf-dump-ellipsis sf-dump-ellipsis-note\">Illuminate\\Foundation\\Http</span><span class=\"sf-dump-ellipsis sf-dump-ellipsis-note\">\\</span><span class=\"sf-dump-ellipsis-tail\">Kernel-&gt;sendRequestThroughRouter($request)</span></span> &#8230;
      &#8250; <code class=\"php\"><span class=sf-dump-default>        -&gt;through($this-&gt;app-&gt;shouldSkipMiddleware() ? [] : $this-&gt;middleware)</span></code>
      &#8250; <code class=\"php\"><span class=sf-dump-const title=\"in Illuminate\\Foundation\\Http\\Kernel-&gt;sendRequestThroughRouter($request)\">        -&gt;then($this-&gt;dispatchToRouter());</span></code>
      &#8250; <code class=\"php\"><span class=sf-dump-default>}</span></code>
      <span class=sf-dump-meta>arguments</span>: { &#8230;1}
    </samp>}
    <span class=\"sf-dump-meta sf-dump-ellipsization\" title=\"E:\\xampp-8.2\\htdocs\\nexelit\\@core\\vendor\\laravel\\framework\\src\\Illuminate\\Foundation\\Http\\Kernel.php:144
Stack level 2.\"><span class=\"sf-dump-ellipsis sf-dump-ellipsis-path\">E:\\xampp-8.2\\htdocs\\nexelit\\@core\\vendor</span><span class=\"sf-dump-ellipsis sf-dump-ellipsis-path\">\\laravel\\framework\\</span><span class=\"sf-dump-ellipsis-tail\">src\\Illuminate\\Foundation\\Http\\Kernel.php:144</span></span> {<samp data-depth=3 class=sf-dump-compact>
      <span class=\"sf-dump-note sf-dump-ellipsization\" title=\"Illuminate\\Foundation\\Http\\Kernel-&gt;handle($request)
\"><span class=\"sf-dump-ellipsis sf-dump-ellipsis-note\">Illuminate\\Foundation\\Http</span><span class=\"sf-dump-ellipsis sf-dump-ellipsis-note\">\\</span><span class=\"sf-dump-ellipsis-tail\">Kernel-&gt;handle($request)</span></span> &#8230;
      &#8250; 
      &#8250; <code class=\"php\"><span class=sf-dump-const title=\"in Illuminate\\Foundation\\Http\\Kernel-&gt;handle($request)\">    $response = $this-&gt;sendRequestThroughRouter($request);</span></code>
      &#8250; <code class=\"php\"><span class=sf-dump-default>} catch (Throwable $e) {</span></code>
      <span class=sf-dump-meta>arguments</span>: { &#8230;1}
    </samp>}
    <span class=\"sf-dump-meta sf-dump-ellipsization\" title=\"E:\\xampp-8.2\\htdocs\\nexelit\\index.php:54
Stack level 1.\"><span class=\"sf-dump-ellipsis sf-dump-ellipsis-path\">E:\\xampp-8.2\\htdocs</span><span class=\"sf-dump-ellipsis sf-dump-ellipsis-path\">\\</span><span class=\"sf-dump-ellipsis-tail\">nexelit\\index.php:54</span></span> {<samp data-depth=3 class=sf-dump-compact>
      &#8250; 
      &#8250; <code class=\"php\"><span class=sf-dump-const>$response = $kernel-&gt;handle(</span></code>
      &#8250; <code class=\"php\"><span class=sf-dump-default>    $request = Illuminate\\Http\\Request::capture()</span></code>
      <span class=sf-dump-meta>arguments</span>: { &#8230;1}
    </samp>}
  </samp>}
</samp>}
</pre><script>Sfdump(\"sf-dump-1872401294\", {\"maxDepth\":3,\"maxStringLength\":160})</script>
"}},"exception":"[object] (Spatie\\LaravelIgnition\\Exceptions\\ViewException(code: 0): SQLSTATE[HY000] [1045] Access denied for user 'forge'@'localhost' (using password: NO) (Connection: mysql, SQL: select * from `languages` where `default` = 1 limit 1) at E:\\xampp-8.2\\htdocs\\nexelit\\@core\\vendor\\laravel\\framework\\src\\Illuminate\\Database\\Connection.php:824)
[stacktrace]
#0 E:\\xampp-8.2\\htdocs\\nexelit\\@core\\vendor\\laravel\\framework\\src\\Illuminate\\Database\\Connection.php(978): Illuminate\\Database\\Connection->runQueryCallback('select * from `...', Array, Object(Closure))
#1 E:\\xampp-8.2\\htdocs\\nexelit\\@core\\vendor\\laravel\\framework\\src\\Illuminate\\Database\\Connection.php(957): Illuminate\\Database\\Connection->tryAgainIfCausedByLostConnection(Object(Illuminate\\Database\\QueryException), 'select * from `...', Array, Object(Closure))
#2 E:\\xampp-8.2\\htdocs\\nexelit\\@core\\vendor\\laravel\\framework\\src\\Illuminate\\Database\\Connection.php(780): Illuminate\\Database\\Connection->handleQueryException(Object(Illuminate\\Database\\QueryException), 'select * from `...', Array, Object(Closure))
#3 E:\\xampp-8.2\\htdocs\\nexelit\\@core\\vendor\\laravel\\framework\\src\\Illuminate\\Database\\Connection.php(397): Illuminate\\Database\\Connection->run('select * from `...', Array, Object(Closure))
#4 E:\\xampp-8.2\\htdocs\\nexelit\\@core\\vendor\\laravel\\framework\\src\\Illuminate\\Database\\Query\\Builder.php(3188): Illuminate\\Database\\Connection->select('select * from `...', Array, true)
#5 E:\\xampp-8.2\\htdocs\\nexelit\\@core\\vendor\\laravel\\framework\\src\\Illuminate\\Database\\Query\\Builder.php(3173): Illuminate\\Database\\Query\\Builder->runSelect()
#6 E:\\xampp-8.2\\htdocs\\nexelit\\@core\\vendor\\laravel\\framework\\src\\Illuminate\\Database\\Query\\Builder.php(3763): Illuminate\\Database\\Query\\Builder->Illuminate\\Database\\Query\\{closure}()
#7 E:\\xampp-8.2\\htdocs\\nexelit\\@core\\vendor\\laravel\\framework\\src\\Illuminate\\Database\\Query\\Builder.php(3172): Illuminate\\Database\\Query\\Builder->onceWithColumns(Array, Object(Closure))
#8 E:\\xampp-8.2\\htdocs\\nexelit\\@core\\vendor\\laravel\\framework\\src\\Illuminate\\Database\\Eloquent\\Builder.php(902): Illuminate\\Database\\Query\\Builder->get(Array)
#9 E:\\xampp-8.2\\htdocs\\nexelit\\@core\\vendor\\laravel\\framework\\src\\Illuminate\\Database\\Eloquent\\Builder.php(884): Illuminate\\Database\\Eloquent\\Builder->getModels(Array)
#10 E:\\xampp-8.2\\htdocs\\nexelit\\@core\\vendor\\laravel\\framework\\src\\Illuminate\\Database\\Concerns\\BuildsQueries.php(366): Illuminate\\Database\\Eloquent\\Builder->get(Array)
#11 E:\\xampp-8.2\\htdocs\\nexelit\\@core\\app\\Helpers\\LanguageHelper.php(70): Illuminate\\Database\\Eloquent\\Builder->first()
#12 E:\\xampp-8.2\\htdocs\\nexelit\\@core\\app\\Helpers\\helpers.php(316): App\\Helpers\\LanguageHelper::user_lang_slug()
#13 E:\\xampp-8.2\\htdocs\\nexelit\\@core\\resources\\views\\errors\\500.blade.php(9): get_user_lang()
#14 E:\\xampp-8.2\\htdocs\\nexelit\\@core\\vendor\\laravel\\framework\\src\\Illuminate\\Filesystem\\Filesystem.php(123): require('E:\\\\xampp-8.2\\\\ht...')
#15 E:\\xampp-8.2\\htdocs\\nexelit\\@core\\vendor\\laravel\\framework\\src\\Illuminate\\Filesystem\\Filesystem.php(124): Illuminate\\Filesystem\\Filesystem::Illuminate\\Filesystem\\{closure}()
#16 E:\\xampp-8.2\\htdocs\\nexelit\\@core\\vendor\\laravel\\framework\\src\\Illuminate\\View\\Engines\\PhpEngine.php(57): Illuminate\\Filesystem\\Filesystem->getRequire('E:\\\\xampp-8.2\\\\ht...', Array)
#17 E:\\xampp-8.2\\htdocs\\nexelit\\@core\\vendor\\laravel\\framework\\src\\Illuminate\\View\\Engines\\CompilerEngine.php(76): Illuminate\\View\\Engines\\PhpEngine->evaluatePath('E:\\\\xampp-8.2\\\\ht...', Array)
#18 E:\\xampp-8.2\\htdocs\\nexelit\\@core\\vendor\\laravel\\framework\\src\\Illuminate\\View\\View.php(208): Illuminate\\View\\Engines\\CompilerEngine->get('E:\\\\xampp-8.2\\\\ht...', Array)
#19 E:\\xampp-8.2\\htdocs\\nexelit\\@core\\vendor\\laravel\\framework\\src\\Illuminate\\View\\View.php(191): Illuminate\\View\\View->getContents()
#20 E:\\xampp-8.2\\htdocs\\nexelit\\@core\\vendor\\laravel\\framework\\src\\Illuminate\\View\\View.php(160): Illuminate\\View\\View->renderContents()
#21 E:\\xampp-8.2\\htdocs\\nexelit\\@core\\vendor\\laravel\\framework\\src\\Illuminate\\Http\\Response.php(78): Illuminate\\View\\View->render()
#22 E:\\xampp-8.2\\htdocs\\nexelit\\@core\\vendor\\laravel\\framework\\src\\Illuminate\\Http\\Response.php(34): Illuminate\\Http\\Response->setContent(Object(Illuminate\\View\\View))
#23 E:\\xampp-8.2\\htdocs\\nexelit\\@core\\vendor\\laravel\\framework\\src\\Illuminate\\Routing\\ResponseFactory.php(61): Illuminate\\Http\\Response->__construct(Object(Illuminate\\View\\View), 500, Array)
#24 E:\\xampp-8.2\\htdocs\\nexelit\\@core\\vendor\\laravel\\framework\\src\\Illuminate\\Routing\\ResponseFactory.php(91): Illuminate\\Routing\\ResponseFactory->make(Object(Illuminate\\View\\View), 500, Array)
#25 E:\\xampp-8.2\\htdocs\\nexelit\\@core\\vendor\\laravel\\framework\\src\\Illuminate\\Foundation\\Exceptions\\Handler.php(927): Illuminate\\Routing\\ResponseFactory->view('errors::500', Array, 500, Array)
#26 E:\\xampp-8.2\\htdocs\\nexelit\\@core\\vendor\\laravel\\framework\\src\\Illuminate\\Foundation\\Exceptions\\Handler.php(848): Illuminate\\Foundation\\Exceptions\\Handler->renderHttpException(Object(Symfony\\Component\\HttpKernel\\Exception\\HttpException))
#27 E:\\xampp-8.2\\htdocs\\nexelit\\@core\\vendor\\laravel\\framework\\src\\Illuminate\\Foundation\\Exceptions\\Handler.php(739): Illuminate\\Foundation\\Exceptions\\Handler->prepareResponse(Object(Illuminate\\Http\\Request), Object(Symfony\\Component\\HttpKernel\\Exception\\HttpException))
#28 E:\\xampp-8.2\\htdocs\\nexelit\\@core\\vendor\\laravel\\framework\\src\\Illuminate\\Foundation\\Exceptions\\Handler.php(627): Illuminate\\Foundation\\Exceptions\\Handler->renderExceptionResponse(Object(Illuminate\\Http\\Request), Object(Illuminate\\Encryption\\MissingAppKeyException))
#29 E:\\xampp-8.2\\htdocs\\nexelit\\@core\\app\\Exceptions\\Handler.php(36): Illuminate\\Foundation\\Exceptions\\Handler->render(Object(Illuminate\\Http\\Request), Object(Illuminate\\Encryption\\MissingAppKeyException))
#30 E:\\xampp-8.2\\htdocs\\nexelit\\@core\\vendor\\laravel\\framework\\src\\Illuminate\\Routing\\Pipeline.php(51): App\\Exceptions\\Handler->render(Object(Illuminate\\Http\\Request), Object(Illuminate\\Encryption\\MissingAppKeyException))
#31 E:\\xampp-8.2\\htdocs\\nexelit\\@core\\vendor\\laravel\\framework\\src\\Illuminate\\Pipeline\\Pipeline.php(224): Illuminate\\Routing\\Pipeline->handleException(Object(Illuminate\\Http\\Request), Object(Illuminate\\Encryption\\MissingAppKeyException))
#32 E:\\xampp-8.2\\htdocs\\nexelit\\@core\\vendor\\laravel\\framework\\src\\Illuminate\\Pipeline\\Pipeline.php(137): Illuminate\\Pipeline\\Pipeline->Illuminate\\Pipeline\\{closure}(Object(Illuminate\\Http\\Request))
#33 E:\\xampp-8.2\\htdocs\\nexelit\\@core\\vendor\\laravel\\framework\\src\\Illuminate\\Routing\\Router.php(821): Illuminate\\Pipeline\\Pipeline->then(Object(Closure))
#34 E:\\xampp-8.2\\htdocs\\nexelit\\@core\\vendor\\laravel\\framework\\src\\Illuminate\\Routing\\Router.php(800): Illuminate\\Routing\\Router->runRouteWithinStack(Object(Illuminate\\Routing\\Route), Object(Illuminate\\Http\\Request))
#35 E:\\xampp-8.2\\htdocs\\nexelit\\@core\\vendor\\laravel\\framework\\src\\Illuminate\\Routing\\Router.php(764): Illuminate\\Routing\\Router->runRoute(Object(Illuminate\\Http\\Request), Object(Illuminate\\Routing\\Route))
#36 E:\\xampp-8.2\\htdocs\\nexelit\\@core\\vendor\\laravel\\framework\\src\\Illuminate\\Routing\\Router.php(753): Illuminate\\Routing\\Router->dispatchToRoute(Object(Illuminate\\Http\\Request))
#37 E:\\xampp-8.2\\htdocs\\nexelit\\@core\\vendor\\laravel\\framework\\src\\Illuminate\\Foundation\\Http\\Kernel.php(200): Illuminate\\Routing\\Router->dispatch(Object(Illuminate\\Http\\Request))
#38 E:\\xampp-8.2\\htdocs\\nexelit\\@core\\vendor\\laravel\\framework\\src\\Illuminate\\Pipeline\\Pipeline.php(180): Illuminate\\Foundation\\Http\\Kernel->Illuminate\\Foundation\\Http\\{closure}(Object(Illuminate\\Http\\Request))
#39 E:\\xampp-8.2\\htdocs\\nexelit\\@core\\vendor\\barryvdh\\laravel-debugbar\\src\\Middleware\\InjectDebugbar.php(59): Illuminate\\Pipeline\\Pipeline->Illuminate\\Pipeline\\{closure}(Object(Illuminate\\Http\\Request))
#40 E:\\xampp-8.2\\htdocs\\nexelit\\@core\\vendor\\laravel\\framework\\src\\Illuminate\\Pipeline\\Pipeline.php(219): Barryvdh\\Debugbar\\Middleware\\InjectDebugbar->handle(Object(Illuminate\\Http\\Request), Object(Closure))
#41 E:\\xampp-8.2\\htdocs\\nexelit\\@core\\vendor\\xgenious\\installer\\src\\Http\\Middleware\\InstallerMiddleware.php(18): Illuminate\\Pipeline\\Pipeline->Illuminate\\Pipeline\\{closure}(Object(Illuminate\\Http\\Request))
#42 E:\\xampp-8.2\\htdocs\\nexelit\\@core\\vendor\\laravel\\framework\\src\\Illuminate\\Pipeline\\Pipeline.php(219): Xgenious\\Installer\\Http\\Middleware\\InstallerMiddleware->handle(Object(Illuminate\\Http\\Request), Object(Closure))
#43 E:\\xampp-8.2\\htdocs\\nexelit\\@core\\vendor\\laravel\\framework\\src\\Illuminate\\Foundation\\Http\\Middleware\\TransformsRequest.php(21): Illuminate\\Pipeline\\Pipeline->Illuminate\\Pipeline\\{closure}(Object(Illuminate\\Http\\Request))
#44 E:\\xampp-8.2\\htdocs\\nexelit\\@core\\vendor\\laravel\\framework\\src\\Illuminate\\Foundation\\Http\\Middleware\\ConvertEmptyStringsToNull.php(31): Illuminate\\Foundation\\Http\\Middleware\\TransformsRequest->handle(Object(Illuminate\\Http\\Request), Object(Closure))
#45 E:\\xampp-8.2\\htdocs\\nexelit\\@core\\vendor\\laravel\\framework\\src\\Illuminate\\Pipeline\\Pipeline.php(219): Illuminate\\Foundation\\Http\\Middleware\\ConvertEmptyStringsToNull->handle(Object(Illuminate\\Http\\Request), Object(Closure))
#46 E:\\xampp-8.2\\htdocs\\nexelit\\@core\\vendor\\laravel\\framework\\src\\Illuminate\\Foundation\\Http\\Middleware\\TransformsRequest.php(21): Illuminate\\Pipeline\\Pipeline->Illuminate\\Pipeline\\{closure}(Object(Illuminate\\Http\\Request))
#47 E:\\xampp-8.2\\htdocs\\nexelit\\@core\\vendor\\laravel\\framework\\src\\Illuminate\\Foundation\\Http\\Middleware\\TrimStrings.php(51): Illuminate\\Foundation\\Http\\Middleware\\TransformsRequest->handle(Object(Illuminate\\Http\\Request), Object(Closure))
#48 E:\\xampp-8.2\\htdocs\\nexelit\\@core\\vendor\\laravel\\framework\\src\\Illuminate\\Pipeline\\Pipeline.php(219): Illuminate\\Foundation\\Http\\Middleware\\TrimStrings->handle(Object(Illuminate\\Http\\Request), Object(Closure))
#49 E:\\xampp-8.2\\htdocs\\nexelit\\@core\\vendor\\laravel\\framework\\src\\Illuminate\\Http\\Middleware\\ValidatePostSize.php(27): Illuminate\\Pipeline\\Pipeline->Illuminate\\Pipeline\\{closure}(Object(Illuminate\\Http\\Request))
#50 E:\\xampp-8.2\\htdocs\\nexelit\\@core\\vendor\\laravel\\framework\\src\\Illuminate\\Pipeline\\Pipeline.php(219): Illuminate\\Http\\Middleware\\ValidatePostSize->handle(Object(Illuminate\\Http\\Request), Object(Closure))
#51 E:\\xampp-8.2\\htdocs\\nexelit\\@core\\vendor\\laravel\\framework\\src\\Illuminate\\Foundation\\Http\\Middleware\\PreventRequestsDuringMaintenance.php(109): Illuminate\\Pipeline\\Pipeline->Illuminate\\Pipeline\\{closure}(Object(Illuminate\\Http\\Request))
#52 E:\\xampp-8.2\\htdocs\\nexelit\\@core\\vendor\\laravel\\framework\\src\\Illuminate\\Pipeline\\Pipeline.php(219): Illuminate\\Foundation\\Http\\Middleware\\PreventRequestsDuringMaintenance->handle(Object(Illuminate\\Http\\Request), Object(Closure))
#53 E:\\xampp-8.2\\htdocs\\nexelit\\@core\\vendor\\laravel\\framework\\src\\Illuminate\\Http\\Middleware\\TrustProxies.php(58): Illuminate\\Pipeline\\Pipeline->Illuminate\\Pipeline\\{closure}(Object(Illuminate\\Http\\Request))
#54 E:\\xampp-8.2\\htdocs\\nexelit\\@core\\vendor\\laravel\\framework\\src\\Illuminate\\Pipeline\\Pipeline.php(219): Illuminate\\Http\\Middleware\\TrustProxies->handle(Object(Illuminate\\Http\\Request), Object(Closure))
#55 E:\\xampp-8.2\\htdocs\\nexelit\\@core\\vendor\\laravel\\framework\\src\\Illuminate\\Pipeline\\Pipeline.php(137): Illuminate\\Pipeline\\Pipeline->Illuminate\\Pipeline\\{closure}(Object(Illuminate\\Http\\Request))
#56 E:\\xampp-8.2\\htdocs\\nexelit\\@core\\vendor\\laravel\\framework\\src\\Illuminate\\Foundation\\Http\\Kernel.php(175): Illuminate\\Pipeline\\Pipeline->then(Object(Closure))
#57 E:\\xampp-8.2\\htdocs\\nexelit\\@core\\vendor\\laravel\\framework\\src\\Illuminate\\Foundation\\Http\\Kernel.php(144): Illuminate\\Foundation\\Http\\Kernel->sendRequestThroughRouter(Object(Illuminate\\Http\\Request))
#58 E:\\xampp-8.2\\htdocs\\nexelit\\index.php(54): Illuminate\\Foundation\\Http\\Kernel->handle(Object(Illuminate\\Http\\Request))
#59 {main}

[previous exception] [object] (Illuminate\\Database\\QueryException(code: 1045): SQLSTATE[HY000] [1045] Access denied for user 'forge'@'localhost' (using password: NO) (Connection: mysql, SQL: select * from `languages` where `default` = 1 limit 1) at E:\\xampp-8.2\\htdocs\\nexelit\\@core\\vendor\\laravel\\framework\\src\\Illuminate\\Database\\Connection.php:824)
[stacktrace]
#0 E:\\xampp-8.2\\htdocs\\nexelit\\@core\\vendor\\laravel\\framework\\src\\Illuminate\\Database\\Connection.php(978): Illuminate\\Database\\Connection->runQueryCallback('select * from `...', Array, Object(Closure))
#1 E:\\xampp-8.2\\htdocs\\nexelit\\@core\\vendor\\laravel\\framework\\src\\Illuminate\\Database\\Connection.php(957): Illuminate\\Database\\Connection->tryAgainIfCausedByLostConnection(Object(Illuminate\\Database\\QueryException), 'select * from `...', Array, Object(Closure))
#2 E:\\xampp-8.2\\htdocs\\nexelit\\@core\\vendor\\laravel\\framework\\src\\Illuminate\\Database\\Connection.php(780): Illuminate\\Database\\Connection->handleQueryException(Object(Illuminate\\Database\\QueryException), 'select * from `...', Array, Object(Closure))
#3 E:\\xampp-8.2\\htdocs\\nexelit\\@core\\vendor\\laravel\\framework\\src\\Illuminate\\Database\\Connection.php(397): Illuminate\\Database\\Connection->run('select * from `...', Array, Object(Closure))
#4 E:\\xampp-8.2\\htdocs\\nexelit\\@core\\vendor\\laravel\\framework\\src\\Illuminate\\Database\\Query\\Builder.php(3188): Illuminate\\Database\\Connection->select('select * from `...', Array, true)
#5 E:\\xampp-8.2\\htdocs\\nexelit\\@core\\vendor\\laravel\\framework\\src\\Illuminate\\Database\\Query\\Builder.php(3173): Illuminate\\Database\\Query\\Builder->runSelect()
#6 E:\\xampp-8.2\\htdocs\\nexelit\\@core\\vendor\\laravel\\framework\\src\\Illuminate\\Database\\Query\\Builder.php(3763): Illuminate\\Database\\Query\\Builder->Illuminate\\Database\\Query\\{closure}()
#7 E:\\xampp-8.2\\htdocs\\nexelit\\@core\\vendor\\laravel\\framework\\src\\Illuminate\\Database\\Query\\Builder.php(3172): Illuminate\\Database\\Query\\Builder->onceWithColumns(Array, Object(Closure))
#8 E:\\xampp-8.2\\htdocs\\nexelit\\@core\\vendor\\laravel\\framework\\src\\Illuminate\\Database\\Eloquent\\Builder.php(902): Illuminate\\Database\\Query\\Builder->get(Array)
#9 E:\\xampp-8.2\\htdocs\\nexelit\\@core\\vendor\\laravel\\framework\\src\\Illuminate\\Database\\Eloquent\\Builder.php(884): Illuminate\\Database\\Eloquent\\Builder->getModels(Array)
#10 E:\\xampp-8.2\\htdocs\\nexelit\\@core\\vendor\\laravel\\framework\\src\\Illuminate\\Database\\Concerns\\BuildsQueries.php(366): Illuminate\\Database\\Eloquent\\Builder->get(Array)
#11 E:\\xampp-8.2\\htdocs\\nexelit\\@core\\app\\Helpers\\LanguageHelper.php(70): Illuminate\\Database\\Eloquent\\Builder->first()
#12 E:\\xampp-8.2\\htdocs\\nexelit\\@core\\app\\Helpers\\helpers.php(316): App\\Helpers\\LanguageHelper::user_lang_slug()
#13 E:\\xampp-8.2\\htdocs\\nexelit\\@core\\storage\\framework\\views\\8a25eb19e384c0f70378ec8170c30078.php(8): get_user_lang()
#14 E:\\xampp-8.2\\htdocs\\nexelit\\@core\\vendor\\laravel\\framework\\src\\Illuminate\\Filesystem\\Filesystem.php(123): require('E:\\\\xampp-8.2\\\\ht...')
#15 E:\\xampp-8.2\\htdocs\\nexelit\\@core\\vendor\\laravel\\framework\\src\\Illuminate\\Filesystem\\Filesystem.php(124): Illuminate\\Filesystem\\Filesystem::Illuminate\\Filesystem\\{closure}()
#16 E:\\xampp-8.2\\htdocs\\nexelit\\@core\\vendor\\laravel\\framework\\src\\Illuminate\\View\\Engines\\PhpEngine.php(57): Illuminate\\Filesystem\\Filesystem->getRequire('E:\\\\xampp-8.2\\\\ht...', Array)
#17 E:\\xampp-8.2\\htdocs\\nexelit\\@core\\vendor\\laravel\\framework\\src\\Illuminate\\View\\Engines\\CompilerEngine.php(76): Illuminate\\View\\Engines\\PhpEngine->evaluatePath('E:\\\\xampp-8.2\\\\ht...', Array)
#18 E:\\xampp-8.2\\htdocs\\nexelit\\@core\\vendor\\laravel\\framework\\src\\Illuminate\\View\\View.php(208): Illuminate\\View\\Engines\\CompilerEngine->get('E:\\\\xampp-8.2\\\\ht...', Array)
#19 E:\\xampp-8.2\\htdocs\\nexelit\\@core\\vendor\\laravel\\framework\\src\\Illuminate\\View\\View.php(191): Illuminate\\View\\View->getContents()
#20 E:\\xampp-8.2\\htdocs\\nexelit\\@core\\vendor\\laravel\\framework\\src\\Illuminate\\View\\View.php(160): Illuminate\\View\\View->renderContents()
#21 E:\\xampp-8.2\\htdocs\\nexelit\\@core\\vendor\\laravel\\framework\\src\\Illuminate\\Http\\Response.php(78): Illuminate\\View\\View->render()
#22 E:\\xampp-8.2\\htdocs\\nexelit\\@core\\vendor\\laravel\\framework\\src\\Illuminate\\Http\\Response.php(34): Illuminate\\Http\\Response->setContent(Object(Illuminate\\View\\View))
#23 E:\\xampp-8.2\\htdocs\\nexelit\\@core\\vendor\\laravel\\framework\\src\\Illuminate\\Routing\\ResponseFactory.php(61): Illuminate\\Http\\Response->__construct(Object(Illuminate\\View\\View), 500, Array)
#24 E:\\xampp-8.2\\htdocs\\nexelit\\@core\\vendor\\laravel\\framework\\src\\Illuminate\\Routing\\ResponseFactory.php(91): Illuminate\\Routing\\ResponseFactory->make(Object(Illuminate\\View\\View), 500, Array)
#25 E:\\xampp-8.2\\htdocs\\nexelit\\@core\\vendor\\laravel\\framework\\src\\Illuminate\\Foundation\\Exceptions\\Handler.php(927): Illuminate\\Routing\\ResponseFactory->view('errors::500', Array, 500, Array)
#26 E:\\xampp-8.2\\htdocs\\nexelit\\@core\\vendor\\laravel\\framework\\src\\Illuminate\\Foundation\\Exceptions\\Handler.php(848): Illuminate\\Foundation\\Exceptions\\Handler->renderHttpException(Object(Symfony\\Component\\HttpKernel\\Exception\\HttpException))
#27 E:\\xampp-8.2\\htdocs\\nexelit\\@core\\vendor\\laravel\\framework\\src\\Illuminate\\Foundation\\Exceptions\\Handler.php(739): Illuminate\\Foundation\\Exceptions\\Handler->prepareResponse(Object(Illuminate\\Http\\Request), Object(Symfony\\Component\\HttpKernel\\Exception\\HttpException))
#28 E:\\xampp-8.2\\htdocs\\nexelit\\@core\\vendor\\laravel\\framework\\src\\Illuminate\\Foundation\\Exceptions\\Handler.php(627): Illuminate\\Foundation\\Exceptions\\Handler->renderExceptionResponse(Object(Illuminate\\Http\\Request), Object(Illuminate\\Encryption\\MissingAppKeyException))
#29 E:\\xampp-8.2\\htdocs\\nexelit\\@core\\app\\Exceptions\\Handler.php(36): Illuminate\\Foundation\\Exceptions\\Handler->render(Object(Illuminate\\Http\\Request), Object(Illuminate\\Encryption\\MissingAppKeyException))
#30 E:\\xampp-8.2\\htdocs\\nexelit\\@core\\vendor\\laravel\\framework\\src\\Illuminate\\Routing\\Pipeline.php(51): App\\Exceptions\\Handler->render(Object(Illuminate\\Http\\Request), Object(Illuminate\\Encryption\\MissingAppKeyException))
#31 E:\\xampp-8.2\\htdocs\\nexelit\\@core\\vendor\\laravel\\framework\\src\\Illuminate\\Pipeline\\Pipeline.php(224): Illuminate\\Routing\\Pipeline->handleException(Object(Illuminate\\Http\\Request), Object(Illuminate\\Encryption\\MissingAppKeyException))
#32 E:\\xampp-8.2\\htdocs\\nexelit\\@core\\vendor\\laravel\\framework\\src\\Illuminate\\Pipeline\\Pipeline.php(137): Illuminate\\Pipeline\\Pipeline->Illuminate\\Pipeline\\{closure}(Object(Illuminate\\Http\\Request))
#33 E:\\xampp-8.2\\htdocs\\nexelit\\@core\\vendor\\laravel\\framework\\src\\Illuminate\\Routing\\Router.php(821): Illuminate\\Pipeline\\Pipeline->then(Object(Closure))
#34 E:\\xampp-8.2\\htdocs\\nexelit\\@core\\vendor\\laravel\\framework\\src\\Illuminate\\Routing\\Router.php(800): Illuminate\\Routing\\Router->runRouteWithinStack(Object(Illuminate\\Routing\\Route), Object(Illuminate\\Http\\Request))
#35 E:\\xampp-8.2\\htdocs\\nexelit\\@core\\vendor\\laravel\\framework\\src\\Illuminate\\Routing\\Router.php(764): Illuminate\\Routing\\Router->runRoute(Object(Illuminate\\Http\\Request), Object(Illuminate\\Routing\\Route))
#36 E:\\xampp-8.2\\htdocs\\nexelit\\@core\\vendor\\laravel\\framework\\src\\Illuminate\\Routing\\Router.php(753): Illuminate\\Routing\\Router->dispatchToRoute(Object(Illuminate\\Http\\Request))
#37 E:\\xampp-8.2\\htdocs\\nexelit\\@core\\vendor\\laravel\\framework\\src\\Illuminate\\Foundation\\Http\\Kernel.php(200): Illuminate\\Routing\\Router->dispatch(Object(Illuminate\\Http\\Request))
#38 E:\\xampp-8.2\\htdocs\\nexelit\\@core\\vendor\\laravel\\framework\\src\\Illuminate\\Pipeline\\Pipeline.php(180): Illuminate\\Foundation\\Http\\Kernel->Illuminate\\Foundation\\Http\\{closure}(Object(Illuminate\\Http\\Request))
#39 E:\\xampp-8.2\\htdocs\\nexelit\\@core\\vendor\\barryvdh\\laravel-debugbar\\src\\Middleware\\InjectDebugbar.php(59): Illuminate\\Pipeline\\Pipeline->Illuminate\\Pipeline\\{closure}(Object(Illuminate\\Http\\Request))
#40 E:\\xampp-8.2\\htdocs\\nexelit\\@core\\vendor\\laravel\\framework\\src\\Illuminate\\Pipeline\\Pipeline.php(219): Barryvdh\\Debugbar\\Middleware\\InjectDebugbar->handle(Object(Illuminate\\Http\\Request), Object(Closure))
#41 E:\\xampp-8.2\\htdocs\\nexelit\\@core\\vendor\\xgenious\\installer\\src\\Http\\Middleware\\InstallerMiddleware.php(18): Illuminate\\Pipeline\\Pipeline->Illuminate\\Pipeline\\{closure}(Object(Illuminate\\Http\\Request))
#42 E:\\xampp-8.2\\htdocs\\nexelit\\@core\\vendor\\laravel\\framework\\src\\Illuminate\\Pipeline\\Pipeline.php(219): Xgenious\\Installer\\Http\\Middleware\\InstallerMiddleware->handle(Object(Illuminate\\Http\\Request), Object(Closure))
#43 E:\\xampp-8.2\\htdocs\\nexelit\\@core\\vendor\\laravel\\framework\\src\\Illuminate\\Foundation\\Http\\Middleware\\TransformsRequest.php(21): Illuminate\\Pipeline\\Pipeline->Illuminate\\Pipeline\\{closure}(Object(Illuminate\\Http\\Request))
#44 E:\\xampp-8.2\\htdocs\\nexelit\\@core\\vendor\\laravel\\framework\\src\\Illuminate\\Foundation\\Http\\Middleware\\ConvertEmptyStringsToNull.php(31): Illuminate\\Foundation\\Http\\Middleware\\TransformsRequest->handle(Object(Illuminate\\Http\\Request), Object(Closure))
#45 E:\\xampp-8.2\\htdocs\\nexelit\\@core\\vendor\\laravel\\framework\\src\\Illuminate\\Pipeline\\Pipeline.php(219): Illuminate\\Foundation\\Http\\Middleware\\ConvertEmptyStringsToNull->handle(Object(Illuminate\\Http\\Request), Object(Closure))
#46 E:\\xampp-8.2\\htdocs\\nexelit\\@core\\vendor\\laravel\\framework\\src\\Illuminate\\Foundation\\Http\\Middleware\\TransformsRequest.php(21): Illuminate\\Pipeline\\Pipeline->Illuminate\\Pipeline\\{closure}(Object(Illuminate\\Http\\Request))
#47 E:\\xampp-8.2\\htdocs\\nexelit\\@core\\vendor\\laravel\\framework\\src\\Illuminate\\Foundation\\Http\\Middleware\\TrimStrings.php(51): Illuminate\\Foundation\\Http\\Middleware\\TransformsRequest->handle(Object(Illuminate\\Http\\Request), Object(Closure))
#48 E:\\xampp-8.2\\htdocs\\nexelit\\@core\\vendor\\laravel\\framework\\src\\Illuminate\\Pipeline\\Pipeline.php(219): Illuminate\\Foundation\\Http\\Middleware\\TrimStrings->handle(Object(Illuminate\\Http\\Request), Object(Closure))
#49 E:\\xampp-8.2\\htdocs\\nexelit\\@core\\vendor\\laravel\\framework\\src\\Illuminate\\Http\\Middleware\\ValidatePostSize.php(27): Illuminate\\Pipeline\\Pipeline->Illuminate\\Pipeline\\{closure}(Object(Illuminate\\Http\\Request))
#50 E:\\xampp-8.2\\htdocs\\nexelit\\@core\\vendor\\laravel\\framework\\src\\Illuminate\\Pipeline\\Pipeline.php(219): Illuminate\\Http\\Middleware\\ValidatePostSize->handle(Object(Illuminate\\Http\\Request), Object(Closure))
#51 E:\\xampp-8.2\\htdocs\\nexelit\\@core\\vendor\\laravel\\framework\\src\\Illuminate\\Foundation\\Http\\Middleware\\PreventRequestsDuringMaintenance.php(109): Illuminate\\Pipeline\\Pipeline->Illuminate\\Pipeline\\{closure}(Object(Illuminate\\Http\\Request))
#52 E:\\xampp-8.2\\htdocs\\nexelit\\@core\\vendor\\laravel\\framework\\src\\Illuminate\\Pipeline\\Pipeline.php(219): Illuminate\\Foundation\\Http\\Middleware\\PreventRequestsDuringMaintenance->handle(Object(Illuminate\\Http\\Request), Object(Closure))
#53 E:\\xampp-8.2\\htdocs\\nexelit\\@core\\vendor\\laravel\\framework\\src\\Illuminate\\Http\\Middleware\\TrustProxies.php(58): Illuminate\\Pipeline\\Pipeline->Illuminate\\Pipeline\\{closure}(Object(Illuminate\\Http\\Request))
#54 E:\\xampp-8.2\\htdocs\\nexelit\\@core\\vendor\\laravel\\framework\\src\\Illuminate\\Pipeline\\Pipeline.php(219): Illuminate\\Http\\Middleware\\TrustProxies->handle(Object(Illuminate\\Http\\Request), Object(Closure))
#55 E:\\xampp-8.2\\htdocs\\nexelit\\@core\\vendor\\laravel\\framework\\src\\Illuminate\\Pipeline\\Pipeline.php(137): Illuminate\\Pipeline\\Pipeline->Illuminate\\Pipeline\\{closure}(Object(Illuminate\\Http\\Request))
#56 E:\\xampp-8.2\\htdocs\\nexelit\\@core\\vendor\\laravel\\framework\\src\\Illuminate\\Foundation\\Http\\Kernel.php(175): Illuminate\\Pipeline\\Pipeline->then(Object(Closure))
#57 E:\\xampp-8.2\\htdocs\\nexelit\\@core\\vendor\\laravel\\framework\\src\\Illuminate\\Foundation\\Http\\Kernel.php(144): Illuminate\\Foundation\\Http\\Kernel->sendRequestThroughRouter(Object(Illuminate\\Http\\Request))
#58 E:\\xampp-8.2\\htdocs\\nexelit\\index.php(54): Illuminate\\Foundation\\Http\\Kernel->handle(Object(Illuminate\\Http\\Request))
#59 {main}

[previous exception] [object] (PDOException(code: 1045): SQLSTATE[HY000] [1045] Access denied for user 'forge'@'localhost' (using password: NO) at E:\\xampp-8.2\\htdocs\\nexelit\\@core\\vendor\\laravel\\framework\\src\\Illuminate\\Database\\Connectors\\Connector.php:66)
[stacktrace]
#0 E:\\xampp-8.2\\htdocs\\nexelit\\@core\\vendor\\laravel\\framework\\src\\Illuminate\\Database\\Connectors\\Connector.php(66): PDO->__construct('mysql:host=loca...', 'forge', Object(SensitiveParameterValue), Array)
#1 E:\\xampp-8.2\\htdocs\\nexelit\\@core\\vendor\\laravel\\framework\\src\\Illuminate\\Database\\Connectors\\Connector.php(85): Illuminate\\Database\\Connectors\\Connector->createPdoConnection('mysql:host=loca...', 'forge', Object(SensitiveParameterValue), Array)
#2 E:\\xampp-8.2\\htdocs\\nexelit\\@core\\vendor\\laravel\\framework\\src\\Illuminate\\Database\\Connectors\\Connector.php(48): Illuminate\\Database\\Connectors\\Connector->tryAgainIfCausedByLostConnection(Object(PDOException), 'mysql:host=loca...', 'forge', Object(SensitiveParameterValue), Array)
#3 E:\\xampp-8.2\\htdocs\\nexelit\\@core\\vendor\\laravel\\framework\\src\\Illuminate\\Database\\Connectors\\MySqlConnector.php(24): Illuminate\\Database\\Connectors\\Connector->createConnection('mysql:host=loca...', Array, Array)
#4 E:\\xampp-8.2\\htdocs\\nexelit\\@core\\vendor\\laravel\\framework\\src\\Illuminate\\Database\\Connectors\\ConnectionFactory.php(184): Illuminate\\Database\\Connectors\\MySqlConnector->connect(Array)
#5 [internal function]: Illuminate\\Database\\Connectors\\ConnectionFactory->Illuminate\\Database\\Connectors\\{closure}()
#6 E:\\xampp-8.2\\htdocs\\nexelit\\@core\\vendor\\laravel\\framework\\src\\Illuminate\\Database\\Connection.php(1230): call_user_func(Object(Closure))
#7 E:\\xampp-8.2\\htdocs\\nexelit\\@core\\vendor\\laravel\\framework\\src\\Illuminate\\Database\\Connection.php(1266): Illuminate\\Database\\Connection->getPdo()
#8 E:\\xampp-8.2\\htdocs\\nexelit\\@core\\vendor\\laravel\\framework\\src\\Illuminate\\Database\\Connection.php(511): Illuminate\\Database\\Connection->getReadPdo()
#9 E:\\xampp-8.2\\htdocs\\nexelit\\@core\\vendor\\laravel\\framework\\src\\Illuminate\\Database\\Connection.php(406): Illuminate\\Database\\Connection->getPdoForSelect(true)
#10 E:\\xampp-8.2\\htdocs\\nexelit\\@core\\vendor\\laravel\\framework\\src\\Illuminate\\Database\\Connection.php(811): Illuminate\\Database\\Connection->Illuminate\\Database\\{closure}('select * from `...', Array)
#11 E:\\xampp-8.2\\htdocs\\nexelit\\@core\\vendor\\laravel\\framework\\src\\Illuminate\\Database\\Connection.php(978): Illuminate\\Database\\Connection->runQueryCallback('select * from `...', Array, Object(Closure))
#12 E:\\xampp-8.2\\htdocs\\nexelit\\@core\\vendor\\laravel\\framework\\src\\Illuminate\\Database\\Connection.php(957): Illuminate\\Database\\Connection->tryAgainIfCausedByLostConnection(Object(Illuminate\\Database\\QueryException), 'select * from `...', Array, Object(Closure))
#13 E:\\xampp-8.2\\htdocs\\nexelit\\@core\\vendor\\laravel\\framework\\src\\Illuminate\\Database\\Connection.php(780): Illuminate\\Database\\Connection->handleQueryException(Object(Illuminate\\Database\\QueryException), 'select * from `...', Array, Object(Closure))
#14 E:\\xampp-8.2\\htdocs\\nexelit\\@core\\vendor\\laravel\\framework\\src\\Illuminate\\Database\\Connection.php(397): Illuminate\\Database\\Connection->run('select * from `...', Array, Object(Closure))
#15 E:\\xampp-8.2\\htdocs\\nexelit\\@core\\vendor\\laravel\\framework\\src\\Illuminate\\Database\\Query\\Builder.php(3188): Illuminate\\Database\\Connection->select('select * from `...', Array, true)
#16 E:\\xampp-8.2\\htdocs\\nexelit\\@core\\vendor\\laravel\\framework\\src\\Illuminate\\Database\\Query\\Builder.php(3173): Illuminate\\Database\\Query\\Builder->runSelect()
#17 E:\\xampp-8.2\\htdocs\\nexelit\\@core\\vendor\\laravel\\framework\\src\\Illuminate\\Database\\Query\\Builder.php(3763): Illuminate\\Database\\Query\\Builder->Illuminate\\Database\\Query\\{closure}()
#18 E:\\xampp-8.2\\htdocs\\nexelit\\@core\\vendor\\laravel\\framework\\src\\Illuminate\\Database\\Query\\Builder.php(3172): Illuminate\\Database\\Query\\Builder->onceWithColumns(Array, Object(Closure))
#19 E:\\xampp-8.2\\htdocs\\nexelit\\@core\\vendor\\laravel\\framework\\src\\Illuminate\\Database\\Eloquent\\Builder.php(902): Illuminate\\Database\\Query\\Builder->get(Array)
#20 E:\\xampp-8.2\\htdocs\\nexelit\\@core\\vendor\\laravel\\framework\\src\\Illuminate\\Database\\Eloquent\\Builder.php(884): Illuminate\\Database\\Eloquent\\Builder->getModels(Array)
#21 E:\\xampp-8.2\\htdocs\\nexelit\\@core\\vendor\\laravel\\framework\\src\\Illuminate\\Database\\Concerns\\BuildsQueries.php(366): Illuminate\\Database\\Eloquent\\Builder->get(Array)
#22 E:\\xampp-8.2\\htdocs\\nexelit\\@core\\app\\Helpers\\LanguageHelper.php(70): Illuminate\\Database\\Eloquent\\Builder->first()
#23 E:\\xampp-8.2\\htdocs\\nexelit\\@core\\app\\Helpers\\helpers.php(316): App\\Helpers\\LanguageHelper::user_lang_slug()
#24 E:\\xampp-8.2\\htdocs\\nexelit\\@core\\storage\\framework\\views\\8a25eb19e384c0f70378ec8170c30078.php(8): get_user_lang()
#25 E:\\xampp-8.2\\htdocs\\nexelit\\@core\\vendor\\laravel\\framework\\src\\Illuminate\\Filesystem\\Filesystem.php(123): require('E:\\\\xampp-8.2\\\\ht...')
#26 E:\\xampp-8.2\\htdocs\\nexelit\\@core\\vendor\\laravel\\framework\\src\\Illuminate\\Filesystem\\Filesystem.php(124): Illuminate\\Filesystem\\Filesystem::Illuminate\\Filesystem\\{closure}()
#27 E:\\xampp-8.2\\htdocs\\nexelit\\@core\\vendor\\laravel\\framework\\src\\Illuminate\\View\\Engines\\PhpEngine.php(57): Illuminate\\Filesystem\\Filesystem->getRequire('E:\\\\xampp-8.2\\\\ht...', Array)
#28 E:\\xampp-8.2\\htdocs\\nexelit\\@core\\vendor\\laravel\\framework\\src\\Illuminate\\View\\Engines\\CompilerEngine.php(76): Illuminate\\View\\Engines\\PhpEngine->evaluatePath('E:\\\\xampp-8.2\\\\ht...', Array)
#29 E:\\xampp-8.2\\htdocs\\nexelit\\@core\\vendor\\laravel\\framework\\src\\Illuminate\\View\\View.php(208): Illuminate\\View\\Engines\\CompilerEngine->get('E:\\\\xampp-8.2\\\\ht...', Array)
#30 E:\\xampp-8.2\\htdocs\\nexelit\\@core\\vendor\\laravel\\framework\\src\\Illuminate\\View\\View.php(191): Illuminate\\View\\View->getContents()
#31 E:\\xampp-8.2\\htdocs\\nexelit\\@core\\vendor\\laravel\\framework\\src\\Illuminate\\View\\View.php(160): Illuminate\\View\\View->renderContents()
#32 E:\\xampp-8.2\\htdocs\\nexelit\\@core\\vendor\\laravel\\framework\\src\\Illuminate\\Http\\Response.php(78): Illuminate\\View\\View->render()
#33 E:\\xampp-8.2\\htdocs\\nexelit\\@core\\vendor\\laravel\\framework\\src\\Illuminate\\Http\\Response.php(34): Illuminate\\Http\\Response->setContent(Object(Illuminate\\View\\View))
#34 E:\\xampp-8.2\\htdocs\\nexelit\\@core\\vendor\\laravel\\framework\\src\\Illuminate\\Routing\\ResponseFactory.php(61): Illuminate\\Http\\Response->__construct(Object(Illuminate\\View\\View), 500, Array)
#35 E:\\xampp-8.2\\htdocs\\nexelit\\@core\\vendor\\laravel\\framework\\src\\Illuminate\\Routing\\ResponseFactory.php(91): Illuminate\\Routing\\ResponseFactory->make(Object(Illuminate\\View\\View), 500, Array)
#36 E:\\xampp-8.2\\htdocs\\nexelit\\@core\\vendor\\laravel\\framework\\src\\Illuminate\\Foundation\\Exceptions\\Handler.php(927): Illuminate\\Routing\\ResponseFactory->view('errors::500', Array, 500, Array)
#37 E:\\xampp-8.2\\htdocs\\nexelit\\@core\\vendor\\laravel\\framework\\src\\Illuminate\\Foundation\\Exceptions\\Handler.php(848): Illuminate\\Foundation\\Exceptions\\Handler->renderHttpException(Object(Symfony\\Component\\HttpKernel\\Exception\\HttpException))
#38 E:\\xampp-8.2\\htdocs\\nexelit\\@core\\vendor\\laravel\\framework\\src\\Illuminate\\Foundation\\Exceptions\\Handler.php(739): Illuminate\\Foundation\\Exceptions\\Handler->prepareResponse(Object(Illuminate\\Http\\Request), Object(Symfony\\Component\\HttpKernel\\Exception\\HttpException))
#39 E:\\xampp-8.2\\htdocs\\nexelit\\@core\\vendor\\laravel\\framework\\src\\Illuminate\\Foundation\\Exceptions\\Handler.php(627): Illuminate\\Foundation\\Exceptions\\Handler->renderExceptionResponse(Object(Illuminate\\Http\\Request), Object(Illuminate\\Encryption\\MissingAppKeyException))
#40 E:\\xampp-8.2\\htdocs\\nexelit\\@core\\app\\Exceptions\\Handler.php(36): Illuminate\\Foundation\\Exceptions\\Handler->render(Object(Illuminate\\Http\\Request), Object(Illuminate\\Encryption\\MissingAppKeyException))
#41 E:\\xampp-8.2\\htdocs\\nexelit\\@core\\vendor\\laravel\\framework\\src\\Illuminate\\Routing\\Pipeline.php(51): App\\Exceptions\\Handler->render(Object(Illuminate\\Http\\Request), Object(Illuminate\\Encryption\\MissingAppKeyException))
#42 E:\\xampp-8.2\\htdocs\\nexelit\\@core\\vendor\\laravel\\framework\\src\\Illuminate\\Pipeline\\Pipeline.php(224): Illuminate\\Routing\\Pipeline->handleException(Object(Illuminate\\Http\\Request), Object(Illuminate\\Encryption\\MissingAppKeyException))
#43 E:\\xampp-8.2\\htdocs\\nexelit\\@core\\vendor\\laravel\\framework\\src\\Illuminate\\Pipeline\\Pipeline.php(137): Illuminate\\Pipeline\\Pipeline->Illuminate\\Pipeline\\{closure}(Object(Illuminate\\Http\\Request))
#44 E:\\xampp-8.2\\htdocs\\nexelit\\@core\\vendor\\laravel\\framework\\src\\Illuminate\\Routing\\Router.php(821): Illuminate\\Pipeline\\Pipeline->then(Object(Closure))
#45 E:\\xampp-8.2\\htdocs\\nexelit\\@core\\vendor\\laravel\\framework\\src\\Illuminate\\Routing\\Router.php(800): Illuminate\\Routing\\Router->runRouteWithinStack(Object(Illuminate\\Routing\\Route), Object(Illuminate\\Http\\Request))
#46 E:\\xampp-8.2\\htdocs\\nexelit\\@core\\vendor\\laravel\\framework\\src\\Illuminate\\Routing\\Router.php(764): Illuminate\\Routing\\Router->runRoute(Object(Illuminate\\Http\\Request), Object(Illuminate\\Routing\\Route))
#47 E:\\xampp-8.2\\htdocs\\nexelit\\@core\\vendor\\laravel\\framework\\src\\Illuminate\\Routing\\Router.php(753): Illuminate\\Routing\\Router->dispatchToRoute(Object(Illuminate\\Http\\Request))
#48 E:\\xampp-8.2\\htdocs\\nexelit\\@core\\vendor\\laravel\\framework\\src\\Illuminate\\Foundation\\Http\\Kernel.php(200): Illuminate\\Routing\\Router->dispatch(Object(Illuminate\\Http\\Request))
#49 E:\\xampp-8.2\\htdocs\\nexelit\\@core\\vendor\\laravel\\framework\\src\\Illuminate\\Pipeline\\Pipeline.php(180): Illuminate\\Foundation\\Http\\Kernel->Illuminate\\Foundation\\Http\\{closure}(Object(Illuminate\\Http\\Request))
#50 E:\\xampp-8.2\\htdocs\\nexelit\\@core\\vendor\\barryvdh\\laravel-debugbar\\src\\Middleware\\InjectDebugbar.php(59): Illuminate\\Pipeline\\Pipeline->Illuminate\\Pipeline\\{closure}(Object(Illuminate\\Http\\Request))
#51 E:\\xampp-8.2\\htdocs\\nexelit\\@core\\vendor\\laravel\\framework\\src\\Illuminate\\Pipeline\\Pipeline.php(219): Barryvdh\\Debugbar\\Middleware\\InjectDebugbar->handle(Object(Illuminate\\Http\\Request), Object(Closure))
#52 E:\\xampp-8.2\\htdocs\\nexelit\\@core\\vendor\\xgenious\\installer\\src\\Http\\Middleware\\InstallerMiddleware.php(18): Illuminate\\Pipeline\\Pipeline->Illuminate\\Pipeline\\{closure}(Object(Illuminate\\Http\\Request))
#53 E:\\xampp-8.2\\htdocs\\nexelit\\@core\\vendor\\laravel\\framework\\src\\Illuminate\\Pipeline\\Pipeline.php(219): Xgenious\\Installer\\Http\\Middleware\\InstallerMiddleware->handle(Object(Illuminate\\Http\\Request), Object(Closure))
#54 E:\\xampp-8.2\\htdocs\\nexelit\\@core\\vendor\\laravel\\framework\\src\\Illuminate\\Foundation\\Http\\Middleware\\TransformsRequest.php(21): Illuminate\\Pipeline\\Pipeline->Illuminate\\Pipeline\\{closure}(Object(Illuminate\\Http\\Request))
#55 E:\\xampp-8.2\\htdocs\\nexelit\\@core\\vendor\\laravel\\framework\\src\\Illuminate\\Foundation\\Http\\Middleware\\ConvertEmptyStringsToNull.php(31): Illuminate\\Foundation\\Http\\Middleware\\TransformsRequest->handle(Object(Illuminate\\Http\\Request), Object(Closure))
#56 E:\\xampp-8.2\\htdocs\\nexelit\\@core\\vendor\\laravel\\framework\\src\\Illuminate\\Pipeline\\Pipeline.php(219): Illuminate\\Foundation\\Http\\Middleware\\ConvertEmptyStringsToNull->handle(Object(Illuminate\\Http\\Request), Object(Closure))
#57 E:\\xampp-8.2\\htdocs\\nexelit\\@core\\vendor\\laravel\\framework\\src\\Illuminate\\Foundation\\Http\\Middleware\\TransformsRequest.php(21): Illuminate\\Pipeline\\Pipeline->Illuminate\\Pipeline\\{closure}(Object(Illuminate\\Http\\Request))
#58 E:\\xampp-8.2\\htdocs\\nexelit\\@core\\vendor\\laravel\\framework\\src\\Illuminate\\Foundation\\Http\\Middleware\\TrimStrings.php(51): Illuminate\\Foundation\\Http\\Middleware\\TransformsRequest->handle(Object(Illuminate\\Http\\Request), Object(Closure))
#59 E:\\xampp-8.2\\htdocs\\nexelit\\@core\\vendor\\laravel\\framework\\src\\Illuminate\\Pipeline\\Pipeline.php(219): Illuminate\\Foundation\\Http\\Middleware\\TrimStrings->handle(Object(Illuminate\\Http\\Request), Object(Closure))
#60 E:\\xampp-8.2\\htdocs\\nexelit\\@core\\vendor\\laravel\\framework\\src\\Illuminate\\Http\\Middleware\\ValidatePostSize.php(27): Illuminate\\Pipeline\\Pipeline->Illuminate\\Pipeline\\{closure}(Object(Illuminate\\Http\\Request))
#61 E:\\xampp-8.2\\htdocs\\nexelit\\@core\\vendor\\laravel\\framework\\src\\Illuminate\\Pipeline\\Pipeline.php(219): Illuminate\\Http\\Middleware\\ValidatePostSize->handle(Object(Illuminate\\Http\\Request), Object(Closure))
#62 E:\\xampp-8.2\\htdocs\\nexelit\\@core\\vendor\\laravel\\framework\\src\\Illuminate\\Foundation\\Http\\Middleware\\PreventRequestsDuringMaintenance.php(109): Illuminate\\Pipeline\\Pipeline->Illuminate\\Pipeline\\{closure}(Object(Illuminate\\Http\\Request))
#63 E:\\xampp-8.2\\htdocs\\nexelit\\@core\\vendor\\laravel\\framework\\src\\Illuminate\\Pipeline\\Pipeline.php(219): Illuminate\\Foundation\\Http\\Middleware\\PreventRequestsDuringMaintenance->handle(Object(Illuminate\\Http\\Request), Object(Closure))
#64 E:\\xampp-8.2\\htdocs\\nexelit\\@core\\vendor\\laravel\\framework\\src\\Illuminate\\Http\\Middleware\\TrustProxies.php(58): Illuminate\\Pipeline\\Pipeline->Illuminate\\Pipeline\\{closure}(Object(Illuminate\\Http\\Request))
#65 E:\\xampp-8.2\\htdocs\\nexelit\\@core\\vendor\\laravel\\framework\\src\\Illuminate\\Pipeline\\Pipeline.php(219): Illuminate\\Http\\Middleware\\TrustProxies->handle(Object(Illuminate\\Http\\Request), Object(Closure))
#66 E:\\xampp-8.2\\htdocs\\nexelit\\@core\\vendor\\laravel\\framework\\src\\Illuminate\\Pipeline\\Pipeline.php(137): Illuminate\\Pipeline\\Pipeline->Illuminate\\Pipeline\\{closure}(Object(Illuminate\\Http\\Request))
#67 E:\\xampp-8.2\\htdocs\\nexelit\\@core\\vendor\\laravel\\framework\\src\\Illuminate\\Foundation\\Http\\Kernel.php(175): Illuminate\\Pipeline\\Pipeline->then(Object(Closure))
#68 E:\\xampp-8.2\\htdocs\\nexelit\\@core\\vendor\\laravel\\framework\\src\\Illuminate\\Foundation\\Http\\Kernel.php(144): Illuminate\\Foundation\\Http\\Kernel->sendRequestThroughRouter(Object(Illuminate\\Http\\Request))
#69 E:\\xampp-8.2\\htdocs\\nexelit\\index.php(54): Illuminate\\Foundation\\Http\\Kernel->handle(Object(Illuminate\\Http\\Request))
#70 {main}
"} 
[2026-09-14 21:47:26] production.ERROR: No application encryption key has been specified. {"exception":"[object] (Illuminate\\Encryption\\MissingAppKeyException(code: 0): No application encryption key has been specified. at E:\\xampp-8.2\\htdocs\\nexelit\\@core\\vendor\\laravel\\framework\\src\\Illuminate\\Encryption\\EncryptionServiceProvider.php:83)
[stacktrace]
#0 E:\\xampp-8.2\\htdocs\\nexelit\\@core\\vendor\\laravel\\framework\\src\\Illuminate\\Support\\helpers.php(390): Illuminate\\Encryption\\EncryptionServiceProvider->Illuminate\\Encryption\\{closure}(NULL)
#1 E:\\xampp-8.2\\htdocs\\nexelit\\@core\\vendor\\laravel\\framework\\src\\Illuminate\\Encryption\\EncryptionServiceProvider.php(81): tap(NULL, Object(Closure))
#2 E:\\xampp-8.2\\htdocs\\nexelit\\@core\\vendor\\laravel\\framework\\src\\Illuminate\\Encryption\\EncryptionServiceProvider.php(64): Illuminate\\Encryption\\EncryptionServiceProvider->key(Array)
#3 E:\\xampp-8.2\\htdocs\\nexelit\\@core\\vendor\\laravel\\framework\\src\\Illuminate\\Encryption\\EncryptionServiceProvider.php(32): Illuminate\\Encryption\\EncryptionServiceProvider->parseKey(Array)
#4 E:\\xampp-8.2\\htdocs\\nexelit\\@core\\vendor\\laravel\\framework\\src\\Illuminate\\Container\\Container.php(1154): Illuminate\\Encryption\\EncryptionServiceProvider->Illuminate\\Encryption\\{closure}(Object(Illuminate\\Foundation\\Application), Array)
#5 E:\\xampp-8.2\\htdocs\\nexelit\\@core\\vendor\\laravel\\framework\\src\\Illuminate\\Container\\Container.php(972): Illuminate\\Container\\Container->build(Object(Closure))
#6 E:\\xampp-8.2\\htdocs\\nexelit\\@core\\vendor\\laravel\\framework\\src\\Illuminate\\Foundation\\Application.php(1078): Illuminate\\Container\\Container->resolve('encrypter', Array, true)
#7 E:\\xampp-8.2\\htdocs\\nexelit\\@core\\vendor\\laravel\\framework\\src\\Illuminate\\Container\\Container.php(903): Illuminate\\Foundation\\Application->resolve('encrypter', Array)
#8 E:\\xampp-8.2\\htdocs\\nexelit\\@core\\vendor\\laravel\\framework\\src\\Illuminate\\Foundation\\Application.php(1058): Illuminate\\Container\\Container->make('encrypter', Array)
#9 E:\\xampp-8.2\\htdocs\\nexelit\\@core\\vendor\\laravel\\framework\\src\\Illuminate\\Container\\Container.php(1379): Illuminate\\Foundation\\Application->make('encrypter')
#10 E:\\xampp-8.2\\htdocs\\nexelit\\@core\\vendor\\laravel\\framework\\src\\Illuminate\\Container\\Container.php(1278): Illuminate\\Container\\Container->resolveClass(Object(ReflectionParameter))
#11 E:\\xampp-8.2\\htdocs\\nexelit\\@core\\vendor\\laravel\\framework\\src\\Illuminate\\Container\\Container.php(1201): Illuminate\\Container\\Container->resolveDependencies(Array)
#12 E:\\xampp-8.2\\htdocs\\nexelit\\@core\\vendor\\laravel\\framework\\src\\Illuminate\\Container\\Container.php(972): Illuminate\\Container\\Container->build('App\\\\Http\\\\Middle...')
#13 E:\\xampp-8.2\\htdocs\\nexelit\\@core\\vendor\\laravel\\framework\\src\\Illuminate\\Foundation\\Application.php(1078): Illuminate\\Container\\Container->resolve('App\\\\Http\\\\Middle...', Array, true)
#14 E:\\xampp-8.2\\htdocs\\nexelit\\@core\\vendor\\laravel\\framework\\src\\Illuminate\\Container\\Container.php(903): Illuminate\\Foundation\\Application->resolve('App\\\\Http\\\\Middle...', Array)
#15 E:\\xampp-8.2\\htdocs\\nexelit\\@core\\vendor\\laravel\\framework\\src\\Illuminate\\Foundation\\Application.php(1058): Illuminate\\Container\\Container->make('App\\\\Http\\\\Middle...', Array)
#16 E:\\xampp-8.2\\htdocs\\nexelit\\@core\\vendor\\laravel\\framework\\src\\Illuminate\\Foundation\\Http\\Kernel.php(257): Illuminate\\Foundation\\Application->make('App\\\\Http\\\\Middle...')
#17 E:\\xampp-8.2\\htdocs\\nexelit\\@core\\vendor\\laravel\\framework\\src\\Illuminate\\Foundation\\Http\\Kernel.php(215): Illuminate\\Foundation\\Http\\Kernel->terminateMiddleware(Object(Illuminate\\Http\\Request), Object(Illuminate\\Http\\Response))
#18 E:\\xampp-8.2\\htdocs\\nexelit\\index.php(60): Illuminate\\Foundation\\Http\\Kernel->terminate(Object(Illuminate\\Http\\Request), Object(Illuminate\\Http\\Response))
#19 {main}
"} 
[2026-09-14 21:47:26] production.ERROR: SQLSTATE[HY000] [1045] Access denied for user 'forge'@'localhost' (using password: NO) (Connection: mysql, SQL: select * from `languages` where `default` = 1 limit 1) {"view":{"view":"E:\\xampp-8.2\\htdocs\\nexelit\\@core\\resources\\views\\errors\\500.blade.php","data":{"home_page_variant":"<pre class=sf-dump id=sf-dump-695145963 data-indent-pad=\"  \">\"<span class=sf-dump-str title=\"2 characters\">01</span>\"
</pre><script>Sfdump(\"sf-dump-695145963\", {\"maxDepth\":3,\"maxStringLength\":160})</script>
","errors":"<pre class=sf-dump id=sf-dump-525135598 data-indent-pad=\"  \"><span class=sf-dump-note>Illuminate\\Support\\ViewErrorBag</span> {<a class=sf-dump-ref>#1867</a><samp data-depth=1 class=sf-dump-expanded>
  #<span class=sf-dump-protected title=\"Protected property\">bags</span>: []
</samp>}
</pre><script>Sfdump(\"sf-dump-525135598\", {\"maxDepth\":3,\"maxStringLength\":160})</script>
","exception":"<pre class=sf-dump id=sf-dump-479098812 data-indent-pad=\"  \"><span class=sf-dump-note>Symfony\\Component\\HttpKernel\\Exception\\HttpException</span> {<a class=sf-dump-ref>#1864</a><samp data-depth=1 class=sf-dump-expanded>
  #<span class=sf-dump-protected title=\"Protected property\">message</span>: \"<span class=sf-dump-str title=\"49 characters\">No application encryption key has been specified.</span>\"
  #<span class=sf-dump-protected title=\"Protected property\">code</span>: <span class=sf-dump-num>0</span>
  #<span class=sf-dump-protected title=\"Protected property\">file</span>: \"<span class=\"sf-dump-str sf-dump-ellipsization\" title=\"E:\\xampp-8.2\\htdocs\\nexelit\\@core\\vendor\\laravel\\framework\\src\\Illuminate\\Foundation\\Exceptions\\Handler.php
107 characters\"><span class=\"sf-dump-ellipsis sf-dump-ellipsis-path\">E:\\xampp-8.2\\htdocs\\nexelit\\@core\\vendor</span><span class=\"sf-dump-ellipsis sf-dump-ellipsis-path\">\\laravel\\framework\\</span><span class=\"sf-dump-ellipsis-tail\">src\\Illuminate\\Foundation\\Exceptions\\Handler.php</span></span>\"
  #<span class=sf-dump-protected title=\"Protected property\">line</span>: <span class=sf-dump-num>844</span>
  -<span class=sf-dump-private title=\"Private property defined in class:&#10;`Exception`\">previous</span>: <span class=\"sf-dump-note sf-dump-ellipsization\" title=\"Illuminate\\Encryption\\MissingAppKeyException
\"><span class=\"sf-dump-ellipsis sf-dump-ellipsis-note\">Illuminate\\Encryption</span><span class=\"sf-dump-ellipsis sf-dump-ellipsis-note\">\\</span><span class=\"sf-dump-ellipsis-tail\">MissingAppKeyException</span></span> {<a class=sf-dump-ref href=#sf-dump-479098812-ref21871 title=\"7 occurrences\">#1871</a><samp data-depth=2 id=sf-dump-479098812-ref21871 class=sf-dump-compact>
    #<span class=sf-dump-protected title=\"Protected property\">message</span>: \"<span class=sf-dump-str title=\"49 characters\">No application encryption key has been specified.</span>\"
    #<span class=sf-dump-protected title=\"Protected property\">code</span>: <span class=sf-dump-num>0</span>
    #<span class=sf-dump-protected title=\"Protected property\">file</span>: \"<span class=\"sf-dump-str sf-dump-ellipsization\" title=\"E:\\xampp-8.2\\htdocs\\nexelit\\@core\\vendor\\laravel\\framework\\src\\Illuminate\\Encryption\\EncryptionServiceProvider.php
114 characters\"><span class=\"sf-dump-ellipsis sf-dump-ellipsis-path\">E:\\xampp-8.2\\htdocs\\nexelit\\@core\\vendor</span><span class=\"sf-dump-ellipsis sf-dump-ellipsis-path\">\\laravel\\framework\\</span><span class=\"sf-dump-ellipsis-tail\">src\\Illuminate\\Encryption\\EncryptionServiceProvider.php</span></span>\"
    #<span class=sf-dump-protected title=\"Protected property\">line</span>: <span class=sf-dump-num>83</span>
    <span class=sf-dump-meta>trace</span>: {<samp data-depth=3 class=sf-dump-compact>
      <span class=\"sf-dump-meta sf-dump-ellipsization\" title=\"E:\\xampp-8.2\\htdocs\\nexelit\\@core\\vendor\\laravel\\framework\\src\\Illuminate\\Encryption\\EncryptionServiceProvider.php:83
Stack level 20.\"><span class=\"sf-dump-ellipsis sf-dump-ellipsis-path\">E:\\xampp-8.2\\htdocs\\nexelit\\@core\\vendor</span><span class=\"sf-dump-ellipsis sf-dump-ellipsis-path\">\\laravel\\framework\\</span><span class=\"sf-dump-ellipsis-tail\">src\\Illuminate\\Encryption\\EncryptionServiceProvider.php:83</span></span> { &#8230;4}
      <span class=\"sf-dump-meta sf-dump-ellipsization\" title=\"E:\\xampp-8.2\\htdocs\\nexelit\\@core\\vendor\\laravel\\framework\\src\\Illuminate\\Support\\helpers.php:390
Stack level 19.\"><span class=\"sf-dump-ellipsis sf-dump-ellipsis-path\">E:\\xampp-8.2\\htdocs\\nexelit\\@core\\vendor</span><span class=\"sf-dump-ellipsis sf-dump-ellipsis-path\">\\laravel\\framework\\</span><span class=\"sf-dump-ellipsis-tail\">src\\Illuminate\\Support\\helpers.php:390</span></span> { &#8230;5}
      <span class=\"sf-dump-meta sf-dump-ellipsization\" title=\"E:\\xampp-8.2\\htdocs\\nexelit\\@core\\vendor\\laravel\\framework\\src\\Illuminate\\Encryption\\EncryptionServiceProvider.php:81
Stack level 18.\"><span class=\"sf-dump-ellipsis sf-dump-ellipsis-path\">E:\\xampp-8.2\\htdocs\\nexelit\\@core\\vendor</span><span class=\"sf-dump-ellipsis sf-dump-ellipsis-path\">\\laravel\\framework\\</span><span class=\"sf-dump-ellipsis-tail\">src\\Illuminate\\Encryption\\EncryptionServiceProvider.php:81</span></span> { &#8230;5}
      <span class=\"sf-dump-meta sf-dump-ellipsization\" title=\"E:\\xampp-8.2\\htdocs\\nexelit\\@core\\vendor\\laravel\\framework\\src\\Illuminate\\Encryption\\EncryptionServiceProvider.php:64
Stack level 17.\"><span class=\"sf-dump-ellipsis sf-dump-ellipsis-path\">E:\\xampp-8.2\\htdocs\\nexelit\\@core\\vendor</span><span class=\"sf-dump-ellipsis sf-dump-ellipsis-path\">\\laravel\\framework\\</span><span class=\"sf-dump-ellipsis-tail\">src\\Illuminate\\Encryption\\EncryptionServiceProvider.php:64</span></span> { &#8230;5}
      <span class=\"sf-dump-meta sf-dump-ellipsization\" title=\"E:\\xampp-8.2\\htdocs\\nexelit\\@core\\vendor\\laravel\\framework\\src\\Illuminate\\Encryption\\EncryptionServiceProvider.php:32
Stack level 16.\"><span class=\"sf-dump-ellipsis sf-dump-ellipsis-path\">E:\\xampp-8.2\\htdocs\\nexelit\\@core\\vendor</span><span class=\"sf-dump-ellipsis sf-dump-ellipsis-path\">\\laravel\\framework\\</span><span class=\"sf-dump-ellipsis-tail\">src\\Illuminate\\Encryption\\EncryptionServiceProvider.php:32</span></span> { &#8230;5}
      <span class=\"sf-dump-meta sf-dump-ellipsization\" title=\"E:\\xampp-8.2\\htdocs\\nexelit\\@core\\vendor\\laravel\\framework\\src\\Illuminate\\Container\\Container.php:1154
Stack level 15.\"><span class=\"sf-dump-ellipsis sf-dump-ellipsis-path\">E:\\xampp-8.2\\htdocs\\nexelit\\@core\\vendor</span><span class=\"sf-dump-ellipsis sf-dump-ellipsis-path\">\\laravel\\framework\\</span><span class=\"sf-dump-ellipsis-tail\">src\\Illuminate\\Container\\Container.php:1154</span></span> { &#8230;5}
      <span class=\"sf-dump-meta sf-dump-ellipsization\" title=\"E:\\xampp-8.2\\htdocs\\nexelit\\@core\\vendor\\laravel\\framework\\src\\Illuminate\\Container\\Container.php:972
Stack level 14.\"><span class=\"sf-dump-ellipsis sf-dump-ellipsis-path\">E:\\xampp-8.2\\htdocs\\nexelit\\@core\\vendor</span><span class=\"sf-dump-ellipsis sf-dump-ellipsis-path\">\\laravel\\framework\\</span><span class=\"sf-dump-ellipsis-tail\">src\\Illuminate\\Container\\Container.php:972</span></span> { &#8230;5}
      <span class=\"sf-dump-meta sf-dump-ellipsization\" title=\"E:\\xampp-8.2\\htdocs\\nexelit\\@core\\vendor\\laravel\\framework\\src\\Illuminate\\Foundation\\Application.php:1078
Stack level 13.\"><span class=\"sf-dump-ellipsis sf-dump-ellipsis-path\">E:\\xampp-8.2\\htdocs\\nexelit\\@core\\vendor</span><span class=\"sf-dump-ellipsis sf-dump-ellipsis-path\">\\laravel\\framework\\</span><span class=\"sf-dump-ellipsis-tail\">src\\Illuminate\\Foundation\\Application.php:1078</span></span> { &#8230;5}
      <span class=\"sf-dump-meta sf-dump-ellipsization\" title=\"E:\\xampp-8.2\\htdocs\\nexelit\\@core\\vendor\\laravel\\framework\\src\\Illuminate\\Container\\Container.php:903
Stack level 12.\"><span class=\"sf-dump-ellipsis sf-dump-ellipsis-path\">E:\\xampp-8.2\\htdocs\\nexelit\\@core\\vendor</span><span class=\"sf-dump-ellipsis sf-dump-ellipsis-path\">\\laravel\\framework\\</span><span class=\"sf-dump-ellipsis-tail\">src\\Illuminate\\Container\\Container.php:903</span></span> { &#8230;5}
      <span class=\"sf-dump-meta sf-dump-ellipsization\" title=\"E:\\xampp-8.2\\htdocs\\nexelit\\@core\\vendor\\laravel\\framework\\src\\Illuminate\\Foundation\\Application.php:1058
Stack level 11.\"><span class=\"sf-dump-ellipsis sf-dump-ellipsis-path\">E:\\xampp-8.2\\htdocs\\nexelit\\@core\\vendor</span><span class=\"sf-dump-ellipsis sf-dump-ellipsis-path\">\\laravel\\framework\\</span><span class=\"sf-dump-ellipsis-tail\">src\\Illuminate\\Foundation\\Application.php:1058</span></span> { &#8230;5}
      <span class=\"sf-dump-meta sf-dump-ellipsization\" title=\"E:\\xampp-8.2\\htdocs\\nexelit\\@core\\vendor\\laravel\\framework\\src\\Illuminate\\Container\\Container.php:1379
Stack level 10.\"><span class=\"sf-dump-ellipsis sf-dump-ellipsis-path\">E:\\xampp-8.2\\htdocs\\nexelit\\@core\\vendor</span><span class=\"sf-dump-ellipsis sf-dump-ellipsis-path\">\\laravel\\framework\\</span><span class=\"sf-dump-ellipsis-tail\">src\\Illuminate\\Container\\Container.php:1379</span></span> { &#8230;5}
      <span class=\"sf-dump-meta sf-dump-ellipsization\" title=\"E:\\xampp-8.2\\htdocs\\nexelit\\@core\\vendor\\laravel\\framework\\src\\Illuminate\\Container\\Container.php:1278
Stack level 9.\"><span class=\"sf-dump-ellipsis sf-dump-ellipsis-path\">E:\\xampp-8.2\\htdocs\\nexelit\\@core\\vendor</span><span class=\"sf-dump-ellipsis sf-dump-ellipsis-path\">\\laravel\\framework\\</span><span class=\"sf-dump-ellipsis-tail\">src\\Illuminate\\Container\\Container.php:1278</span></span> { &#8230;5}
      <span class=\"sf-dump-meta sf-dump-ellipsization\" title=\"E:\\xampp-8.2\\htdocs\\nexelit\\@core\\vendor\\laravel\\framework\\src\\Illuminate\\Container\\Container.php:1201
Stack level 8.\"><span class=\"sf-dump-ellipsis sf-dump-ellipsis-path\">E:\\xampp-8.2\\htdocs\\nexelit\\@core\\vendor</span><span class=\"sf-dump-ellipsis sf-dump-ellipsis-path\">\\laravel\\framework\\</span><span class=\"sf-dump-ellipsis-tail\">src\\Illuminate\\Container\\Container.php:1201</span></span> { &#8230;5}
      <span class=\"sf-dump-meta sf-dump-ellipsization\" title=\"E:\\xampp-8.2\\htdocs\\nexelit\\@core\\vendor\\laravel\\framework\\src\\Illuminate\\Container\\Container.php:972
Stack level 7.\"><span class=\"sf-dump-ellipsis sf-dump-ellipsis-path\">E:\\xampp-8.2\\htdocs\\nexelit\\@core\\vendor</span><span class=\"sf-dump-ellipsis sf-dump-ellipsis-path\">\\laravel\\framework\\</span><span class=\"sf-dump-ellipsis-tail\">src\\Illuminate\\Container\\Container.php:972</span></span> { &#8230;5}
      <span class=\"sf-dump-meta sf-dump-ellipsization\" title=\"E:\\xampp-8.2\\htdocs\\nexelit\\@core\\vendor\\laravel\\framework\\src\\Illuminate\\Foundation\\Application.php:1078
Stack level 6.\"><span class=\"sf-dump-ellipsis sf-dump-ellipsis-path\">E:\\xampp-8.2\\htdocs\\nexelit\\@core\\vendor</span><span class=\"sf-dump-ellipsis sf-dump-ellipsis-path\">\\laravel\\framework\\</span><span class=\"sf-dump-ellipsis-tail\">src\\Illuminate\\Foundation\\Application.php:1078</span></span> { &#8230;5}
      <span class=\"sf-dump-meta sf-dump-ellipsization\" title=\"E:\\xampp-8.2\\htdocs\\nexelit\\@core\\vendor\\laravel\\framework\\src\\Illuminate\\Container\\Container.php:903
Stack level 5.\"><span class=\"sf-dump-ellipsis sf-dump-ellipsis-path\">E:\\xampp-8.2\\htdocs\\nexelit\\@core\\vendor</span><span class=\"sf-dump-ellipsis sf-dump-ellipsis-path\">\\laravel\\framework\\</span><span class=\"sf-dump-ellipsis-tail\">src\\Illuminate\\Container\\Container.php:903</span></span> { &#8230;5}
      <span class=\"sf-dump-meta sf-dump-ellipsization\" title=\"E:\\xampp-8.2\\htdocs\\nexelit\\@core\\vendor\\laravel\\framework\\src\\Illuminate\\Foundation\\Application.php:1058
Stack level 4.\"><span class=\"sf-dump-ellipsis sf-dump-ellipsis-path\">E:\\xampp-8.2\\htdocs\\nexelit\\@core\\vendor</span><span class=\"sf-dump-ellipsis sf-dump-ellipsis-path\">\\laravel\\framework\\</span><span class=\"sf-dump-ellipsis-tail\">src\\Illuminate\\Foundation\\Application.php:1058</span></span> { &#8230;5}
      <span class=\"sf-dump-meta sf-dump-ellipsization\" title=\"E:\\xampp-8.2\\htdocs\\nexelit\\@core\\vendor\\laravel\\framework\\src\\Illuminate\\Foundation\\Http\\Kernel.php:257
Stack level 3.\"><span class=\"sf-dump-ellipsis sf-dump-ellipsis-path\">E:\\xampp-8.2\\htdocs\\nexelit\\@core\\vendor</span><span class=\"sf-dump-ellipsis sf-dump-ellipsis-path\">\\laravel\\framework\\</span><span class=\"sf-dump-ellipsis-tail\">src\\Illuminate\\Foundation\\Http\\Kernel.php:257</span></span> { &#8230;5}
      <span class=\"sf-dump-meta sf-dump-ellipsization\" title=\"E:\\xampp-8.2\\htdocs\\nexelit\\@core\\vendor\\laravel\\framework\\src\\Illuminate\\Foundation\\Http\\Kernel.php:215
Stack level 2.\"><span class=\"sf-dump-ellipsis sf-dump-ellipsis-path\">E:\\xampp-8.2\\htdocs\\nexelit\\@core\\vendor</span><span class=\"sf-dump-ellipsis sf-dump-ellipsis-path\">\\laravel\\framework\\</span><span class=\"sf-dump-ellipsis-tail\">src\\Illuminate\\Foundation\\Http\\Kernel.php:215</span></span> { &#8230;5}
      <span class=\"sf-dump-meta sf-dump-ellipsization\" title=\"E:\\xampp-8.2\\htdocs\\nexelit\\index.php:60
Stack level 1.\"><span class=\"sf-dump-ellipsis sf-dump-ellipsis-path\">E:\\xampp-8.2\\htdocs</span><span class=\"sf-dump-ellipsis sf-dump-ellipsis-path\">\\</span><span class=\"sf-dump-ellipsis-tail\">nexelit\\index.php:60</span></span> { &#8230;4}
    </samp>}
  </samp>}
  -<span class=sf-dump-private title=\"Private property defined in class:&#10;`Symfony\\Component\\HttpKernel\\Exception\\HttpException`\">statusCode</span>: <span class=sf-dump-num>500</span>
  -<span class=sf-dump-private title=\"Private property defined in class:&#10;`Symfony\\Component\\HttpKernel\\Exception\\HttpException`\">headers</span>: []
  <span class=sf-dump-meta>trace</span>: {<samp data-depth=2 class=sf-dump-compact>
    <span class=\"sf-dump-meta sf-dump-ellipsization\" title=\"E:\\xampp-8.2\\htdocs\\nexelit\\@core\\vendor\\laravel\\framework\\src\\Illuminate\\Foundation\\Exceptions\\Handler.php:844
Stack level 8.\"><span class=\"sf-dump-ellipsis sf-dump-ellipsis-path\">E:\\xampp-8.2\\htdocs\\nexelit\\@core\\vendor</span><span class=\"sf-dump-ellipsis sf-dump-ellipsis-path\">\\laravel\\framework\\</span><span class=\"sf-dump-ellipsis-tail\">src\\Illuminate\\Foundation\\Exceptions\\Handler.php:844</span></span> {<samp data-depth=3 class=sf-dump-compact>
      <span class=\"sf-dump-note sf-dump-ellipsization\" title=\"Illuminate\\Foundation\\Exceptions\\Handler-&gt;prepareResponse($request, Throwable $e)
\"><span class=\"sf-dump-ellipsis sf-dump-ellipsis-note\">Illuminate\\Foundation\\Exceptions</span><span class=\"sf-dump-ellipsis sf-dump-ellipsis-note\">\\</span><span class=\"sf-dump-ellipsis-tail\">Handler-&gt;prepareResponse($request, Throwable $e)</span></span> &#8230;
      &#8250; <code class=\"php\"><span class=sf-dump-default>if (! $this-&gt;isHttpException($e)) {</span></code>
      &#8250; <code class=\"php\"><span class=sf-dump-const title=\"in Illuminate\\Foundation\\Exceptions\\Handler-&gt;prepareResponse($request, Throwable $e)\">    $e = new HttpException(500, $e-&gt;getMessage(), $e);</span></code>
      &#8250; <code class=\"php\"><span class=sf-dump-default>}</span></code>
    </samp>}
    <span class=\"sf-dump-meta sf-dump-ellipsization\" title=\"E:\\xampp-8.2\\htdocs\\nexelit\\@core\\vendor\\laravel\\framework\\src\\Illuminate\\Foundation\\Exceptions\\Handler.php:739
Stack level 7.\"><span class=\"sf-dump-ellipsis sf-dump-ellipsis-path\">E:\\xampp-8.2\\htdocs\\nexelit\\@core\\vendor</span><span class=\"sf-dump-ellipsis sf-dump-ellipsis-path\">\\laravel\\framework\\</span><span class=\"sf-dump-ellipsis-tail\">src\\Illuminate\\Foundation\\Exceptions\\Handler.php:739</span></span> {<samp data-depth=3 class=sf-dump-compact>
      <span class=\"sf-dump-note sf-dump-ellipsization\" title=\"Illuminate\\Foundation\\Exceptions\\Handler-&gt;renderExceptionResponse($request, Throwable $e)
\"><span class=\"sf-dump-ellipsis sf-dump-ellipsis-note\">Illuminate\\Foundation\\Exceptions</span><span class=\"sf-dump-ellipsis sf-dump-ellipsis-note\">\\</span><span class=\"sf-dump-ellipsis-tail\">Handler-&gt;renderExceptionResponse($request, Throwable $e)</span></span> &#8230;
      &#8250; <code class=\"php\"><span class=sf-dump-default>        ? $this-&gt;prepareJsonResponse($request, $e)</span></code>
      &#8250; <code class=\"php\"><span class=sf-dump-const title=\"in Illuminate\\Foundation\\Exceptions\\Handler-&gt;renderExceptionResponse($request, Throwable $e)\">        : $this-&gt;prepareResponse($request, $e);</span></code>
      &#8250; <code class=\"php\"><span class=sf-dump-default>}</span></code>
      <span class=sf-dump-meta>arguments</span>: { &#8230;2}
    </samp>}
    <span class=\"sf-dump-meta sf-dump-ellipsization\" title=\"E:\\xampp-8.2\\htdocs\\nexelit\\@core\\vendor\\laravel\\framework\\src\\Illuminate\\Foundation\\Exceptions\\Handler.php:627
Stack level 6.\"><span class=\"sf-dump-ellipsis sf-dump-ellipsis-path\">E:\\xampp-8.2\\htdocs\\nexelit\\@core\\vendor</span><span class=\"sf-dump-ellipsis sf-dump-ellipsis-path\">\\laravel\\framework\\</span><span class=\"sf-dump-ellipsis-tail\">src\\Illuminate\\Foundation\\Exceptions\\Handler.php:627</span></span> {<samp data-depth=3 class=sf-dump-compact>
      <span class=\"sf-dump-note sf-dump-ellipsization\" title=\"Illuminate\\Foundation\\Exceptions\\Handler-&gt;render($request, Throwable $e)
\"><span class=\"sf-dump-ellipsis sf-dump-ellipsis-note\">Illuminate\\Foundation\\Exceptions</span><span class=\"sf-dump-ellipsis sf-dump-ellipsis-note\">\\</span><span class=\"sf-dump-ellipsis-tail\">Handler-&gt;render($request, Throwable $e)</span></span> &#8230;
      &#8250; <code class=\"php\"><span class=sf-dump-default>    $e instanceof ValidationException =&gt; $this-&gt;convertValidationExceptionToResponse($e, $request),</span></code>
      &#8250; <code class=\"php\"><span class=sf-dump-const title=\"in Illuminate\\Foundation\\Exceptions\\Handler-&gt;render($request, Throwable $e)\">    default =&gt; $this-&gt;renderExceptionResponse($request, $e),</span></code>
      &#8250; <code class=\"php\"><span class=sf-dump-default>}, $e);</span></code>
      <span class=sf-dump-meta>arguments</span>: { &#8230;2}
    </samp>}
    <span class=\"sf-dump-meta sf-dump-ellipsization\" title=\"E:\\xampp-8.2\\htdocs\\nexelit\\@core\\app\\Exceptions\\Handler.php:36
Stack level 5.\"><span class=\"sf-dump-ellipsis sf-dump-ellipsis-path\">E:\\xampp-8.2\\htdocs\\nexelit\\@core</span><span class=\"sf-dump-ellipsis sf-dump-ellipsis-path\">\\</span><span class=\"sf-dump-ellipsis-tail\">app\\Exceptions\\Handler.php:36</span></span> {<samp data-depth=3 class=sf-dump-compact>
      <span class=\"sf-dump-note sf-dump-ellipsization\" title=\"App\\Exceptions\\Handler-&gt;render($request, Throwable $exception)
\"><span class=\"sf-dump-ellipsis sf-dump-ellipsis-note\">App\\Exceptions</span><span class=\"sf-dump-ellipsis sf-dump-ellipsis-note\">\\</span><span class=\"sf-dump-ellipsis-tail\">Handler-&gt;render($request, Throwable $exception)</span></span> &#8230;
      &#8250; <code class=\"php\"><span class=sf-dump-default>    }</span></code>
      &#8250; <code class=\"php\"><span class=sf-dump-const title=\"in App\\Exceptions\\Handler-&gt;render($request, Throwable $exception)\">    return parent::render($request, $exception);</span></code>
      &#8250; <code class=\"php\"><span class=sf-dump-default>}</span></code>
      <span class=sf-dump-meta>arguments</span>: { &#8230;2}
    </samp>}
    <span class=\"sf-dump-meta sf-dump-ellipsization\" title=\"E:\\xampp-8.2\\htdocs\\nexelit\\@core\\vendor\\laravel\\framework\\src\\Illuminate\\Foundation\\Bootstrap\\HandleExceptions.php:221
Stack level 4.\"><span class=\"sf-dump-ellipsis sf-dump-ellipsis-path\">E:\\xampp-8.2\\htdocs\\nexelit\\@core\\vendor</span><span class=\"sf-dump-ellipsis sf-dump-ellipsis-path\">\\laravel\\framework\\</span><span class=\"sf-dump-ellipsis-tail\">src\\Illuminate\\Foundation\\Bootstrap\\HandleExceptions.php:221</span></span> {<samp data-depth=3 class=sf-dump-compact>
      <span class=\"sf-dump-note sf-dump-ellipsization\" title=\"Illuminate\\Foundation\\Bootstrap\\HandleExceptions-&gt;renderHttpResponse(Throwable $e)
\"><span class=\"sf-dump-ellipsis sf-dump-ellipsis-note\">Illuminate\\Foundation\\Bootstrap</span><span class=\"sf-dump-ellipsis sf-dump-ellipsis-note\">\\</span><span class=\"sf-dump-ellipsis-tail\">HandleExceptions-&gt;renderHttpResponse(Throwable $e)</span></span> &#8230;
      &#8250; <code class=\"php\"><span class=sf-dump-default>{</span></code>
      &#8250; <code class=\"php\"><span class=sf-dump-const title=\"in Illuminate\\Foundation\\Bootstrap\\HandleExceptions-&gt;renderHttpResponse(Throwable $e)\">    $this-&gt;getExceptionHandler()-&gt;render(static::$app[&#039;request&#039;], $e)-&gt;send();</span></code>
      &#8250; <code class=\"php\"><span class=sf-dump-default>}</span></code>
      <span class=sf-dump-meta>arguments</span>: { &#8230;2}
    </samp>}
    <span class=\"sf-dump-meta sf-dump-ellipsization\" title=\"E:\\xampp-8.2\\htdocs\\nexelit\\@core\\vendor\\laravel\\framework\\src\\Illuminate\\Foundation\\Bootstrap\\HandleExceptions.php:198
Stack level 3.\"><span class=\"sf-dump-ellipsis sf-dump-ellipsis-path\">E:\\xampp-8.2\\htdocs\\nexelit\\@core\\vendor</span><span class=\"sf-dump-ellipsis sf-dump-ellipsis-path\">\\laravel\\framework\\</span><span class=\"sf-dump-ellipsis-tail\">src\\Illuminate\\Foundation\\Bootstrap\\HandleExceptions.php:198</span></span> {<samp data-depth=3 class=sf-dump-compact>
      <span class=\"sf-dump-note sf-dump-ellipsization\" title=\"Illuminate\\Foundation\\Bootstrap\\HandleExceptions-&gt;handleException(Throwable $e)
\"><span class=\"sf-dump-ellipsis sf-dump-ellipsis-note\">Illuminate\\Foundation\\Bootstrap</span><span class=\"sf-dump-ellipsis sf-dump-ellipsis-note\">\\</span><span class=\"sf-dump-ellipsis-tail\">HandleExceptions-&gt;handleException(Throwable $e)</span></span> &#8230;
      &#8250; <code class=\"php\"><span class=sf-dump-default>} else {</span></code>
      &#8250; <code class=\"php\"><span class=sf-dump-const title=\"in Illuminate\\Foundation\\Bootstrap\\HandleExceptions-&gt;handleException(Throwable $e)\">    $this-&gt;renderHttpResponse($e);</span></code>
      &#8250; <code class=\"php\"><span class=sf-dump-default>}</span></code>
      <span class=sf-dump-meta>arguments</span>: { &#8230;1}
    </samp>}
    <span class=\"sf-dump-meta sf-dump-ellipsization\" title=\"E:\\xampp-8.2\\htdocs\\nexelit\\@core\\vendor\\laravel\\framework\\src\\Illuminate\\Foundation\\Bootstrap\\HandleExceptions.php:258
Stack level 2.\"><span class=\"sf-dump-ellipsis sf-dump-ellipsis-path\">E:\\xampp-8.2\\htdocs\\nexelit\\@core\\vendor</span><span class=\"sf-dump-ellipsis sf-dump-ellipsis-path\">\\laravel\\framework\\</span><span class=\"sf-dump-ellipsis-tail\">src\\Illuminate\\Foundation\\Bootstrap\\HandleExceptions.php:258</span></span> {<samp data-depth=3 class=sf-dump-compact>
      <span class=\"sf-dump-note sf-dump-ellipsization\" title=\"Illuminate\\Foundation\\Bootstrap\\HandleExceptions-&gt;Illuminate\\Foundation\\Bootstrap\\{closure}
\"><span class=\"sf-dump-ellipsis sf-dump-ellipsis-note\">Illuminate\\Foundation\\Bootstrap\\HandleExceptions-&gt;Illuminate\\Foundation\\Bootstrap</span><span class=\"sf-dump-ellipsis sf-dump-ellipsis-note\">\\</span><span class=\"sf-dump-ellipsis-tail\">{closure}</span></span> &#8230;
      &#8250; <code class=\"php\"><span class=sf-dump-default>return fn (...$arguments) =&gt; static::$app</span></code>
      &#8250; <code class=\"php\"><span class=sf-dump-const title=\"in Illuminate\\Foundation\\Bootstrap\\HandleExceptions-&gt;Illuminate\\Foundation\\Bootstrap\\{closure}\">    ? $this-&gt;{$method}(...$arguments)</span></code>
      &#8250; <code class=\"php\"><span class=sf-dump-default>    : false;</span></code>
      <span class=sf-dump-meta>arguments</span>: { &#8230;1}
    </samp>}
    <span class=\"sf-dump-meta sf-dump-ellipsization\" title=\"Illuminate\\Foundation\\Bootstrap\\HandleExceptions-&gt;Illuminate\\Foundation\\Bootstrap\\{closure}()
Stack level 1.\"><span class=\"sf-dump-ellipsis sf-dump-ellipsis-class\">Illuminate\\Foundation\\Bootstrap\\HandleExceptions-&gt;Illuminate\\Foundation\\Bootstrap</span><span class=\"sf-dump-ellipsis sf-dump-ellipsis-class\">\\</span><span class=\"sf-dump-ellipsis-tail\">{closure}()</span></span> {}
  </samp>}
</samp>}
</pre><script>Sfdump(\"sf-dump-479098812\", {\"maxDepth\":3,\"maxStringLength\":160})</script>
"}},"exception":"[object] (Spatie\\LaravelIgnition\\Exceptions\\ViewException(code: 0): SQLSTATE[HY000] [1045] Access denied for user 'forge'@'localhost' (using password: NO) (Connection: mysql, SQL: select * from `languages` where `default` = 1 limit 1) at E:\\xampp-8.2\\htdocs\\nexelit\\@core\\vendor\\laravel\\framework\\src\\Illuminate\\Database\\Connection.php:824)
[stacktrace]
#0 E:\\xampp-8.2\\htdocs\\nexelit\\@core\\vendor\\laravel\\framework\\src\\Illuminate\\Database\\Connection.php(978): Illuminate\\Database\\Connection->runQueryCallback('select * from `...', Array, Object(Closure))
#1 E:\\xampp-8.2\\htdocs\\nexelit\\@core\\vendor\\laravel\\framework\\src\\Illuminate\\Database\\Connection.php(957): Illuminate\\Database\\Connection->tryAgainIfCausedByLostConnection(Object(Illuminate\\Database\\QueryException), 'select * from `...', Array, Object(Closure))
#2 E:\\xampp-8.2\\htdocs\\nexelit\\@core\\vendor\\laravel\\framework\\src\\Illuminate\\Database\\Connection.php(780): Illuminate\\Database\\Connection->handleQueryException(Object(Illuminate\\Database\\QueryException), 'select * from `...', Array, Object(Closure))
#3 E:\\xampp-8.2\\htdocs\\nexelit\\@core\\vendor\\laravel\\framework\\src\\Illuminate\\Database\\Connection.php(397): Illuminate\\Database\\Connection->run('select * from `...', Array, Object(Closure))
#4 E:\\xampp-8.2\\htdocs\\nexelit\\@core\\vendor\\laravel\\framework\\src\\Illuminate\\Database\\Query\\Builder.php(3188): Illuminate\\Database\\Connection->select('select * from `...', Array, true)
#5 E:\\xampp-8.2\\htdocs\\nexelit\\@core\\vendor\\laravel\\framework\\src\\Illuminate\\Database\\Query\\Builder.php(3173): Illuminate\\Database\\Query\\Builder->runSelect()
#6 E:\\xampp-8.2\\htdocs\\nexelit\\@core\\vendor\\laravel\\framework\\src\\Illuminate\\Database\\Query\\Builder.php(3763): Illuminate\\Database\\Query\\Builder->Illuminate\\Database\\Query\\{closure}()
#7 E:\\xampp-8.2\\htdocs\\nexelit\\@core\\vendor\\laravel\\framework\\src\\Illuminate\\Database\\Query\\Builder.php(3172): Illuminate\\Database\\Query\\Builder->onceWithColumns(Array, Object(Closure))
#8 E:\\xampp-8.2\\htdocs\\nexelit\\@core\\vendor\\laravel\\framework\\src\\Illuminate\\Database\\Eloquent\\Builder.php(902): Illuminate\\Database\\Query\\Builder->get(Array)
#9 E:\\xampp-8.2\\htdocs\\nexelit\\@core\\vendor\\laravel\\framework\\src\\Illuminate\\Database\\Eloquent\\Builder.php(884): Illuminate\\Database\\Eloquent\\Builder->getModels(Array)
#10 E:\\xampp-8.2\\htdocs\\nexelit\\@core\\vendor\\laravel\\framework\\src\\Illuminate\\Database\\Concerns\\BuildsQueries.php(366): Illuminate\\Database\\Eloquent\\Builder->get(Array)
#11 E:\\xampp-8.2\\htdocs\\nexelit\\@core\\app\\Helpers\\LanguageHelper.php(70): Illuminate\\Database\\Eloquent\\Builder->first()
#12 E:\\xampp-8.2\\htdocs\\nexelit\\@core\\app\\Helpers\\helpers.php(316): App\\Helpers\\LanguageHelper::user_lang_slug()
#13 E:\\xampp-8.2\\htdocs\\nexelit\\@core\\resources\\views\\errors\\500.blade.php(9): get_user_lang()
#14 E:\\xampp-8.2\\htdocs\\nexelit\\@core\\vendor\\laravel\\framework\\src\\Illuminate\\Filesystem\\Filesystem.php(123): require('E:\\\\xampp-8.2\\\\ht...')
#15 E:\\xampp-8.2\\htdocs\\nexelit\\@core\\vendor\\laravel\\framework\\src\\Illuminate\\Filesystem\\Filesystem.php(124): Illuminate\\Filesystem\\Filesystem::Illuminate\\Filesystem\\{closure}()
#16 E:\\xampp-8.2\\htdocs\\nexelit\\@core\\vendor\\laravel\\framework\\src\\Illuminate\\View\\Engines\\PhpEngine.php(57): Illuminate\\Filesystem\\Filesystem->getRequire('E:\\\\xampp-8.2\\\\ht...', Array)
#17 E:\\xampp-8.2\\htdocs\\nexelit\\@core\\vendor\\laravel\\framework\\src\\Illuminate\\View\\Engines\\CompilerEngine.php(76): Illuminate\\View\\Engines\\PhpEngine->evaluatePath('E:\\\\xampp-8.2\\\\ht...', Array)
#18 E:\\xampp-8.2\\htdocs\\nexelit\\@core\\vendor\\laravel\\framework\\src\\Illuminate\\View\\View.php(208): Illuminate\\View\\Engines\\CompilerEngine->get('E:\\\\xampp-8.2\\\\ht...', Array)
#19 E:\\xampp-8.2\\htdocs\\nexelit\\@core\\vendor\\laravel\\framework\\src\\Illuminate\\View\\View.php(191): Illuminate\\View\\View->getContents()
#20 E:\\xampp-8.2\\htdocs\\nexelit\\@core\\vendor\\laravel\\framework\\src\\Illuminate\\View\\View.php(160): Illuminate\\View\\View->renderContents()
#21 E:\\xampp-8.2\\htdocs\\nexelit\\@core\\vendor\\laravel\\framework\\src\\Illuminate\\Http\\Response.php(78): Illuminate\\View\\View->render()
#22 E:\\xampp-8.2\\htdocs\\nexelit\\@core\\vendor\\laravel\\framework\\src\\Illuminate\\Http\\Response.php(34): Illuminate\\Http\\Response->setContent(Object(Illuminate\\View\\View))
#23 E:\\xampp-8.2\\htdocs\\nexelit\\@core\\vendor\\laravel\\framework\\src\\Illuminate\\Routing\\ResponseFactory.php(61): Illuminate\\Http\\Response->__construct(Object(Illuminate\\View\\View), 500, Array)
#24 E:\\xampp-8.2\\htdocs\\nexelit\\@core\\vendor\\laravel\\framework\\src\\Illuminate\\Routing\\ResponseFactory.php(91): Illuminate\\Routing\\ResponseFactory->make(Object(Illuminate\\View\\View), 500, Array)
#25 E:\\xampp-8.2\\htdocs\\nexelit\\@core\\vendor\\laravel\\framework\\src\\Illuminate\\Foundation\\Exceptions\\Handler.php(927): Illuminate\\Routing\\ResponseFactory->view('errors::500', Array, 500, Array)
#26 E:\\xampp-8.2\\htdocs\\nexelit\\@core\\vendor\\laravel\\framework\\src\\Illuminate\\Foundation\\Exceptions\\Handler.php(848): Illuminate\\Foundation\\Exceptions\\Handler->renderHttpException(Object(Symfony\\Component\\HttpKernel\\Exception\\HttpException))
#27 E:\\xampp-8.2\\htdocs\\nexelit\\@core\\vendor\\laravel\\framework\\src\\Illuminate\\Foundation\\Exceptions\\Handler.php(739): Illuminate\\Foundation\\Exceptions\\Handler->prepareResponse(Object(Illuminate\\Http\\Request), Object(Symfony\\Component\\HttpKernel\\Exception\\HttpException))
#28 E:\\xampp-8.2\\htdocs\\nexelit\\@core\\vendor\\laravel\\framework\\src\\Illuminate\\Foundation\\Exceptions\\Handler.php(627): Illuminate\\Foundation\\Exceptions\\Handler->renderExceptionResponse(Object(Illuminate\\Http\\Request), Object(Illuminate\\Encryption\\MissingAppKeyException))
#29 E:\\xampp-8.2\\htdocs\\nexelit\\@core\\app\\Exceptions\\Handler.php(36): Illuminate\\Foundation\\Exceptions\\Handler->render(Object(Illuminate\\Http\\Request), Object(Illuminate\\Encryption\\MissingAppKeyException))
#30 E:\\xampp-8.2\\htdocs\\nexelit\\@core\\vendor\\laravel\\framework\\src\\Illuminate\\Foundation\\Bootstrap\\HandleExceptions.php(221): App\\Exceptions\\Handler->render(Object(Illuminate\\Http\\Request), Object(Illuminate\\Encryption\\MissingAppKeyException))
#31 E:\\xampp-8.2\\htdocs\\nexelit\\@core\\vendor\\laravel\\framework\\src\\Illuminate\\Foundation\\Bootstrap\\HandleExceptions.php(198): Illuminate\\Foundation\\Bootstrap\\HandleExceptions->renderHttpResponse(Object(Illuminate\\Encryption\\MissingAppKeyException))
#32 E:\\xampp-8.2\\htdocs\\nexelit\\@core\\vendor\\laravel\\framework\\src\\Illuminate\\Foundation\\Bootstrap\\HandleExceptions.php(258): Illuminate\\Foundation\\Bootstrap\\HandleExceptions->handleException(Object(Illuminate\\Encryption\\MissingAppKeyException))
#33 [internal function]: Illuminate\\Foundation\\Bootstrap\\HandleExceptions->Illuminate\\Foundation\\Bootstrap\\{closure}(Object(Illuminate\\Encryption\\MissingAppKeyException))
#34 {main}

[previous exception] [object] (Illuminate\\Database\\QueryException(code: 1045): SQLSTATE[HY000] [1045] Access denied for user 'forge'@'localhost' (using password: NO) (Connection: mysql, SQL: select * from `languages` where `default` = 1 limit 1) at E:\\xampp-8.2\\htdocs\\nexelit\\@core\\vendor\\laravel\\framework\\src\\Illuminate\\Database\\Connection.php:824)
[stacktrace]
#0 E:\\xampp-8.2\\htdocs\\nexelit\\@core\\vendor\\laravel\\framework\\src\\Illuminate\\Database\\Connection.php(978): Illuminate\\Database\\Connection->runQueryCallback('select * from `...', Array, Object(Closure))
#1 E:\\xampp-8.2\\htdocs\\nexelit\\@core\\vendor\\laravel\\framework\\src\\Illuminate\\Database\\Connection.php(957): Illuminate\\Database\\Connection->tryAgainIfCausedByLostConnection(Object(Illuminate\\Database\\QueryException), 'select * from `...', Array, Object(Closure))
#2 E:\\xampp-8.2\\htdocs\\nexelit\\@core\\vendor\\laravel\\framework\\src\\Illuminate\\Database\\Connection.php(780): Illuminate\\Database\\Connection->handleQueryException(Object(Illuminate\\Database\\QueryException), 'select * from `...', Array, Object(Closure))
#3 E:\\xampp-8.2\\htdocs\\nexelit\\@core\\vendor\\laravel\\framework\\src\\Illuminate\\Database\\Connection.php(397): Illuminate\\Database\\Connection->run('select * from `...', Array, Object(Closure))
#4 E:\\xampp-8.2\\htdocs\\nexelit\\@core\\vendor\\laravel\\framework\\src\\Illuminate\\Database\\Query\\Builder.php(3188): Illuminate\\Database\\Connection->select('select * from `...', Array, true)
#5 E:\\xampp-8.2\\htdocs\\nexelit\\@core\\vendor\\laravel\\framework\\src\\Illuminate\\Database\\Query\\Builder.php(3173): Illuminate\\Database\\Query\\Builder->runSelect()
#6 E:\\xampp-8.2\\htdocs\\nexelit\\@core\\vendor\\laravel\\framework\\src\\Illuminate\\Database\\Query\\Builder.php(3763): Illuminate\\Database\\Query\\Builder->Illuminate\\Database\\Query\\{closure}()
#7 E:\\xampp-8.2\\htdocs\\nexelit\\@core\\vendor\\laravel\\framework\\src\\Illuminate\\Database\\Query\\Builder.php(3172): Illuminate\\Database\\Query\\Builder->onceWithColumns(Array, Object(Closure))
#8 E:\\xampp-8.2\\htdocs\\nexelit\\@core\\vendor\\laravel\\framework\\src\\Illuminate\\Database\\Eloquent\\Builder.php(902): Illuminate\\Database\\Query\\Builder->get(Array)
#9 E:\\xampp-8.2\\htdocs\\nexelit\\@core\\vendor\\laravel\\framework\\src\\Illuminate\\Database\\Eloquent\\Builder.php(884): Illuminate\\Database\\Eloquent\\Builder->getModels(Array)
#10 E:\\xampp-8.2\\htdocs\\nexelit\\@core\\vendor\\laravel\\framework\\src\\Illuminate\\Database\\Concerns\\BuildsQueries.php(366): Illuminate\\Database\\Eloquent\\Builder->get(Array)
#11 E:\\xampp-8.2\\htdocs\\nexelit\\@core\\app\\Helpers\\LanguageHelper.php(70): Illuminate\\Database\\Eloquent\\Builder->first()
#12 E:\\xampp-8.2\\htdocs\\nexelit\\@core\\app\\Helpers\\helpers.php(316): App\\Helpers\\LanguageHelper::user_lang_slug()
#13 E:\\xampp-8.2\\htdocs\\nexelit\\@core\\storage\\framework\\views\\8a25eb19e384c0f70378ec8170c30078.php(8): get_user_lang()
#14 E:\\xampp-8.2\\htdocs\\nexelit\\@core\\vendor\\laravel\\framework\\src\\Illuminate\\Filesystem\\Filesystem.php(123): require('E:\\\\xampp-8.2\\\\ht...')
#15 E:\\xampp-8.2\\htdocs\\nexelit\\@core\\vendor\\laravel\\framework\\src\\Illuminate\\Filesystem\\Filesystem.php(124): Illuminate\\Filesystem\\Filesystem::Illuminate\\Filesystem\\{closure}()
#16 E:\\xampp-8.2\\htdocs\\nexelit\\@core\\vendor\\laravel\\framework\\src\\Illuminate\\View\\Engines\\PhpEngine.php(57): Illuminate\\Filesystem\\Filesystem->getRequire('E:\\\\xampp-8.2\\\\ht...', Array)
#17 E:\\xampp-8.2\\htdocs\\nexelit\\@core\\vendor\\laravel\\framework\\src\\Illuminate\\View\\Engines\\CompilerEngine.php(76): Illuminate\\View\\Engines\\PhpEngine->evaluatePath('E:\\\\xampp-8.2\\\\ht...', Array)
#18 E:\\xampp-8.2\\htdocs\\nexelit\\@core\\vendor\\laravel\\framework\\src\\Illuminate\\View\\View.php(208): Illuminate\\View\\Engines\\CompilerEngine->get('E:\\\\xampp-8.2\\\\ht...', Array)
#19 E:\\xampp-8.2\\htdocs\\nexelit\\@core\\vendor\\laravel\\framework\\src\\Illuminate\\View\\View.php(191): Illuminate\\View\\View->getContents()
#20 E:\\xampp-8.2\\htdocs\\nexelit\\@core\\vendor\\laravel\\framework\\src\\Illuminate\\View\\View.php(160): Illuminate\\View\\View->renderContents()
#21 E:\\xampp-8.2\\htdocs\\nexelit\\@core\\vendor\\laravel\\framework\\src\\Illuminate\\Http\\Response.php(78): Illuminate\\View\\View->render()
#22 E:\\xampp-8.2\\htdocs\\nexelit\\@core\\vendor\\laravel\\framework\\src\\Illuminate\\Http\\Response.php(34): Illuminate\\Http\\Response->setContent(Object(Illuminate\\View\\View))
#23 E:\\xampp-8.2\\htdocs\\nexelit\\@core\\vendor\\laravel\\framework\\src\\Illuminate\\Routing\\ResponseFactory.php(61): Illuminate\\Http\\Response->__construct(Object(Illuminate\\View\\View), 500, Array)
#24 E:\\xampp-8.2\\htdocs\\nexelit\\@core\\vendor\\laravel\\framework\\src\\Illuminate\\Routing\\ResponseFactory.php(91): Illuminate\\Routing\\ResponseFactory->make(Object(Illuminate\\View\\View), 500, Array)
#25 E:\\xampp-8.2\\htdocs\\nexelit\\@core\\vendor\\laravel\\framework\\src\\Illuminate\\Foundation\\Exceptions\\Handler.php(927): Illuminate\\Routing\\ResponseFactory->view('errors::500', Array, 500, Array)
#26 E:\\xampp-8.2\\htdocs\\nexelit\\@core\\vendor\\laravel\\framework\\src\\Illuminate\\Foundation\\Exceptions\\Handler.php(848): Illuminate\\Foundation\\Exceptions\\Handler->renderHttpException(Object(Symfony\\Component\\HttpKernel\\Exception\\HttpException))
#27 E:\\xampp-8.2\\htdocs\\nexelit\\@core\\vendor\\laravel\\framework\\src\\Illuminate\\Foundation\\Exceptions\\Handler.php(739): Illuminate\\Foundation\\Exceptions\\Handler->prepareResponse(Object(Illuminate\\Http\\Request), Object(Symfony\\Component\\HttpKernel\\Exception\\HttpException))
#28 E:\\xampp-8.2\\htdocs\\nexelit\\@core\\vendor\\laravel\\framework\\src\\Illuminate\\Foundation\\Exceptions\\Handler.php(627): Illuminate\\Foundation\\Exceptions\\Handler->renderExceptionResponse(Object(Illuminate\\Http\\Request), Object(Illuminate\\Encryption\\MissingAppKeyException))
#29 E:\\xampp-8.2\\htdocs\\nexelit\\@core\\app\\Exceptions\\Handler.php(36): Illuminate\\Foundation\\Exceptions\\Handler->render(Object(Illuminate\\Http\\Request), Object(Illuminate\\Encryption\\MissingAppKeyException))
#30 E:\\xampp-8.2\\htdocs\\nexelit\\@core\\vendor\\laravel\\framework\\src\\Illuminate\\Foundation\\Bootstrap\\HandleExceptions.php(221): App\\Exceptions\\Handler->render(Object(Illuminate\\Http\\Request), Object(Illuminate\\Encryption\\MissingAppKeyException))
#31 E:\\xampp-8.2\\htdocs\\nexelit\\@core\\vendor\\laravel\\framework\\src\\Illuminate\\Foundation\\Bootstrap\\HandleExceptions.php(198): Illuminate\\Foundation\\Bootstrap\\HandleExceptions->renderHttpResponse(Object(Illuminate\\Encryption\\MissingAppKeyException))
#32 E:\\xampp-8.2\\htdocs\\nexelit\\@core\\vendor\\laravel\\framework\\src\\Illuminate\\Foundation\\Bootstrap\\HandleExceptions.php(258): Illuminate\\Foundation\\Bootstrap\\HandleExceptions->handleException(Object(Illuminate\\Encryption\\MissingAppKeyException))
#33 [internal function]: Illuminate\\Foundation\\Bootstrap\\HandleExceptions->Illuminate\\Foundation\\Bootstrap\\{closure}(Object(Illuminate\\Encryption\\MissingAppKeyException))
#34 {main}

[previous exception] [object] (PDOException(code: 1045): SQLSTATE[HY000] [1045] Access denied for user 'forge'@'localhost' (using password: NO) at E:\\xampp-8.2\\htdocs\\nexelit\\@core\\vendor\\laravel\\framework\\src\\Illuminate\\Database\\Connectors\\Connector.php:66)
[stacktrace]
#0 E:\\xampp-8.2\\htdocs\\nexelit\\@core\\vendor\\laravel\\framework\\src\\Illuminate\\Database\\Connectors\\Connector.php(66): PDO->__construct('mysql:host=loca...', 'forge', Object(SensitiveParameterValue), Array)
#1 E:\\xampp-8.2\\htdocs\\nexelit\\@core\\vendor\\laravel\\framework\\src\\Illuminate\\Database\\Connectors\\Connector.php(85): Illuminate\\Database\\Connectors\\Connector->createPdoConnection('mysql:host=loca...', 'forge', Object(SensitiveParameterValue), Array)
#2 E:\\xampp-8.2\\htdocs\\nexelit\\@core\\vendor\\laravel\\framework\\src\\Illuminate\\Database\\Connectors\\Connector.php(48): Illuminate\\Database\\Connectors\\Connector->tryAgainIfCausedByLostConnection(Object(PDOException), 'mysql:host=loca...', 'forge', Object(SensitiveParameterValue), Array)
#3 E:\\xampp-8.2\\htdocs\\nexelit\\@core\\vendor\\laravel\\framework\\src\\Illuminate\\Database\\Connectors\\MySqlConnector.php(24): Illuminate\\Database\\Connectors\\Connector->createConnection('mysql:host=loca...', Array, Array)
#4 E:\\xampp-8.2\\htdocs\\nexelit\\@core\\vendor\\laravel\\framework\\src\\Illuminate\\Database\\Connectors\\ConnectionFactory.php(184): Illuminate\\Database\\Connectors\\MySqlConnector->connect(Array)
#5 [internal function]: Illuminate\\Database\\Connectors\\ConnectionFactory->Illuminate\\Database\\Connectors\\{closure}()
#6 E:\\xampp-8.2\\htdocs\\nexelit\\@core\\vendor\\laravel\\framework\\src\\Illuminate\\Database\\Connection.php(1230): call_user_func(Object(Closure))
#7 E:\\xampp-8.2\\htdocs\\nexelit\\@core\\vendor\\laravel\\framework\\src\\Illuminate\\Database\\Connection.php(1266): Illuminate\\Database\\Connection->getPdo()
#8 E:\\xampp-8.2\\htdocs\\nexelit\\@core\\vendor\\laravel\\framework\\src\\Illuminate\\Database\\Connection.php(511): Illuminate\\Database\\Connection->getReadPdo()
#9 E:\\xampp-8.2\\htdocs\\nexelit\\@core\\vendor\\laravel\\framework\\src\\Illuminate\\Database\\Connection.php(406): Illuminate\\Database\\Connection->getPdoForSelect(true)
#10 E:\\xampp-8.2\\htdocs\\nexelit\\@core\\vendor\\laravel\\framework\\src\\Illuminate\\Database\\Connection.php(811): Illuminate\\Database\\Connection->Illuminate\\Database\\{closure}('select * from `...', Array)
#11 E:\\xampp-8.2\\htdocs\\nexelit\\@core\\vendor\\laravel\\framework\\src\\Illuminate\\Database\\Connection.php(978): Illuminate\\Database\\Connection->runQueryCallback('select * from `...', Array, Object(Closure))
#12 E:\\xampp-8.2\\htdocs\\nexelit\\@core\\vendor\\laravel\\framework\\src\\Illuminate\\Database\\Connection.php(957): Illuminate\\Database\\Connection->tryAgainIfCausedByLostConnection(Object(Illuminate\\Database\\QueryException), 'select * from `...', Array, Object(Closure))
#13 E:\\xampp-8.2\\htdocs\\nexelit\\@core\\vendor\\laravel\\framework\\src\\Illuminate\\Database\\Connection.php(780): Illuminate\\Database\\Connection->handleQueryException(Object(Illuminate\\Database\\QueryException), 'select * from `...', Array, Object(Closure))
#14 E:\\xampp-8.2\\htdocs\\nexelit\\@core\\vendor\\laravel\\framework\\src\\Illuminate\\Database\\Connection.php(397): Illuminate\\Database\\Connection->run('select * from `...', Array, Object(Closure))
#15 E:\\xampp-8.2\\htdocs\\nexelit\\@core\\vendor\\laravel\\framework\\src\\Illuminate\\Database\\Query\\Builder.php(3188): Illuminate\\Database\\Connection->select('select * from `...', Array, true)
#16 E:\\xampp-8.2\\htdocs\\nexelit\\@core\\vendor\\laravel\\framework\\src\\Illuminate\\Database\\Query\\Builder.php(3173): Illuminate\\Database\\Query\\Builder->runSelect()
#17 E:\\xampp-8.2\\htdocs\\nexelit\\@core\\vendor\\laravel\\framework\\src\\Illuminate\\Database\\Query\\Builder.php(3763): Illuminate\\Database\\Query\\Builder->Illuminate\\Database\\Query\\{closure}()
#18 E:\\xampp-8.2\\htdocs\\nexelit\\@core\\vendor\\laravel\\framework\\src\\Illuminate\\Database\\Query\\Builder.php(3172): Illuminate\\Database\\Query\\Builder->onceWithColumns(Array, Object(Closure))
#19 E:\\xampp-8.2\\htdocs\\nexelit\\@core\\vendor\\laravel\\framework\\src\\Illuminate\\Database\\Eloquent\\Builder.php(902): Illuminate\\Database\\Query\\Builder->get(Array)
#20 E:\\xampp-8.2\\htdocs\\nexelit\\@core\\vendor\\laravel\\framework\\src\\Illuminate\\Database\\Eloquent\\Builder.php(884): Illuminate\\Database\\Eloquent\\Builder->getModels(Array)
#21 E:\\xampp-8.2\\htdocs\\nexelit\\@core\\vendor\\laravel\\framework\\src\\Illuminate\\Database\\Concerns\\BuildsQueries.php(366): Illuminate\\Database\\Eloquent\\Builder->get(Array)
#22 E:\\xampp-8.2\\htdocs\\nexelit\\@core\\app\\Helpers\\LanguageHelper.php(70): Illuminate\\Database\\Eloquent\\Builder->first()
#23 E:\\xampp-8.2\\htdocs\\nexelit\\@core\\app\\Helpers\\helpers.php(316): App\\Helpers\\LanguageHelper::user_lang_slug()
#24 E:\\xampp-8.2\\htdocs\\nexelit\\@core\\storage\\framework\\views\\8a25eb19e384c0f70378ec8170c30078.php(8): get_user_lang()
#25 E:\\xampp-8.2\\htdocs\\nexelit\\@core\\vendor\\laravel\\framework\\src\\Illuminate\\Filesystem\\Filesystem.php(123): require('E:\\\\xampp-8.2\\\\ht...')
#26 E:\\xampp-8.2\\htdocs\\nexelit\\@core\\vendor\\laravel\\framework\\src\\Illuminate\\Filesystem\\Filesystem.php(124): Illuminate\\Filesystem\\Filesystem::Illuminate\\Filesystem\\{closure}()
#27 E:\\xampp-8.2\\htdocs\\nexelit\\@core\\vendor\\laravel\\framework\\src\\Illuminate\\View\\Engines\\PhpEngine.php(57): Illuminate\\Filesystem\\Filesystem->getRequire('E:\\\\xampp-8.2\\\\ht...', Array)
#28 E:\\xampp-8.2\\htdocs\\nexelit\\@core\\vendor\\laravel\\framework\\src\\Illuminate\\View\\Engines\\CompilerEngine.php(76): Illuminate\\View\\Engines\\PhpEngine->evaluatePath('E:\\\\xampp-8.2\\\\ht...', Array)
#29 E:\\xampp-8.2\\htdocs\\nexelit\\@core\\vendor\\laravel\\framework\\src\\Illuminate\\View\\View.php(208): Illuminate\\View\\Engines\\CompilerEngine->get('E:\\\\xampp-8.2\\\\ht...', Array)
#30 E:\\xampp-8.2\\htdocs\\nexelit\\@core\\vendor\\laravel\\framework\\src\\Illuminate\\View\\View.php(191): Illuminate\\View\\View->getContents()
#31 E:\\xampp-8.2\\htdocs\\nexelit\\@core\\vendor\\laravel\\framework\\src\\Illuminate\\View\\View.php(160): Illuminate\\View\\View->renderContents()
#32 E:\\xampp-8.2\\htdocs\\nexelit\\@core\\vendor\\laravel\\framework\\src\\Illuminate\\Http\\Response.php(78): Illuminate\\View\\View->render()
#33 E:\\xampp-8.2\\htdocs\\nexelit\\@core\\vendor\\laravel\\framework\\src\\Illuminate\\Http\\Response.php(34): Illuminate\\Http\\Response->setContent(Object(Illuminate\\View\\View))
#34 E:\\xampp-8.2\\htdocs\\nexelit\\@core\\vendor\\laravel\\framework\\src\\Illuminate\\Routing\\ResponseFactory.php(61): Illuminate\\Http\\Response->__construct(Object(Illuminate\\View\\View), 500, Array)
#35 E:\\xampp-8.2\\htdocs\\nexelit\\@core\\vendor\\laravel\\framework\\src\\Illuminate\\Routing\\ResponseFactory.php(91): Illuminate\\Routing\\ResponseFactory->make(Object(Illuminate\\View\\View), 500, Array)
#36 E:\\xampp-8.2\\htdocs\\nexelit\\@core\\vendor\\laravel\\framework\\src\\Illuminate\\Foundation\\Exceptions\\Handler.php(927): Illuminate\\Routing\\ResponseFactory->view('errors::500', Array, 500, Array)
#37 E:\\xampp-8.2\\htdocs\\nexelit\\@core\\vendor\\laravel\\framework\\src\\Illuminate\\Foundation\\Exceptions\\Handler.php(848): Illuminate\\Foundation\\Exceptions\\Handler->renderHttpException(Object(Symfony\\Component\\HttpKernel\\Exception\\HttpException))
#38 E:\\xampp-8.2\\htdocs\\nexelit\\@core\\vendor\\laravel\\framework\\src\\Illuminate\\Foundation\\Exceptions\\Handler.php(739): Illuminate\\Foundation\\Exceptions\\Handler->prepareResponse(Object(Illuminate\\Http\\Request), Object(Symfony\\Component\\HttpKernel\\Exception\\HttpException))
#39 E:\\xampp-8.2\\htdocs\\nexelit\\@core\\vendor\\laravel\\framework\\src\\Illuminate\\Foundation\\Exceptions\\Handler.php(627): Illuminate\\Foundation\\Exceptions\\Handler->renderExceptionResponse(Object(Illuminate\\Http\\Request), Object(Illuminate\\Encryption\\MissingAppKeyException))
#40 E:\\xampp-8.2\\htdocs\\nexelit\\@core\\app\\Exceptions\\Handler.php(36): Illuminate\\Foundation\\Exceptions\\Handler->render(Object(Illuminate\\Http\\Request), Object(Illuminate\\Encryption\\MissingAppKeyException))
#41 E:\\xampp-8.2\\htdocs\\nexelit\\@core\\vendor\\laravel\\framework\\src\\Illuminate\\Foundation\\Bootstrap\\HandleExceptions.php(221): App\\Exceptions\\Handler->render(Object(Illuminate\\Http\\Request), Object(Illuminate\\Encryption\\MissingAppKeyException))
#42 E:\\xampp-8.2\\htdocs\\nexelit\\@core\\vendor\\laravel\\framework\\src\\Illuminate\\Foundation\\Bootstrap\\HandleExceptions.php(198): Illuminate\\Foundation\\Bootstrap\\HandleExceptions->renderHttpResponse(Object(Illuminate\\Encryption\\MissingAppKeyException))
#43 E:\\xampp-8.2\\htdocs\\nexelit\\@core\\vendor\\laravel\\framework\\src\\Illuminate\\Foundation\\Bootstrap\\HandleExceptions.php(258): Illuminate\\Foundation\\Bootstrap\\HandleExceptions->handleException(Object(Illuminate\\Encryption\\MissingAppKeyException))
#44 [internal function]: Illuminate\\Foundation\\Bootstrap\\HandleExceptions->Illuminate\\Foundation\\Bootstrap\\{closure}(Object(Illuminate\\Encryption\\MissingAppKeyException))
#45 {main}
"} 
[2026-09-14 21:57:41] production.ERROR: SQLSTATE[HY000] [1045] Access denied for user 'forge'@'localhost' (using password: NO) (Connection: mysql, SQL: select * from `languages` where `default` = 1 limit 1) {"view":{"view":"E:\\xampp-8.2\\htdocs\\nexelit\\@core\\resources\\views\\frontend\\pages\\404.blade.php","data":{"home_page_variant":"<pre class=sf-dump id=sf-dump-668636830 data-indent-pad=\"  \">\"<span class=sf-dump-str title=\"2 characters\">01</span>\"
</pre><script>Sfdump(\"sf-dump-668636830\", {\"maxDepth\":3,\"maxStringLength\":160})</script>
"}},"exception":"[object] (Spatie\\LaravelIgnition\\Exceptions\\ViewException(code: 0): SQLSTATE[HY000] [1045] Access denied for user 'forge'@'localhost' (using password: NO) (Connection: mysql, SQL: select * from `languages` where `default` = 1 limit 1) at E:\\xampp-8.2\\htdocs\\nexelit\\@core\\vendor\\laravel\\framework\\src\\Illuminate\\Database\\Connection.php:824)
[stacktrace]
#0 E:\\xampp-8.2\\htdocs\\nexelit\\@core\\vendor\\laravel\\framework\\src\\Illuminate\\Database\\Connection.php(978): Illuminate\\Database\\Connection->runQueryCallback('select * from `...', Array, Object(Closure))
#1 E:\\xampp-8.2\\htdocs\\nexelit\\@core\\vendor\\laravel\\framework\\src\\Illuminate\\Database\\Connection.php(957): Illuminate\\Database\\Connection->tryAgainIfCausedByLostConnection(Object(Illuminate\\Database\\QueryException), 'select * from `...', Array, Object(Closure))
#2 E:\\xampp-8.2\\htdocs\\nexelit\\@core\\vendor\\laravel\\framework\\src\\Illuminate\\Database\\Connection.php(780): Illuminate\\Database\\Connection->handleQueryException(Object(Illuminate\\Database\\QueryException), 'select * from `...', Array, Object(Closure))
#3 E:\\xampp-8.2\\htdocs\\nexelit\\@core\\vendor\\laravel\\framework\\src\\Illuminate\\Database\\Connection.php(397): Illuminate\\Database\\Connection->run('select * from `...', Array, Object(Closure))
#4 E:\\xampp-8.2\\htdocs\\nexelit\\@core\\vendor\\laravel\\framework\\src\\Illuminate\\Database\\Query\\Builder.php(3188): Illuminate\\Database\\Connection->select('select * from `...', Array, true)
#5 E:\\xampp-8.2\\htdocs\\nexelit\\@core\\vendor\\laravel\\framework\\src\\Illuminate\\Database\\Query\\Builder.php(3173): Illuminate\\Database\\Query\\Builder->runSelect()
#6 E:\\xampp-8.2\\htdocs\\nexelit\\@core\\vendor\\laravel\\framework\\src\\Illuminate\\Database\\Query\\Builder.php(3763): Illuminate\\Database\\Query\\Builder->Illuminate\\Database\\Query\\{closure}()
#7 E:\\xampp-8.2\\htdocs\\nexelit\\@core\\vendor\\laravel\\framework\\src\\Illuminate\\Database\\Query\\Builder.php(3172): Illuminate\\Database\\Query\\Builder->onceWithColumns(Array, Object(Closure))
#8 E:\\xampp-8.2\\htdocs\\nexelit\\@core\\vendor\\laravel\\framework\\src\\Illuminate\\Database\\Eloquent\\Builder.php(902): Illuminate\\Database\\Query\\Builder->get(Array)
#9 E:\\xampp-8.2\\htdocs\\nexelit\\@core\\vendor\\laravel\\framework\\src\\Illuminate\\Database\\Eloquent\\Builder.php(884): Illuminate\\Database\\Eloquent\\Builder->getModels(Array)
#10 E:\\xampp-8.2\\htdocs\\nexelit\\@core\\vendor\\laravel\\framework\\src\\Illuminate\\Database\\Concerns\\BuildsQueries.php(366): Illuminate\\Database\\Eloquent\\Builder->get(Array)
#11 E:\\xampp-8.2\\htdocs\\nexelit\\@core\\app\\Helpers\\LanguageHelper.php(70): Illuminate\\Database\\Eloquent\\Builder->first()
#12 E:\\xampp-8.2\\htdocs\\nexelit\\@core\\app\\Helpers\\helpers.php(316): App\\Helpers\\LanguageHelper::user_lang_slug()
#13 E:\\xampp-8.2\\htdocs\\nexelit\\@core\\resources\\views\\frontend\\pages\\404.blade.php(9): get_user_lang()
#14 E:\\xampp-8.2\\htdocs\\nexelit\\@core\\vendor\\laravel\\framework\\src\\Illuminate\\Filesystem\\Filesystem.php(123): require('E:\\\\xampp-8.2\\\\ht...')
#15 E:\\xampp-8.2\\htdocs\\nexelit\\@core\\vendor\\laravel\\framework\\src\\Illuminate\\Filesystem\\Filesystem.php(124): Illuminate\\Filesystem\\Filesystem::Illuminate\\Filesystem\\{closure}()
#16 E:\\xampp-8.2\\htdocs\\nexelit\\@core\\vendor\\laravel\\framework\\src\\Illuminate\\View\\Engines\\PhpEngine.php(57): Illuminate\\Filesystem\\Filesystem->getRequire('E:\\\\xampp-8.2\\\\ht...', Array)
#17 E:\\xampp-8.2\\htdocs\\nexelit\\@core\\vendor\\laravel\\framework\\src\\Illuminate\\View\\Engines\\CompilerEngine.php(76): Illuminate\\View\\Engines\\PhpEngine->evaluatePath('E:\\\\xampp-8.2\\\\ht...', Array)
#18 E:\\xampp-8.2\\htdocs\\nexelit\\@core\\vendor\\laravel\\framework\\src\\Illuminate\\View\\View.php(208): Illuminate\\View\\Engines\\CompilerEngine->get('E:\\\\xampp-8.2\\\\ht...', Array)
#19 E:\\xampp-8.2\\htdocs\\nexelit\\@core\\vendor\\laravel\\framework\\src\\Illuminate\\View\\View.php(191): Illuminate\\View\\View->getContents()
#20 E:\\xampp-8.2\\htdocs\\nexelit\\@core\\vendor\\laravel\\framework\\src\\Illuminate\\View\\View.php(160): Illuminate\\View\\View->renderContents()
#21 E:\\xampp-8.2\\htdocs\\nexelit\\@core\\vendor\\laravel\\framework\\src\\Illuminate\\Http\\Response.php(78): Illuminate\\View\\View->render()
#22 E:\\xampp-8.2\\htdocs\\nexelit\\@core\\vendor\\laravel\\framework\\src\\Illuminate\\Http\\Response.php(34): Illuminate\\Http\\Response->setContent(Object(Illuminate\\View\\View))
#23 E:\\xampp-8.2\\htdocs\\nexelit\\@core\\vendor\\laravel\\framework\\src\\Illuminate\\Routing\\ResponseFactory.php(61): Illuminate\\Http\\Response->__construct(Object(Illuminate\\View\\View), 200, Array)
#24 E:\\xampp-8.2\\htdocs\\nexelit\\@core\\vendor\\laravel\\framework\\src\\Illuminate\\Routing\\ResponseFactory.php(91): Illuminate\\Routing\\ResponseFactory->make(Object(Illuminate\\View\\View), 200, Array)
#25 E:\\xampp-8.2\\htdocs\\nexelit\\@core\\app\\Exceptions\\Handler.php(30): Illuminate\\Routing\\ResponseFactory->view('frontend.pages....')
#26 E:\\xampp-8.2\\htdocs\\nexelit\\@core\\vendor\\laravel\\framework\\src\\Illuminate\\Routing\\Pipeline.php(51): App\\Exceptions\\Handler->render(Object(Illuminate\\Http\\Request), Object(Symfony\\Component\\HttpKernel\\Exception\\NotFoundHttpException))
#27 E:\\xampp-8.2\\htdocs\\nexelit\\@core\\vendor\\laravel\\framework\\src\\Illuminate\\Pipeline\\Pipeline.php(182): Illuminate\\Routing\\Pipeline->handleException(Object(Illuminate\\Http\\Request), Object(Symfony\\Component\\HttpKernel\\Exception\\NotFoundHttpException))
#28 E:\\xampp-8.2\\htdocs\\nexelit\\@core\\vendor\\barryvdh\\laravel-debugbar\\src\\Middleware\\InjectDebugbar.php(59): Illuminate\\Pipeline\\Pipeline->Illuminate\\Pipeline\\{closure}(Object(Illuminate\\Http\\Request))
#29 E:\\xampp-8.2\\htdocs\\nexelit\\@core\\vendor\\laravel\\framework\\src\\Illuminate\\Pipeline\\Pipeline.php(219): Barryvdh\\Debugbar\\Middleware\\InjectDebugbar->handle(Object(Illuminate\\Http\\Request), Object(Closure))
#30 E:\\xampp-8.2\\htdocs\\nexelit\\@core\\vendor\\xgenious\\installer\\src\\Http\\Middleware\\InstallerMiddleware.php(18): Illuminate\\Pipeline\\Pipeline->Illuminate\\Pipeline\\{closure}(Object(Illuminate\\Http\\Request))
#31 E:\\xampp-8.2\\htdocs\\nexelit\\@core\\vendor\\laravel\\framework\\src\\Illuminate\\Pipeline\\Pipeline.php(219): Xgenious\\Installer\\Http\\Middleware\\InstallerMiddleware->handle(Object(Illuminate\\Http\\Request), Object(Closure))
#32 E:\\xampp-8.2\\htdocs\\nexelit\\@core\\vendor\\laravel\\framework\\src\\Illuminate\\Foundation\\Http\\Middleware\\TransformsRequest.php(21): Illuminate\\Pipeline\\Pipeline->Illuminate\\Pipeline\\{closure}(Object(Illuminate\\Http\\Request))
#33 E:\\xampp-8.2\\htdocs\\nexelit\\@core\\vendor\\laravel\\framework\\src\\Illuminate\\Foundation\\Http\\Middleware\\ConvertEmptyStringsToNull.php(31): Illuminate\\Foundation\\Http\\Middleware\\TransformsRequest->handle(Object(Illuminate\\Http\\Request), Object(Closure))
#34 E:\\xampp-8.2\\htdocs\\nexelit\\@core\\vendor\\laravel\\framework\\src\\Illuminate\\Pipeline\\Pipeline.php(219): Illuminate\\Foundation\\Http\\Middleware\\ConvertEmptyStringsToNull->handle(Object(Illuminate\\Http\\Request), Object(Closure))
#35 E:\\xampp-8.2\\htdocs\\nexelit\\@core\\vendor\\laravel\\framework\\src\\Illuminate\\Foundation\\Http\\Middleware\\TransformsRequest.php(21): Illuminate\\Pipeline\\Pipeline->Illuminate\\Pipeline\\{closure}(Object(Illuminate\\Http\\Request))
#36 E:\\xampp-8.2\\htdocs\\nexelit\\@core\\vendor\\laravel\\framework\\src\\Illuminate\\Foundation\\Http\\Middleware\\TrimStrings.php(51): Illuminate\\Foundation\\Http\\Middleware\\TransformsRequest->handle(Object(Illuminate\\Http\\Request), Object(Closure))
#37 E:\\xampp-8.2\\htdocs\\nexelit\\@core\\vendor\\laravel\\framework\\src\\Illuminate\\Pipeline\\Pipeline.php(219): Illuminate\\Foundation\\Http\\Middleware\\TrimStrings->handle(Object(Illuminate\\Http\\Request), Object(Closure))
#38 E:\\xampp-8.2\\htdocs\\nexelit\\@core\\vendor\\laravel\\framework\\src\\Illuminate\\Http\\Middleware\\ValidatePostSize.php(27): Illuminate\\Pipeline\\Pipeline->Illuminate\\Pipeline\\{closure}(Object(Illuminate\\Http\\Request))
#39 E:\\xampp-8.2\\htdocs\\nexelit\\@core\\vendor\\laravel\\framework\\src\\Illuminate\\Pipeline\\Pipeline.php(219): Illuminate\\Http\\Middleware\\ValidatePostSize->handle(Object(Illuminate\\Http\\Request), Object(Closure))
#40 E:\\xampp-8.2\\htdocs\\nexelit\\@core\\vendor\\laravel\\framework\\src\\Illuminate\\Foundation\\Http\\Middleware\\PreventRequestsDuringMaintenance.php(109): Illuminate\\Pipeline\\Pipeline->Illuminate\\Pipeline\\{closure}(Object(Illuminate\\Http\\Request))
#41 E:\\xampp-8.2\\htdocs\\nexelit\\@core\\vendor\\laravel\\framework\\src\\Illuminate\\Pipeline\\Pipeline.php(219): Illuminate\\Foundation\\Http\\Middleware\\PreventRequestsDuringMaintenance->handle(Object(Illuminate\\Http\\Request), Object(Closure))
#42 E:\\xampp-8.2\\htdocs\\nexelit\\@core\\vendor\\laravel\\framework\\src\\Illuminate\\Http\\Middleware\\TrustProxies.php(58): Illuminate\\Pipeline\\Pipeline->Illuminate\\Pipeline\\{closure}(Object(Illuminate\\Http\\Request))
#43 E:\\xampp-8.2\\htdocs\\nexelit\\@core\\vendor\\laravel\\framework\\src\\Illuminate\\Pipeline\\Pipeline.php(219): Illuminate\\Http\\Middleware\\TrustProxies->handle(Object(Illuminate\\Http\\Request), Object(Closure))
#44 E:\\xampp-8.2\\htdocs\\nexelit\\@core\\vendor\\laravel\\framework\\src\\Illuminate\\Pipeline\\Pipeline.php(137): Illuminate\\Pipeline\\Pipeline->Illuminate\\Pipeline\\{closure}(Object(Illuminate\\Http\\Request))
#45 E:\\xampp-8.2\\htdocs\\nexelit\\@core\\vendor\\laravel\\framework\\src\\Illuminate\\Foundation\\Http\\Kernel.php(175): Illuminate\\Pipeline\\Pipeline->then(Object(Closure))
#46 E:\\xampp-8.2\\htdocs\\nexelit\\@core\\vendor\\laravel\\framework\\src\\Illuminate\\Foundation\\Http\\Kernel.php(144): Illuminate\\Foundation\\Http\\Kernel->sendRequestThroughRouter(Object(Illuminate\\Http\\Request))
#47 E:\\xampp-8.2\\htdocs\\nexelit\\index.php(54): Illuminate\\Foundation\\Http\\Kernel->handle(Object(Illuminate\\Http\\Request))
#48 {main}

[previous exception] [object] (Illuminate\\Database\\QueryException(code: 1045): SQLSTATE[HY000] [1045] Access denied for user 'forge'@'localhost' (using password: NO) (Connection: mysql, SQL: select * from `languages` where `default` = 1 limit 1) at E:\\xampp-8.2\\htdocs\\nexelit\\@core\\vendor\\laravel\\framework\\src\\Illuminate\\Database\\Connection.php:824)
[stacktrace]
#0 E:\\xampp-8.2\\htdocs\\nexelit\\@core\\vendor\\laravel\\framework\\src\\Illuminate\\Database\\Connection.php(978): Illuminate\\Database\\Connection->runQueryCallback('select * from `...', Array, Object(Closure))
#1 E:\\xampp-8.2\\htdocs\\nexelit\\@core\\vendor\\laravel\\framework\\src\\Illuminate\\Database\\Connection.php(957): Illuminate\\Database\\Connection->tryAgainIfCausedByLostConnection(Object(Illuminate\\Database\\QueryException), 'select * from `...', Array, Object(Closure))
#2 E:\\xampp-8.2\\htdocs\\nexelit\\@core\\vendor\\laravel\\framework\\src\\Illuminate\\Database\\Connection.php(780): Illuminate\\Database\\Connection->handleQueryException(Object(Illuminate\\Database\\QueryException), 'select * from `...', Array, Object(Closure))
#3 E:\\xampp-8.2\\htdocs\\nexelit\\@core\\vendor\\laravel\\framework\\src\\Illuminate\\Database\\Connection.php(397): Illuminate\\Database\\Connection->run('select * from `...', Array, Object(Closure))
#4 E:\\xampp-8.2\\htdocs\\nexelit\\@core\\vendor\\laravel\\framework\\src\\Illuminate\\Database\\Query\\Builder.php(3188): Illuminate\\Database\\Connection->select('select * from `...', Array, true)
#5 E:\\xampp-8.2\\htdocs\\nexelit\\@core\\vendor\\laravel\\framework\\src\\Illuminate\\Database\\Query\\Builder.php(3173): Illuminate\\Database\\Query\\Builder->runSelect()
#6 E:\\xampp-8.2\\htdocs\\nexelit\\@core\\vendor\\laravel\\framework\\src\\Illuminate\\Database\\Query\\Builder.php(3763): Illuminate\\Database\\Query\\Builder->Illuminate\\Database\\Query\\{closure}()
#7 E:\\xampp-8.2\\htdocs\\nexelit\\@core\\vendor\\laravel\\framework\\src\\Illuminate\\Database\\Query\\Builder.php(3172): Illuminate\\Database\\Query\\Builder->onceWithColumns(Array, Object(Closure))
#8 E:\\xampp-8.2\\htdocs\\nexelit\\@core\\vendor\\laravel\\framework\\src\\Illuminate\\Database\\Eloquent\\Builder.php(902): Illuminate\\Database\\Query\\Builder->get(Array)
#9 E:\\xampp-8.2\\htdocs\\nexelit\\@core\\vendor\\laravel\\framework\\src\\Illuminate\\Database\\Eloquent\\Builder.php(884): Illuminate\\Database\\Eloquent\\Builder->getModels(Array)
#10 E:\\xampp-8.2\\htdocs\\nexelit\\@core\\vendor\\laravel\\framework\\src\\Illuminate\\Database\\Concerns\\BuildsQueries.php(366): Illuminate\\Database\\Eloquent\\Builder->get(Array)
#11 E:\\xampp-8.2\\htdocs\\nexelit\\@core\\app\\Helpers\\LanguageHelper.php(70): Illuminate\\Database\\Eloquent\\Builder->first()
#12 E:\\xampp-8.2\\htdocs\\nexelit\\@core\\app\\Helpers\\helpers.php(316): App\\Helpers\\LanguageHelper::user_lang_slug()
#13 E:\\xampp-8.2\\htdocs\\nexelit\\@core\\storage\\framework\\views\\3c022c04985f1312844c00129ebe525b.php(8): get_user_lang()
#14 E:\\xampp-8.2\\htdocs\\nexelit\\@core\\vendor\\laravel\\framework\\src\\Illuminate\\Filesystem\\Filesystem.php(123): require('E:\\\\xampp-8.2\\\\ht...')
#15 E:\\xampp-8.2\\htdocs\\nexelit\\@core\\vendor\\laravel\\framework\\src\\Illuminate\\Filesystem\\Filesystem.php(124): Illuminate\\Filesystem\\Filesystem::Illuminate\\Filesystem\\{closure}()
#16 E:\\xampp-8.2\\htdocs\\nexelit\\@core\\vendor\\laravel\\framework\\src\\Illuminate\\View\\Engines\\PhpEngine.php(57): Illuminate\\Filesystem\\Filesystem->getRequire('E:\\\\xampp-8.2\\\\ht...', Array)
#17 E:\\xampp-8.2\\htdocs\\nexelit\\@core\\vendor\\laravel\\framework\\src\\Illuminate\\View\\Engines\\CompilerEngine.php(76): Illuminate\\View\\Engines\\PhpEngine->evaluatePath('E:\\\\xampp-8.2\\\\ht...', Array)
#18 E:\\xampp-8.2\\htdocs\\nexelit\\@core\\vendor\\laravel\\framework\\src\\Illuminate\\View\\View.php(208): Illuminate\\View\\Engines\\CompilerEngine->get('E:\\\\xampp-8.2\\\\ht...', Array)
#19 E:\\xampp-8.2\\htdocs\\nexelit\\@core\\vendor\\laravel\\framework\\src\\Illuminate\\View\\View.php(191): Illuminate\\View\\View->getContents()
#20 E:\\xampp-8.2\\htdocs\\nexelit\\@core\\vendor\\laravel\\framework\\src\\Illuminate\\View\\View.php(160): Illuminate\\View\\View->renderContents()
#21 E:\\xampp-8.2\\htdocs\\nexelit\\@core\\vendor\\laravel\\framework\\src\\Illuminate\\Http\\Response.php(78): Illuminate\\View\\View->render()
#22 E:\\xampp-8.2\\htdocs\\nexelit\\@core\\vendor\\laravel\\framework\\src\\Illuminate\\Http\\Response.php(34): Illuminate\\Http\\Response->setContent(Object(Illuminate\\View\\View))
#23 E:\\xampp-8.2\\htdocs\\nexelit\\@core\\vendor\\laravel\\framework\\src\\Illuminate\\Routing\\ResponseFactory.php(61): Illuminate\\Http\\Response->__construct(Object(Illuminate\\View\\View), 200, Array)
#24 E:\\xampp-8.2\\htdocs\\nexelit\\@core\\vendor\\laravel\\framework\\src\\Illuminate\\Routing\\ResponseFactory.php(91): Illuminate\\Routing\\ResponseFactory->make(Object(Illuminate\\View\\View), 200, Array)
#25 E:\\xampp-8.2\\htdocs\\nexelit\\@core\\app\\Exceptions\\Handler.php(30): Illuminate\\Routing\\ResponseFactory->view('frontend.pages....')
#26 E:\\xampp-8.2\\htdocs\\nexelit\\@core\\vendor\\laravel\\framework\\src\\Illuminate\\Routing\\Pipeline.php(51): App\\Exceptions\\Handler->render(Object(Illuminate\\Http\\Request), Object(Symfony\\Component\\HttpKernel\\Exception\\NotFoundHttpException))
#27 E:\\xampp-8.2\\htdocs\\nexelit\\@core\\vendor\\laravel\\framework\\src\\Illuminate\\Pipeline\\Pipeline.php(182): Illuminate\\Routing\\Pipeline->handleException(Object(Illuminate\\Http\\Request), Object(Symfony\\Component\\HttpKernel\\Exception\\NotFoundHttpException))
#28 E:\\xampp-8.2\\htdocs\\nexelit\\@core\\vendor\\barryvdh\\laravel-debugbar\\src\\Middleware\\InjectDebugbar.php(59): Illuminate\\Pipeline\\Pipeline->Illuminate\\Pipeline\\{closure}(Object(Illuminate\\Http\\Request))
#29 E:\\xampp-8.2\\htdocs\\nexelit\\@core\\vendor\\laravel\\framework\\src\\Illuminate\\Pipeline\\Pipeline.php(219): Barryvdh\\Debugbar\\Middleware\\InjectDebugbar->handle(Object(Illuminate\\Http\\Request), Object(Closure))
#30 E:\\xampp-8.2\\htdocs\\nexelit\\@core\\vendor\\xgenious\\installer\\src\\Http\\Middleware\\InstallerMiddleware.php(18): Illuminate\\Pipeline\\Pipeline->Illuminate\\Pipeline\\{closure}(Object(Illuminate\\Http\\Request))
#31 E:\\xampp-8.2\\htdocs\\nexelit\\@core\\vendor\\laravel\\framework\\src\\Illuminate\\Pipeline\\Pipeline.php(219): Xgenious\\Installer\\Http\\Middleware\\InstallerMiddleware->handle(Object(Illuminate\\Http\\Request), Object(Closure))
#32 E:\\xampp-8.2\\htdocs\\nexelit\\@core\\vendor\\laravel\\framework\\src\\Illuminate\\Foundation\\Http\\Middleware\\TransformsRequest.php(21): Illuminate\\Pipeline\\Pipeline->Illuminate\\Pipeline\\{closure}(Object(Illuminate\\Http\\Request))
#33 E:\\xampp-8.2\\htdocs\\nexelit\\@core\\vendor\\laravel\\framework\\src\\Illuminate\\Foundation\\Http\\Middleware\\ConvertEmptyStringsToNull.php(31): Illuminate\\Foundation\\Http\\Middleware\\TransformsRequest->handle(Object(Illuminate\\Http\\Request), Object(Closure))
#34 E:\\xampp-8.2\\htdocs\\nexelit\\@core\\vendor\\laravel\\framework\\src\\Illuminate\\Pipeline\\Pipeline.php(219): Illuminate\\Foundation\\Http\\Middleware\\ConvertEmptyStringsToNull->handle(Object(Illuminate\\Http\\Request), Object(Closure))
#35 E:\\xampp-8.2\\htdocs\\nexelit\\@core\\vendor\\laravel\\framework\\src\\Illuminate\\Foundation\\Http\\Middleware\\TransformsRequest.php(21): Illuminate\\Pipeline\\Pipeline->Illuminate\\Pipeline\\{closure}(Object(Illuminate\\Http\\Request))
#36 E:\\xampp-8.2\\htdocs\\nexelit\\@core\\vendor\\laravel\\framework\\src\\Illuminate\\Foundation\\Http\\Middleware\\TrimStrings.php(51): Illuminate\\Foundation\\Http\\Middleware\\TransformsRequest->handle(Object(Illuminate\\Http\\Request), Object(Closure))
#37 E:\\xampp-8.2\\htdocs\\nexelit\\@core\\vendor\\laravel\\framework\\src\\Illuminate\\Pipeline\\Pipeline.php(219): Illuminate\\Foundation\\Http\\Middleware\\TrimStrings->handle(Object(Illuminate\\Http\\Request), Object(Closure))
#38 E:\\xampp-8.2\\htdocs\\nexelit\\@core\\vendor\\laravel\\framework\\src\\Illuminate\\Http\\Middleware\\ValidatePostSize.php(27): Illuminate\\Pipeline\\Pipeline->Illuminate\\Pipeline\\{closure}(Object(Illuminate\\Http\\Request))
#39 E:\\xampp-8.2\\htdocs\\nexelit\\@core\\vendor\\laravel\\framework\\src\\Illuminate\\Pipeline\\Pipeline.php(219): Illuminate\\Http\\Middleware\\ValidatePostSize->handle(Object(Illuminate\\Http\\Request), Object(Closure))
#40 E:\\xampp-8.2\\htdocs\\nexelit\\@core\\vendor\\laravel\\framework\\src\\Illuminate\\Foundation\\Http\\Middleware\\PreventRequestsDuringMaintenance.php(109): Illuminate\\Pipeline\\Pipeline->Illuminate\\Pipeline\\{closure}(Object(Illuminate\\Http\\Request))
#41 E:\\xampp-8.2\\htdocs\\nexelit\\@core\\vendor\\laravel\\framework\\src\\Illuminate\\Pipeline\\Pipeline.php(219): Illuminate\\Foundation\\Http\\Middleware\\PreventRequestsDuringMaintenance->handle(Object(Illuminate\\Http\\Request), Object(Closure))
#42 E:\\xampp-8.2\\htdocs\\nexelit\\@core\\vendor\\laravel\\framework\\src\\Illuminate\\Http\\Middleware\\TrustProxies.php(58): Illuminate\\Pipeline\\Pipeline->Illuminate\\Pipeline\\{closure}(Object(Illuminate\\Http\\Request))
#43 E:\\xampp-8.2\\htdocs\\nexelit\\@core\\vendor\\laravel\\framework\\src\\Illuminate\\Pipeline\\Pipeline.php(219): Illuminate\\Http\\Middleware\\TrustProxies->handle(Object(Illuminate\\Http\\Request), Object(Closure))
#44 E:\\xampp-8.2\\htdocs\\nexelit\\@core\\vendor\\laravel\\framework\\src\\Illuminate\\Pipeline\\Pipeline.php(137): Illuminate\\Pipeline\\Pipeline->Illuminate\\Pipeline\\{closure}(Object(Illuminate\\Http\\Request))
#45 E:\\xampp-8.2\\htdocs\\nexelit\\@core\\vendor\\laravel\\framework\\src\\Illuminate\\Foundation\\Http\\Kernel.php(175): Illuminate\\Pipeline\\Pipeline->then(Object(Closure))
#46 E:\\xampp-8.2\\htdocs\\nexelit\\@core\\vendor\\laravel\\framework\\src\\Illuminate\\Foundation\\Http\\Kernel.php(144): Illuminate\\Foundation\\Http\\Kernel->sendRequestThroughRouter(Object(Illuminate\\Http\\Request))
#47 E:\\xampp-8.2\\htdocs\\nexelit\\index.php(54): Illuminate\\Foundation\\Http\\Kernel->handle(Object(Illuminate\\Http\\Request))
#48 {main}

[previous exception] [object] (PDOException(code: 1045): SQLSTATE[HY000] [1045] Access denied for user 'forge'@'localhost' (using password: NO) at E:\\xampp-8.2\\htdocs\\nexelit\\@core\\vendor\\laravel\\framework\\src\\Illuminate\\Database\\Connectors\\Connector.php:66)
[stacktrace]
#0 E:\\xampp-8.2\\htdocs\\nexelit\\@core\\vendor\\laravel\\framework\\src\\Illuminate\\Database\\Connectors\\Connector.php(66): PDO->__construct('mysql:host=loca...', 'forge', Object(SensitiveParameterValue), Array)
#1 E:\\xampp-8.2\\htdocs\\nexelit\\@core\\vendor\\laravel\\framework\\src\\Illuminate\\Database\\Connectors\\Connector.php(85): Illuminate\\Database\\Connectors\\Connector->createPdoConnection('mysql:host=loca...', 'forge', Object(SensitiveParameterValue), Array)
#2 E:\\xampp-8.2\\htdocs\\nexelit\\@core\\vendor\\laravel\\framework\\src\\Illuminate\\Database\\Connectors\\Connector.php(48): Illuminate\\Database\\Connectors\\Connector->tryAgainIfCausedByLostConnection(Object(PDOException), 'mysql:host=loca...', 'forge', Object(SensitiveParameterValue), Array)
#3 E:\\xampp-8.2\\htdocs\\nexelit\\@core\\vendor\\laravel\\framework\\src\\Illuminate\\Database\\Connectors\\MySqlConnector.php(24): Illuminate\\Database\\Connectors\\Connector->createConnection('mysql:host=loca...', Array, Array)
#4 E:\\xampp-8.2\\htdocs\\nexelit\\@core\\vendor\\laravel\\framework\\src\\Illuminate\\Database\\Connectors\\ConnectionFactory.php(184): Illuminate\\Database\\Connectors\\MySqlConnector->connect(Array)
#5 [internal function]: Illuminate\\Database\\Connectors\\ConnectionFactory->Illuminate\\Database\\Connectors\\{closure}()
#6 E:\\xampp-8.2\\htdocs\\nexelit\\@core\\vendor\\laravel\\framework\\src\\Illuminate\\Database\\Connection.php(1230): call_user_func(Object(Closure))
#7 E:\\xampp-8.2\\htdocs\\nexelit\\@core\\vendor\\laravel\\framework\\src\\Illuminate\\Database\\Connection.php(1266): Illuminate\\Database\\Connection->getPdo()
#8 E:\\xampp-8.2\\htdocs\\nexelit\\@core\\vendor\\laravel\\framework\\src\\Illuminate\\Database\\Connection.php(511): Illuminate\\Database\\Connection->getReadPdo()
#9 E:\\xampp-8.2\\htdocs\\nexelit\\@core\\vendor\\laravel\\framework\\src\\Illuminate\\Database\\Connection.php(406): Illuminate\\Database\\Connection->getPdoForSelect(true)
#10 E:\\xampp-8.2\\htdocs\\nexelit\\@core\\vendor\\laravel\\framework\\src\\Illuminate\\Database\\Connection.php(811): Illuminate\\Database\\Connection->Illuminate\\Database\\{closure}('select * from `...', Array)
#11 E:\\xampp-8.2\\htdocs\\nexelit\\@core\\vendor\\laravel\\framework\\src\\Illuminate\\Database\\Connection.php(978): Illuminate\\Database\\Connection->runQueryCallback('select * from `...', Array, Object(Closure))
#12 E:\\xampp-8.2\\htdocs\\nexelit\\@core\\vendor\\laravel\\framework\\src\\Illuminate\\Database\\Connection.php(957): Illuminate\\Database\\Connection->tryAgainIfCausedByLostConnection(Object(Illuminate\\Database\\QueryException), 'select * from `...', Array, Object(Closure))
#13 E:\\xampp-8.2\\htdocs\\nexelit\\@core\\vendor\\laravel\\framework\\src\\Illuminate\\Database\\Connection.php(780): Illuminate\\Database\\Connection->handleQueryException(Object(Illuminate\\Database\\QueryException), 'select * from `...', Array, Object(Closure))
#14 E:\\xampp-8.2\\htdocs\\nexelit\\@core\\vendor\\laravel\\framework\\src\\Illuminate\\Database\\Connection.php(397): Illuminate\\Database\\Connection->run('select * from `...', Array, Object(Closure))
#15 E:\\xampp-8.2\\htdocs\\nexelit\\@core\\vendor\\laravel\\framework\\src\\Illuminate\\Database\\Query\\Builder.php(3188): Illuminate\\Database\\Connection->select('select * from `...', Array, true)
#16 E:\\xampp-8.2\\htdocs\\nexelit\\@core\\vendor\\laravel\\framework\\src\\Illuminate\\Database\\Query\\Builder.php(3173): Illuminate\\Database\\Query\\Builder->runSelect()
#17 E:\\xampp-8.2\\htdocs\\nexelit\\@core\\vendor\\laravel\\framework\\src\\Illuminate\\Database\\Query\\Builder.php(3763): Illuminate\\Database\\Query\\Builder->Illuminate\\Database\\Query\\{closure}()
#18 E:\\xampp-8.2\\htdocs\\nexelit\\@core\\vendor\\laravel\\framework\\src\\Illuminate\\Database\\Query\\Builder.php(3172): Illuminate\\Database\\Query\\Builder->onceWithColumns(Array, Object(Closure))
#19 E:\\xampp-8.2\\htdocs\\nexelit\\@core\\vendor\\laravel\\framework\\src\\Illuminate\\Database\\Eloquent\\Builder.php(902): Illuminate\\Database\\Query\\Builder->get(Array)
#20 E:\\xampp-8.2\\htdocs\\nexelit\\@core\\vendor\\laravel\\framework\\src\\Illuminate\\Database\\Eloquent\\Builder.php(884): Illuminate\\Database\\Eloquent\\Builder->getModels(Array)
#21 E:\\xampp-8.2\\htdocs\\nexelit\\@core\\vendor\\laravel\\framework\\src\\Illuminate\\Database\\Concerns\\BuildsQueries.php(366): Illuminate\\Database\\Eloquent\\Builder->get(Array)
#22 E:\\xampp-8.2\\htdocs\\nexelit\\@core\\app\\Helpers\\LanguageHelper.php(70): Illuminate\\Database\\Eloquent\\Builder->first()
#23 E:\\xampp-8.2\\htdocs\\nexelit\\@core\\app\\Helpers\\helpers.php(316): App\\Helpers\\LanguageHelper::user_lang_slug()
#24 E:\\xampp-8.2\\htdocs\\nexelit\\@core\\storage\\framework\\views\\3c022c04985f1312844c00129ebe525b.php(8): get_user_lang()
#25 E:\\xampp-8.2\\htdocs\\nexelit\\@core\\vendor\\laravel\\framework\\src\\Illuminate\\Filesystem\\Filesystem.php(123): require('E:\\\\xampp-8.2\\\\ht...')
#26 E:\\xampp-8.2\\htdocs\\nexelit\\@core\\vendor\\laravel\\framework\\src\\Illuminate\\Filesystem\\Filesystem.php(124): Illuminate\\Filesystem\\Filesystem::Illuminate\\Filesystem\\{closure}()
#27 E:\\xampp-8.2\\htdocs\\nexelit\\@core\\vendor\\laravel\\framework\\src\\Illuminate\\View\\Engines\\PhpEngine.php(57): Illuminate\\Filesystem\\Filesystem->getRequire('E:\\\\xampp-8.2\\\\ht...', Array)
#28 E:\\xampp-8.2\\htdocs\\nexelit\\@core\\vendor\\laravel\\framework\\src\\Illuminate\\View\\Engines\\CompilerEngine.php(76): Illuminate\\View\\Engines\\PhpEngine->evaluatePath('E:\\\\xampp-8.2\\\\ht...', Array)
#29 E:\\xampp-8.2\\htdocs\\nexelit\\@core\\vendor\\laravel\\framework\\src\\Illuminate\\View\\View.php(208): Illuminate\\View\\Engines\\CompilerEngine->get('E:\\\\xampp-8.2\\\\ht...', Array)
#30 E:\\xampp-8.2\\htdocs\\nexelit\\@core\\vendor\\laravel\\framework\\src\\Illuminate\\View\\View.php(191): Illuminate\\View\\View->getContents()
#31 E:\\xampp-8.2\\htdocs\\nexelit\\@core\\vendor\\laravel\\framework\\src\\Illuminate\\View\\View.php(160): Illuminate\\View\\View->renderContents()
#32 E:\\xampp-8.2\\htdocs\\nexelit\\@core\\vendor\\laravel\\framework\\src\\Illuminate\\Http\\Response.php(78): Illuminate\\View\\View->render()
#33 E:\\xampp-8.2\\htdocs\\nexelit\\@core\\vendor\\laravel\\framework\\src\\Illuminate\\Http\\Response.php(34): Illuminate\\Http\\Response->setContent(Object(Illuminate\\View\\View))
#34 E:\\xampp-8.2\\htdocs\\nexelit\\@core\\vendor\\laravel\\framework\\src\\Illuminate\\Routing\\ResponseFactory.php(61): Illuminate\\Http\\Response->__construct(Object(Illuminate\\View\\View), 200, Array)
#35 E:\\xampp-8.2\\htdocs\\nexelit\\@core\\vendor\\laravel\\framework\\src\\Illuminate\\Routing\\ResponseFactory.php(91): Illuminate\\Routing\\ResponseFactory->make(Object(Illuminate\\View\\View), 200, Array)
#36 E:\\xampp-8.2\\htdocs\\nexelit\\@core\\app\\Exceptions\\Handler.php(30): Illuminate\\Routing\\ResponseFactory->view('frontend.pages....')
#37 E:\\xampp-8.2\\htdocs\\nexelit\\@core\\vendor\\laravel\\framework\\src\\Illuminate\\Routing\\Pipeline.php(51): App\\Exceptions\\Handler->render(Object(Illuminate\\Http\\Request), Object(Symfony\\Component\\HttpKernel\\Exception\\NotFoundHttpException))
#38 E:\\xampp-8.2\\htdocs\\nexelit\\@core\\vendor\\laravel\\framework\\src\\Illuminate\\Pipeline\\Pipeline.php(182): Illuminate\\Routing\\Pipeline->handleException(Object(Illuminate\\Http\\Request), Object(Symfony\\Component\\HttpKernel\\Exception\\NotFoundHttpException))
#39 E:\\xampp-8.2\\htdocs\\nexelit\\@core\\vendor\\barryvdh\\laravel-debugbar\\src\\Middleware\\InjectDebugbar.php(59): Illuminate\\Pipeline\\Pipeline->Illuminate\\Pipeline\\{closure}(Object(Illuminate\\Http\\Request))
#40 E:\\xampp-8.2\\htdocs\\nexelit\\@core\\vendor\\laravel\\framework\\src\\Illuminate\\Pipeline\\Pipeline.php(219): Barryvdh\\Debugbar\\Middleware\\InjectDebugbar->handle(Object(Illuminate\\Http\\Request), Object(Closure))
#41 E:\\xampp-8.2\\htdocs\\nexelit\\@core\\vendor\\xgenious\\installer\\src\\Http\\Middleware\\InstallerMiddleware.php(18): Illuminate\\Pipeline\\Pipeline->Illuminate\\Pipeline\\{closure}(Object(Illuminate\\Http\\Request))
#42 E:\\xampp-8.2\\htdocs\\nexelit\\@core\\vendor\\laravel\\framework\\src\\Illuminate\\Pipeline\\Pipeline.php(219): Xgenious\\Installer\\Http\\Middleware\\InstallerMiddleware->handle(Object(Illuminate\\Http\\Request), Object(Closure))
#43 E:\\xampp-8.2\\htdocs\\nexelit\\@core\\vendor\\laravel\\framework\\src\\Illuminate\\Foundation\\Http\\Middleware\\TransformsRequest.php(21): Illuminate\\Pipeline\\Pipeline->Illuminate\\Pipeline\\{closure}(Object(Illuminate\\Http\\Request))
#44 E:\\xampp-8.2\\htdocs\\nexelit\\@core\\vendor\\laravel\\framework\\src\\Illuminate\\Foundation\\Http\\Middleware\\ConvertEmptyStringsToNull.php(31): Illuminate\\Foundation\\Http\\Middleware\\TransformsRequest->handle(Object(Illuminate\\Http\\Request), Object(Closure))
#45 E:\\xampp-8.2\\htdocs\\nexelit\\@core\\vendor\\laravel\\framework\\src\\Illuminate\\Pipeline\\Pipeline.php(219): Illuminate\\Foundation\\Http\\Middleware\\ConvertEmptyStringsToNull->handle(Object(Illuminate\\Http\\Request), Object(Closure))
#46 E:\\xampp-8.2\\htdocs\\nexelit\\@core\\vendor\\laravel\\framework\\src\\Illuminate\\Foundation\\Http\\Middleware\\TransformsRequest.php(21): Illuminate\\Pipeline\\Pipeline->Illuminate\\Pipeline\\{closure}(Object(Illuminate\\Http\\Request))
#47 E:\\xampp-8.2\\htdocs\\nexelit\\@core\\vendor\\laravel\\framework\\src\\Illuminate\\Foundation\\Http\\Middleware\\TrimStrings.php(51): Illuminate\\Foundation\\Http\\Middleware\\TransformsRequest->handle(Object(Illuminate\\Http\\Request), Object(Closure))
#48 E:\\xampp-8.2\\htdocs\\nexelit\\@core\\vendor\\laravel\\framework\\src\\Illuminate\\Pipeline\\Pipeline.php(219): Illuminate\\Foundation\\Http\\Middleware\\TrimStrings->handle(Object(Illuminate\\Http\\Request), Object(Closure))
#49 E:\\xampp-8.2\\htdocs\\nexelit\\@core\\vendor\\laravel\\framework\\src\\Illuminate\\Http\\Middleware\\ValidatePostSize.php(27): Illuminate\\Pipeline\\Pipeline->Illuminate\\Pipeline\\{closure}(Object(Illuminate\\Http\\Request))
#50 E:\\xampp-8.2\\htdocs\\nexelit\\@core\\vendor\\laravel\\framework\\src\\Illuminate\\Pipeline\\Pipeline.php(219): Illuminate\\Http\\Middleware\\ValidatePostSize->handle(Object(Illuminate\\Http\\Request), Object(Closure))
#51 E:\\xampp-8.2\\htdocs\\nexelit\\@core\\vendor\\laravel\\framework\\src\\Illuminate\\Foundation\\Http\\Middleware\\PreventRequestsDuringMaintenance.php(109): Illuminate\\Pipeline\\Pipeline->Illuminate\\Pipeline\\{closure}(Object(Illuminate\\Http\\Request))
#52 E:\\xampp-8.2\\htdocs\\nexelit\\@core\\vendor\\laravel\\framework\\src\\Illuminate\\Pipeline\\Pipeline.php(219): Illuminate\\Foundation\\Http\\Middleware\\PreventRequestsDuringMaintenance->handle(Object(Illuminate\\Http\\Request), Object(Closure))
#53 E:\\xampp-8.2\\htdocs\\nexelit\\@core\\vendor\\laravel\\framework\\src\\Illuminate\\Http\\Middleware\\TrustProxies.php(58): Illuminate\\Pipeline\\Pipeline->Illuminate\\Pipeline\\{closure}(Object(Illuminate\\Http\\Request))
#54 E:\\xampp-8.2\\htdocs\\nexelit\\@core\\vendor\\laravel\\framework\\src\\Illuminate\\Pipeline\\Pipeline.php(219): Illuminate\\Http\\Middleware\\TrustProxies->handle(Object(Illuminate\\Http\\Request), Object(Closure))
#55 E:\\xampp-8.2\\htdocs\\nexelit\\@core\\vendor\\laravel\\framework\\src\\Illuminate\\Pipeline\\Pipeline.php(137): Illuminate\\Pipeline\\Pipeline->Illuminate\\Pipeline\\{closure}(Object(Illuminate\\Http\\Request))
#56 E:\\xampp-8.2\\htdocs\\nexelit\\@core\\vendor\\laravel\\framework\\src\\Illuminate\\Foundation\\Http\\Kernel.php(175): Illuminate\\Pipeline\\Pipeline->then(Object(Closure))
#57 E:\\xampp-8.2\\htdocs\\nexelit\\@core\\vendor\\laravel\\framework\\src\\Illuminate\\Foundation\\Http\\Kernel.php(144): Illuminate\\Foundation\\Http\\Kernel->sendRequestThroughRouter(Object(Illuminate\\Http\\Request))
#58 E:\\xampp-8.2\\htdocs\\nexelit\\index.php(54): Illuminate\\Foundation\\Http\\Kernel->handle(Object(Illuminate\\Http\\Request))
#59 {main}
"} 
[2026-09-14 21:57:42] production.ERROR: SQLSTATE[HY000] [1045] Access denied for user 'forge'@'localhost' (using password: NO) (Connection: mysql, SQL: select * from `languages` where `default` = 1 limit 1) {"view":{"view":"E:\\xampp-8.2\\htdocs\\nexelit\\@core\\resources\\views\\errors\\500.blade.php","data":{"home_page_variant":"<pre class=sf-dump id=sf-dump-1629688632 data-indent-pad=\"  \">\"<span class=sf-dump-str title=\"2 characters\">01</span>\"
</pre><script>Sfdump(\"sf-dump-1629688632\", {\"maxDepth\":3,\"maxStringLength\":160})</script>
","errors":"<pre class=sf-dump id=sf-dump-192055198 data-indent-pad=\"  \"><span class=sf-dump-note>Illuminate\\Support\\ViewErrorBag</span> {<a class=sf-dump-ref>#3586</a><samp data-depth=1 class=sf-dump-expanded>
  #<span class=sf-dump-protected title=\"Protected property\">bags</span>: []
</samp>}
</pre><script>Sfdump(\"sf-dump-192055198\", {\"maxDepth\":3,\"maxStringLength\":160})</script>
","exception":"<pre class=sf-dump id=sf-dump-457966837 data-indent-pad=\"  \"><span class=sf-dump-note>Symfony\\Component\\HttpKernel\\Exception\\HttpException</span> {<a class=sf-dump-ref>#3585</a><samp data-depth=1 class=sf-dump-expanded>
  #<span class=sf-dump-protected title=\"Protected property\">message</span>: \"<span class=sf-dump-str title=\"166 characters\">SQLSTATE[HY000] [1045] Access denied for user &#039;forge&#039;@&#039;localhost&#039; (using password: NO) (Connection: mysql, SQL: select * from `languages` where `default` = 1 limit 1)</span>\"
  #<span class=sf-dump-protected title=\"Protected property\">code</span>: <span class=sf-dump-num>0</span>
  #<span class=sf-dump-protected title=\"Protected property\">file</span>: \"<span class=\"sf-dump-str sf-dump-ellipsization\" title=\"E:\\xampp-8.2\\htdocs\\nexelit\\@core\\vendor\\laravel\\framework\\src\\Illuminate\\Foundation\\Exceptions\\Handler.php
107 characters\"><span class=\"sf-dump-ellipsis sf-dump-ellipsis-path\">E:\\xampp-8.2\\htdocs\\nexelit\\@core\\vendor</span><span class=\"sf-dump-ellipsis sf-dump-ellipsis-path\">\\laravel\\framework\\</span><span class=\"sf-dump-ellipsis-tail\">src\\Illuminate\\Foundation\\Exceptions\\Handler.php</span></span>\"
  #<span class=sf-dump-protected title=\"Protected property\">line</span>: <span class=sf-dump-num>844</span>
  -<span class=sf-dump-private title=\"Private property defined in class:&#10;`Exception`\">previous</span>: <span class=\"sf-dump-note sf-dump-ellipsization\" title=\"Spatie\\LaravelIgnition\\Exceptions\\ViewException
\"><span class=\"sf-dump-ellipsis sf-dump-ellipsis-note\">Spatie\\LaravelIgnition\\Exceptions</span><span class=\"sf-dump-ellipsis sf-dump-ellipsis-note\">\\</span><span class=\"sf-dump-ellipsis-tail\">ViewException</span></span> {<a class=sf-dump-ref href=#sf-dump-457966837-ref23587 title=\"4 occurrences\">#3587</a><samp data-depth=2 id=sf-dump-457966837-ref23587 class=sf-dump-compact>
    #<span class=sf-dump-protected title=\"Protected property\">message</span>: \"<span class=sf-dump-str title=\"166 characters\">SQLSTATE[HY000] [1045] Access denied for user &#039;forge&#039;@&#039;localhost&#039; (using password: NO) (Connection: mysql, SQL: select * from `languages` where `default` = 1 limit 1)</span>\"
    #<span class=sf-dump-protected title=\"Protected property\">code</span>: <span class=sf-dump-num>0</span>
    #<span class=sf-dump-protected title=\"Protected property\">file</span>: \"<span class=\"sf-dump-str sf-dump-ellipsization\" title=\"E:\\xampp-8.2\\htdocs\\nexelit\\@core\\vendor\\laravel\\framework\\src\\Illuminate\\Database\\Connection.php
97 characters\"><span class=\"sf-dump-ellipsis sf-dump-ellipsis-path\">E:\\xampp-8.2\\htdocs\\nexelit\\@core\\vendor</span><span class=\"sf-dump-ellipsis sf-dump-ellipsis-path\">\\laravel\\framework\\</span><span class=\"sf-dump-ellipsis-tail\">src\\Illuminate\\Database\\Connection.php</span></span>\"
    #<span class=sf-dump-protected title=\"Protected property\">line</span>: <span class=sf-dump-num>824</span>
    -<span class=sf-dump-private title=\"Private property defined in class:&#10;`Exception`\">previous</span>: <span class=\"sf-dump-note sf-dump-ellipsization\" title=\"Illuminate\\Database\\QueryException
\"><span class=\"sf-dump-ellipsis sf-dump-ellipsis-note\">Illuminate\\Database</span><span class=\"sf-dump-ellipsis sf-dump-ellipsis-note\">\\</span><span class=\"sf-dump-ellipsis-tail\">QueryException</span></span> {<a class=sf-dump-ref>#3618</a><samp data-depth=3 class=sf-dump-compact>
      #<span class=sf-dump-protected title=\"Protected property\">message</span>: \"<span class=sf-dump-str title=\"166 characters\">SQLSTATE[HY000] [1045] Access denied for user &#039;forge&#039;@&#039;localhost&#039; (using password: NO) (Connection: mysql, SQL: select * from `languages` where `default` = 1 limit 1)</span>\"
      #<span class=sf-dump-protected title=\"Protected property\">code</span>: <span class=sf-dump-num>1045</span>
      #<span class=sf-dump-protected title=\"Protected property\">file</span>: \"<span class=\"sf-dump-str sf-dump-ellipsization\" title=\"E:\\xampp-8.2\\htdocs\\nexelit\\@core\\vendor\\laravel\\framework\\src\\Illuminate\\Database\\Connection.php
97 characters\"><span class=\"sf-dump-ellipsis sf-dump-ellipsis-path\">E:\\xampp-8.2\\htdocs\\nexelit\\@core\\vendor</span><span class=\"sf-dump-ellipsis sf-dump-ellipsis-path\">\\laravel\\framework\\</span><span class=\"sf-dump-ellipsis-tail\">src\\Illuminate\\Database\\Connection.php</span></span>\"
      #<span class=sf-dump-protected title=\"Protected property\">line</span>: <span class=sf-dump-num>824</span>
      -<span class=sf-dump-private title=\"Private property defined in class:&#10;`Exception`\">previous</span>: <span class=sf-dump-note>PDOException</span> {<a class=sf-dump-ref>#3613</a> &#8230;6}
      +<span class=sf-dump-public title=\"Public property\">errorInfo</span>: <span class=sf-dump-note>array:3</span> [ &#8230;3]
      +<span class=sf-dump-public title=\"Public property\">connectionName</span>: \"<span class=sf-dump-str title=\"5 characters\">mysql</span>\"
      #<span class=sf-dump-protected title=\"Protected property\">sql</span>: \"<span class=sf-dump-str title=\"53 characters\">select * from `languages` where `default` = ? limit 1</span>\"
      #<span class=sf-dump-protected title=\"Protected property\">bindings</span>: <span class=sf-dump-note>array:1</span> [ &#8230;1]
      <span class=sf-dump-meta>trace</span>: { &#8230;49}
    </samp>}
    #<span class=sf-dump-protected title=\"Protected property\">severity</span>: <span class=sf-dump-const title=\"1\">E_ERROR</span>
    #<span class=sf-dump-protected title=\"Protected property\">viewData</span>: <span class=sf-dump-note>array:1</span> [<samp data-depth=3 class=sf-dump-compact>
      \"<span class=sf-dump-key>home_page_variant</span>\" => \"<span class=sf-dump-str title=\"2 characters\">01</span>\"
    </samp>]
    #<span class=sf-dump-protected title=\"Protected property\">view</span>: \"<span class=sf-dump-str title=\"78 characters\">E:\\xampp-8.2\\htdocs\\nexelit\\@core\\resources\\views\\frontend\\pages\\404.blade.php</span>\"
    <span class=sf-dump-meta>trace</span>: {<samp data-depth=3 class=sf-dump-compact>
      <span class=\"sf-dump-meta sf-dump-ellipsization\" title=\"E:\\xampp-8.2\\htdocs\\nexelit\\@core\\vendor\\laravel\\framework\\src\\Illuminate\\Database\\Connection.php:824
Stack level 49.\"><span class=\"sf-dump-ellipsis sf-dump-ellipsis-path\">E:\\xampp-8.2\\htdocs\\nexelit\\@core\\vendor</span><span class=\"sf-dump-ellipsis sf-dump-ellipsis-path\">\\laravel\\framework\\</span><span class=\"sf-dump-ellipsis-tail\">src\\Illuminate\\Database\\Connection.php:824</span></span> { &#8230;4}
      <span class=\"sf-dump-meta sf-dump-ellipsization\" title=\"E:\\xampp-8.2\\htdocs\\nexelit\\@core\\vendor\\laravel\\framework\\src\\Illuminate\\Database\\Connection.php:978
Stack level 48.\"><span class=\"sf-dump-ellipsis sf-dump-ellipsis-path\">E:\\xampp-8.2\\htdocs\\nexelit\\@core\\vendor</span><span class=\"sf-dump-ellipsis sf-dump-ellipsis-path\">\\laravel\\framework\\</span><span class=\"sf-dump-ellipsis-tail\">src\\Illuminate\\Database\\Connection.php:978</span></span> { &#8230;5}
      <span class=\"sf-dump-meta sf-dump-ellipsization\" title=\"E:\\xampp-8.2\\htdocs\\nexelit\\@core\\vendor\\laravel\\framework\\src\\Illuminate\\Database\\Connection.php:957
Stack level 47.\"><span class=\"sf-dump-ellipsis sf-dump-ellipsis-path\">E:\\xampp-8.2\\htdocs\\nexelit\\@core\\vendor</span><span class=\"sf-dump-ellipsis sf-dump-ellipsis-path\">\\laravel\\framework\\</span><span class=\"sf-dump-ellipsis-tail\">src\\Illuminate\\Database\\Connection.php:957</span></span> { &#8230;5}
      <span class=\"sf-dump-meta sf-dump-ellipsization\" title=\"E:\\xampp-8.2\\htdocs\\nexelit\\@core\\vendor\\laravel\\framework\\src\\Illuminate\\Database\\Connection.php:780
Stack level 46.\"><span class=\"sf-dump-ellipsis sf-dump-ellipsis-path\">E:\\xampp-8.2\\htdocs\\nexelit\\@core\\vendor</span><span class=\"sf-dump-ellipsis sf-dump-ellipsis-path\">\\laravel\\framework\\</span><span class=\"sf-dump-ellipsis-tail\">src\\Illuminate\\Database\\Connection.php:780</span></span> { &#8230;5}
      <span class=\"sf-dump-meta sf-dump-ellipsization\" title=\"E:\\xampp-8.2\\htdocs\\nexelit\\@core\\vendor\\laravel\\framework\\src\\Illuminate\\Database\\Connection.php:397
Stack level 45.\"><span class=\"sf-dump-ellipsis sf-dump-ellipsis-path\">E:\\xampp-8.2\\htdocs\\nexelit\\@core\\vendor</span><span class=\"sf-dump-ellipsis sf-dump-ellipsis-path\">\\laravel\\framework\\</span><span class=\"sf-dump-ellipsis-tail\">src\\Illuminate\\Database\\Connection.php:397</span></span> { &#8230;5}
      <span class=\"sf-dump-meta sf-dump-ellipsization\" title=\"E:\\xampp-8.2\\htdocs\\nexelit\\@core\\vendor\\laravel\\framework\\src\\Illuminate\\Database\\Query\\Builder.php:3188
Stack level 44.\"><span class=\"sf-dump-ellipsis sf-dump-ellipsis-path\">E:\\xampp-8.2\\htdocs\\nexelit\\@core\\vendor</span><span class=\"sf-dump-ellipsis sf-dump-ellipsis-path\">\\laravel\\framework\\</span><span class=\"sf-dump-ellipsis-tail\">src\\Illuminate\\Database\\Query\\Builder.php:3188</span></span> { &#8230;5}
      <span class=\"sf-dump-meta sf-dump-ellipsization\" title=\"E:\\xampp-8.2\\htdocs\\nexelit\\@core\\vendor\\laravel\\framework\\src\\Illuminate\\Database\\Query\\Builder.php:3173
Stack level 43.\"><span class=\"sf-dump-ellipsis sf-dump-ellipsis-path\">E:\\xampp-8.2\\htdocs\\nexelit\\@core\\vendor</span><span class=\"sf-dump-ellipsis sf-dump-ellipsis-path\">\\laravel\\framework\\</span><span class=\"sf-dump-ellipsis-tail\">src\\Illuminate\\Database\\Query\\Builder.php:3173</span></span> { &#8230;4}
      <span class=\"sf-dump-meta sf-dump-ellipsization\" title=\"E:\\xampp-8.2\\htdocs\\nexelit\\@core\\vendor\\laravel\\framework\\src\\Illuminate\\Database\\Query\\Builder.php:3763
Stack level 42.\"><span class=\"sf-dump-ellipsis sf-dump-ellipsis-path\">E:\\xampp-8.2\\htdocs\\nexelit\\@core\\vendor</span><span class=\"sf-dump-ellipsis sf-dump-ellipsis-path\">\\laravel\\framework\\</span><span class=\"sf-dump-ellipsis-tail\">src\\Illuminate\\Database\\Query\\Builder.php:3763</span></span> { &#8230;4}
      <span class=\"sf-dump-meta sf-dump-ellipsization\" title=\"E:\\xampp-8.2\\htdocs\\nexelit\\@core\\vendor\\laravel\\framework\\src\\Illuminate\\Database\\Query\\Builder.php:3172
Stack level 41.\"><span class=\"sf-dump-ellipsis sf-dump-ellipsis-path\">E:\\xampp-8.2\\htdocs\\nexelit\\@core\\vendor</span><span class=\"sf-dump-ellipsis sf-dump-ellipsis-path\">\\laravel\\framework\\</span><span class=\"sf-dump-ellipsis-tail\">src\\Illuminate\\Database\\Query\\Builder.php:3172</span></span> { &#8230;5}
      <span class=\"sf-dump-meta sf-dump-ellipsization\" title=\"E:\\xampp-8.2\\htdocs\\nexelit\\@core\\vendor\\laravel\\framework\\src\\Illuminate\\Database\\Eloquent\\Builder.php:902
Stack level 40.\"><span class=\"sf-dump-ellipsis sf-dump-ellipsis-path\">E:\\xampp-8.2\\htdocs\\nexelit\\@core\\vendor</span><span class=\"sf-dump-ellipsis sf-dump-ellipsis-path\">\\laravel\\framework\\</span><span class=\"sf-dump-ellipsis-tail\">src\\Illuminate\\Database\\Eloquent\\Builder.php:902</span></span> { &#8230;5}
      <span class=\"sf-dump-meta sf-dump-ellipsization\" title=\"E:\\xampp-8.2\\htdocs\\nexelit\\@core\\vendor\\laravel\\framework\\src\\Illuminate\\Database\\Eloquent\\Builder.php:884
Stack level 39.\"><span class=\"sf-dump-ellipsis sf-dump-ellipsis-path\">E:\\xampp-8.2\\htdocs\\nexelit\\@core\\vendor</span><span class=\"sf-dump-ellipsis sf-dump-ellipsis-path\">\\laravel\\framework\\</span><span class=\"sf-dump-ellipsis-tail\">src\\Illuminate\\Database\\Eloquent\\Builder.php:884</span></span> { &#8230;5}
      <span class=\"sf-dump-meta sf-dump-ellipsization\" title=\"E:\\xampp-8.2\\htdocs\\nexelit\\@core\\vendor\\laravel\\framework\\src\\Illuminate\\Database\\Concerns\\BuildsQueries.php:366
Stack level 38.\"><span class=\"sf-dump-ellipsis sf-dump-ellipsis-path\">E:\\xampp-8.2\\htdocs\\nexelit\\@core\\vendor</span><span class=\"sf-dump-ellipsis sf-dump-ellipsis-path\">\\laravel\\framework\\</span><span class=\"sf-dump-ellipsis-tail\">src\\Illuminate\\Database\\Concerns\\BuildsQueries.php:366</span></span> { &#8230;5}
      <span class=\"sf-dump-meta sf-dump-ellipsization\" title=\"E:\\xampp-8.2\\htdocs\\nexelit\\@core\\app\\Helpers\\LanguageHelper.php:70
Stack level 37.\"><span class=\"sf-dump-ellipsis sf-dump-ellipsis-path\">E:\\xampp-8.2\\htdocs\\nexelit\\@core</span><span class=\"sf-dump-ellipsis sf-dump-ellipsis-path\">\\</span><span class=\"sf-dump-ellipsis-tail\">app\\Helpers\\LanguageHelper.php:70</span></span> { &#8230;4}
      <span class=\"sf-dump-meta sf-dump-ellipsization\" title=\"E:\\xampp-8.2\\htdocs\\nexelit\\@core\\app\\Helpers\\helpers.php:316
Stack level 36.\"><span class=\"sf-dump-ellipsis sf-dump-ellipsis-path\">E:\\xampp-8.2\\htdocs\\nexelit\\@core</span><span class=\"sf-dump-ellipsis sf-dump-ellipsis-path\">\\</span><span class=\"sf-dump-ellipsis-tail\">app\\Helpers\\helpers.php:316</span></span> { &#8230;4}
      <span class=\"sf-dump-meta sf-dump-ellipsization\" title=\"E:\\xampp-8.2\\htdocs\\nexelit\\@core\\resources\\views\\frontend\\pages\\404.blade.php:9
Stack level 35.\"><span class=\"sf-dump-ellipsis sf-dump-ellipsis-path\">E:\\xampp-8.2\\htdocs\\nexelit\\@core</span><span class=\"sf-dump-ellipsis sf-dump-ellipsis-path\">\\</span><span class=\"sf-dump-ellipsis-tail\">resources\\views\\frontend\\pages\\404.blade.php:9</span></span> { &#8230;4}
      <span class=\"sf-dump-meta sf-dump-ellipsization\" title=\"E:\\xampp-8.2\\htdocs\\nexelit\\@core\\vendor\\laravel\\framework\\src\\Illuminate\\Filesystem\\Filesystem.php:123
Stack level 34.\"><span class=\"sf-dump-ellipsis sf-dump-ellipsis-path\">E:\\xampp-8.2\\htdocs\\nexelit\\@core\\vendor</span><span class=\"sf-dump-ellipsis sf-dump-ellipsis-path\">\\laravel\\framework\\</span><span class=\"sf-dump-ellipsis-tail\">src\\Illuminate\\Filesystem\\Filesystem.php:123</span></span> { &#8230;5}
      <span class=\"sf-dump-meta sf-dump-ellipsization\" title=\"E:\\xampp-8.2\\htdocs\\nexelit\\@core\\vendor\\laravel\\framework\\src\\Illuminate\\Filesystem\\Filesystem.php:124
Stack level 33.\"><span class=\"sf-dump-ellipsis sf-dump-ellipsis-path\">E:\\xampp-8.2\\htdocs\\nexelit\\@core\\vendor</span><span class=\"sf-dump-ellipsis sf-dump-ellipsis-path\">\\laravel\\framework\\</span><span class=\"sf-dump-ellipsis-tail\">src\\Illuminate\\Filesystem\\Filesystem.php:124</span></span> { &#8230;4}
      <span class=\"sf-dump-meta sf-dump-ellipsization\" title=\"E:\\xampp-8.2\\htdocs\\nexelit\\@core\\vendor\\laravel\\framework\\src\\Illuminate\\View\\Engines\\PhpEngine.php:57
Stack level 32.\"><span class=\"sf-dump-ellipsis sf-dump-ellipsis-path\">E:\\xampp-8.2\\htdocs\\nexelit\\@core\\vendor</span><span class=\"sf-dump-ellipsis sf-dump-ellipsis-path\">\\laravel\\framework\\</span><span class=\"sf-dump-ellipsis-tail\">src\\Illuminate\\View\\Engines\\PhpEngine.php:57</span></span> { &#8230;5}
      <span class=\"sf-dump-meta sf-dump-ellipsization\" title=\"E:\\xampp-8.2\\htdocs\\nexelit\\@core\\vendor\\laravel\\framework\\src\\Illuminate\\View\\Engines\\CompilerEngine.php:76
Stack level 31.\"><span class=\"sf-dump-ellipsis sf-dump-ellipsis-path\">E:\\xampp-8.2\\htdocs\\nexelit\\@core\\vendor</span><span class=\"sf-dump-ellipsis sf-dump-ellipsis-path\">\\laravel\\framework\\</span><span class=\"sf-dump-ellipsis-tail\">src\\Illuminate\\View\\Engines\\CompilerEngine.php:76</span></span> { &#8230;5}
      <span class=\"sf-dump-meta sf-dump-ellipsization\" title=\"E:\\xampp-8.2\\htdocs\\nexelit\\@core\\vendor\\laravel\\framework\\src\\Illuminate\\View\\View.php:208
Stack level 30.\"><span class=\"sf-dump-ellipsis sf-dump-ellipsis-path\">E:\\xampp-8.2\\htdocs\\nexelit\\@core\\vendor</span><span class=\"sf-dump-ellipsis sf-dump-ellipsis-path\">\\laravel\\framework\\</span><span class=\"sf-dump-ellipsis-tail\">src\\Illuminate\\View\\View.php:208</span></span> { &#8230;5}
      <span class=\"sf-dump-meta sf-dump-ellipsization\" title=\"E:\\xampp-8.2\\htdocs\\nexelit\\@core\\vendor\\laravel\\framework\\src\\Illuminate\\View\\View.php:191
Stack level 29.\"><span class=\"sf-dump-ellipsis sf-dump-ellipsis-path\">E:\\xampp-8.2\\htdocs\\nexelit\\@core\\vendor</span><span class=\"sf-dump-ellipsis sf-dump-ellipsis-path\">\\laravel\\framework\\</span><span class=\"sf-dump-ellipsis-tail\">src\\Illuminate\\View\\View.php:191</span></span> { &#8230;4}
      <span class=\"sf-dump-meta sf-dump-ellipsization\" title=\"E:\\xampp-8.2\\htdocs\\nexelit\\@core\\vendor\\laravel\\framework\\src\\Illuminate\\View\\View.php:160
Stack level 28.\"><span class=\"sf-dump-ellipsis sf-dump-ellipsis-path\">E:\\xampp-8.2\\htdocs\\nexelit\\@core\\vendor</span><span class=\"sf-dump-ellipsis sf-dump-ellipsis-path\">\\laravel\\framework\\</span><span class=\"sf-dump-ellipsis-tail\">src\\Illuminate\\View\\View.php:160</span></span> { &#8230;4}
      <span class=\"sf-dump-meta sf-dump-ellipsization\" title=\"E:\\xampp-8.2\\htdocs\\nexelit\\@core\\vendor\\laravel\\framework\\src\\Illuminate\\Http\\Response.php:78
Stack level 27.\"><span class=\"sf-dump-ellipsis sf-dump-ellipsis-path\">E:\\xampp-8.2\\htdocs\\nexelit\\@core\\vendor</span><span class=\"sf-dump-ellipsis sf-dump-ellipsis-path\">\\laravel\\framework\\</span><span class=\"sf-dump-ellipsis-tail\">src\\Illuminate\\Http\\Response.php:78</span></span> { &#8230;4}
      <span class=\"sf-dump-meta sf-dump-ellipsization\" title=\"E:\\xampp-8.2\\htdocs\\nexelit\\@core\\vendor\\laravel\\framework\\src\\Illuminate\\Http\\Response.php:34
Stack level 26.\"><span class=\"sf-dump-ellipsis sf-dump-ellipsis-path\">E:\\xampp-8.2\\htdocs\\nexelit\\@core\\vendor</span><span class=\"sf-dump-ellipsis sf-dump-ellipsis-path\">\\laravel\\framework\\</span><span class=\"sf-dump-ellipsis-tail\">src\\Illuminate\\Http\\Response.php:34</span></span> { &#8230;5}
      <span class=\"sf-dump-meta sf-dump-ellipsization\" title=\"E:\\xampp-8.2\\htdocs\\nexelit\\@core\\vendor\\laravel\\framework\\src\\Illuminate\\Routing\\ResponseFactory.php:61
Stack level 25.\"><span class=\"sf-dump-ellipsis sf-dump-ellipsis-path\">E:\\xampp-8.2\\htdocs\\nexelit\\@core\\vendor</span><span class=\"sf-dump-ellipsis sf-dump-ellipsis-path\">\\laravel\\framework\\</span><span class=\"sf-dump-ellipsis-tail\">src\\Illuminate\\Routing\\ResponseFactory.php:61</span></span> { &#8230;5}
      <span class=\"sf-dump-meta sf-dump-ellipsization\" title=\"E:\\xampp-8.2\\htdocs\\nexelit\\@core\\vendor\\laravel\\framework\\src\\Illuminate\\Routing\\ResponseFactory.php:91
Stack level 24.\"><span class=\"sf-dump-ellipsis sf-dump-ellipsis-path\">E:\\xampp-8.2\\htdocs\\nexelit\\@core\\vendor</span><span class=\"sf-dump-ellipsis sf-dump-ellipsis-path\">\\laravel\\framework\\</span><span class=\"sf-dump-ellipsis-tail\">src\\Illuminate\\Routing\\ResponseFactory.php:91</span></span> { &#8230;5}
      <span class=\"sf-dump-meta sf-dump-ellipsization\" title=\"E:\\xampp-8.2\\htdocs\\nexelit\\@core\\app\\Exceptions\\Handler.php:30
Stack level 23.\"><span class=\"sf-dump-ellipsis sf-dump-ellipsis-path\">E:\\xampp-8.2\\htdocs\\nexelit\\@core</span><span class=\"sf-dump-ellipsis sf-dump-ellipsis-path\">\\</span><span class=\"sf-dump-ellipsis-tail\">app\\Exceptions\\Handler.php:30</span></span> { &#8230;5}
      <span class=\"sf-dump-meta sf-dump-ellipsization\" title=\"E:\\xampp-8.2\\htdocs\\nexelit\\@core\\vendor\\laravel\\framework\\src\\Illuminate\\Routing\\Pipeline.php:51
Stack level 22.\"><span class=\"sf-dump-ellipsis sf-dump-ellipsis-path\">E:\\xampp-8.2\\htdocs\\nexelit\\@core\\vendor</span><span class=\"sf-dump-ellipsis sf-dump-ellipsis-path\">\\laravel\\framework\\</span><span class=\"sf-dump-ellipsis-tail\">src\\Illuminate\\Routing\\Pipeline.php:51</span></span> { &#8230;5}
      <span class=\"sf-dump-meta sf-dump-ellipsization\" title=\"E:\\xampp-8.2\\htdocs\\nexelit\\@core\\vendor\\laravel\\framework\\src\\Illuminate\\Pipeline\\Pipeline.php:182
Stack level 21.\"><span class=\"sf-dump-ellipsis sf-dump-ellipsis-path\">E:\\xampp-8.2\\htdocs\\nexelit\\@core\\vendor</span><span class=\"sf-dump-ellipsis sf-dump-ellipsis-path\">\\laravel\\framework\\</span><span class=\"sf-dump-ellipsis-tail\">src\\Illuminate\\Pipeline\\Pipeline.php:182</span></span> { &#8230;5}
      <span class=\"sf-dump-meta sf-dump-ellipsization\" title=\"E:\\xampp-8.2\\htdocs\\nexelit\\@core\\vendor\\barryvdh\\laravel-debugbar\\src\\Middleware\\InjectDebugbar.php:59
Stack level 20.\"><span class=\"sf-dump-ellipsis sf-dump-ellipsis-path\">E:\\xampp-8.2\\htdocs\\nexelit\\@core\\vendor</span><span class=\"sf-dump-ellipsis sf-dump-ellipsis-path\">\\barryvdh\\laravel-debugbar\\</span><span class=\"sf-dump-ellipsis-tail\">src\\Middleware\\InjectDebugbar.php:59</span></span> { &#8230;5}
      <span class=\"sf-dump-meta sf-dump-ellipsization\" title=\"E:\\xampp-8.2\\htdocs\\nexelit\\@core\\vendor\\laravel\\framework\\src\\Illuminate\\Pipeline\\Pipeline.php:219
Stack level 19.\"><span class=\"sf-dump-ellipsis sf-dump-ellipsis-path\">E:\\xampp-8.2\\htdocs\\nexelit\\@core\\vendor</span><span class=\"sf-dump-ellipsis sf-dump-ellipsis-path\">\\laravel\\framework\\</span><span class=\"sf-dump-ellipsis-tail\">src\\Illuminate\\Pipeline\\Pipeline.php:219</span></span> { &#8230;5}
      <span class=\"sf-dump-meta sf-dump-ellipsization\" title=\"E:\\xampp-8.2\\htdocs\\nexelit\\@core\\vendor\\xgenious\\installer\\src\\Http\\Middleware\\InstallerMiddleware.php:18
Stack level 18.\"><span class=\"sf-dump-ellipsis sf-dump-ellipsis-path\">E:\\xampp-8.2\\htdocs\\nexelit\\@core\\vendor</span><span class=\"sf-dump-ellipsis sf-dump-ellipsis-path\">\\xgenious\\installer\\</span><span class=\"sf-dump-ellipsis-tail\">src\\Http\\Middleware\\InstallerMiddleware.php:18</span></span> { &#8230;5}
      <span class=\"sf-dump-meta sf-dump-ellipsization\" title=\"E:\\xampp-8.2\\htdocs\\nexelit\\@core\\vendor\\laravel\\framework\\src\\Illuminate\\Pipeline\\Pipeline.php:219
Stack level 17.\"><span class=\"sf-dump-ellipsis sf-dump-ellipsis-path\">E:\\xampp-8.2\\htdocs\\nexelit\\@core\\vendor</span><span class=\"sf-dump-ellipsis sf-dump-ellipsis-path\">\\laravel\\framework\\</span><span class=\"sf-dump-ellipsis-tail\">src\\Illuminate\\Pipeline\\Pipeline.php:219</span></span> { &#8230;5}
      <span class=\"sf-dump-meta sf-dump-ellipsization\" title=\"E:\\xampp-8.2\\htdocs\\nexelit\\@core\\vendor\\laravel\\framework\\src\\Illuminate\\Foundation\\Http\\Middleware\\TransformsRequest.php:21
Stack level 16.\"><span class=\"sf-dump-ellipsis sf-dump-ellipsis-path\">E:\\xampp-8.2\\htdocs\\nexelit\\@core\\vendor</span><span class=\"sf-dump-ellipsis sf-dump-ellipsis-path\">\\laravel\\framework\\</span><span class=\"sf-dump-ellipsis-tail\">src\\Illuminate\\Foundation\\Http\\Middleware\\TransformsRequest.php:21</span></span> { &#8230;5}
      <span class=\"sf-dump-meta sf-dump-ellipsization\" title=\"E:\\xampp-8.2\\htdocs\\nexelit\\@core\\vendor\\laravel\\framework\\src\\Illuminate\\Foundation\\Http\\Middleware\\ConvertEmptyStringsToNull.php:31
Stack level 15.\"><span class=\"sf-dump-ellipsis sf-dump-ellipsis-path\">E:\\xampp-8.2\\htdocs\\nexelit\\@core\\vendor</span><span class=\"sf-dump-ellipsis sf-dump-ellipsis-path\">\\laravel\\framework\\</span><span class=\"sf-dump-ellipsis-tail\">src\\Illuminate\\Foundation\\Http\\Middleware\\ConvertEmptyStringsToNull.php:31</span></span> { &#8230;5}
      <span class=\"sf-dump-meta sf-dump-ellipsization\" title=\"E:\\xampp-8.2\\htdocs\\nexelit\\@core\\vendor\\laravel\\framework\\src\\Illuminate\\Pipeline\\Pipeline.php:219
Stack level 14.\"><span class=\"sf-dump-ellipsis sf-dump-ellipsis-path\">E:\\xampp-8.2\\htdocs\\nexelit\\@core\\vendor</span><span class=\"sf-dump-ellipsis sf-dump-ellipsis-path\">\\laravel\\framework\\</span><span class=\"sf-dump-ellipsis-tail\">src\\Illuminate\\Pipeline\\Pipeline.php:219</span></span> { &#8230;5}
      <span class=\"sf-dump-meta sf-dump-ellipsization\" title=\"E:\\xampp-8.2\\htdocs\\nexelit\\@core\\vendor\\laravel\\framework\\src\\Illuminate\\Foundation\\Http\\Middleware\\TransformsRequest.php:21
Stack level 13.\"><span class=\"sf-dump-ellipsis sf-dump-ellipsis-path\">E:\\xampp-8.2\\htdocs\\nexelit\\@core\\vendor</span><span class=\"sf-dump-ellipsis sf-dump-ellipsis-path\">\\laravel\\framework\\</span><span class=\"sf-dump-ellipsis-tail\">src\\Illuminate\\Foundation\\Http\\Middleware\\TransformsRequest.php:21</span></span> { &#8230;5}
      <span class=\"sf-dump-meta sf-dump-ellipsization\" title=\"E:\\xampp-8.2\\htdocs\\nexelit\\@core\\vendor\\laravel\\framework\\src\\Illuminate\\Foundation\\Http\\Middleware\\TrimStrings.php:51
Stack level 12.\"><span class=\"sf-dump-ellipsis sf-dump-ellipsis-path\">E:\\xampp-8.2\\htdocs\\nexelit\\@core\\vendor</span><span class=\"sf-dump-ellipsis sf-dump-ellipsis-path\">\\laravel\\framework\\</span><span class=\"sf-dump-ellipsis-tail\">src\\Illuminate\\Foundation\\Http\\Middleware\\TrimStrings.php:51</span></span> { &#8230;5}
      <span class=\"sf-dump-meta sf-dump-ellipsization\" title=\"E:\\xampp-8.2\\htdocs\\nexelit\\@core\\vendor\\laravel\\framework\\src\\Illuminate\\Pipeline\\Pipeline.php:219
Stack level 11.\"><span class=\"sf-dump-ellipsis sf-dump-ellipsis-path\">E:\\xampp-8.2\\htdocs\\nexelit\\@core\\vendor</span><span class=\"sf-dump-ellipsis sf-dump-ellipsis-path\">\\laravel\\framework\\</span><span class=\"sf-dump-ellipsis-tail\">src\\Illuminate\\Pipeline\\Pipeline.php:219</span></span> { &#8230;5}
      <span class=\"sf-dump-meta sf-dump-ellipsization\" title=\"E:\\xampp-8.2\\htdocs\\nexelit\\@core\\vendor\\laravel\\framework\\src\\Illuminate\\Http\\Middleware\\ValidatePostSize.php:27
Stack level 10.\"><span class=\"sf-dump-ellipsis sf-dump-ellipsis-path\">E:\\xampp-8.2\\htdocs\\nexelit\\@core\\vendor</span><span class=\"sf-dump-ellipsis sf-dump-ellipsis-path\">\\laravel\\framework\\</span><span class=\"sf-dump-ellipsis-tail\">src\\Illuminate\\Http\\Middleware\\ValidatePostSize.php:27</span></span> { &#8230;5}
      <span class=\"sf-dump-meta sf-dump-ellipsization\" title=\"E:\\xampp-8.2\\htdocs\\nexelit\\@core\\vendor\\laravel\\framework\\src\\Illuminate\\Pipeline\\Pipeline.php:219
Stack level 9.\"><span class=\"sf-dump-ellipsis sf-dump-ellipsis-path\">E:\\xampp-8.2\\htdocs\\nexelit\\@core\\vendor</span><span class=\"sf-dump-ellipsis sf-dump-ellipsis-path\">\\laravel\\framework\\</span><span class=\"sf-dump-ellipsis-tail\">src\\Illuminate\\Pipeline\\Pipeline.php:219</span></span> { &#8230;5}
      <span class=\"sf-dump-meta sf-dump-ellipsization\" title=\"E:\\xampp-8.2\\htdocs\\nexelit\\@core\\vendor\\laravel\\framework\\src\\Illuminate\\Foundation\\Http\\Middleware\\PreventRequestsDuringMaintenance.php:109
Stack level 8.\"><span class=\"sf-dump-ellipsis sf-dump-ellipsis-path\">E:\\xampp-8.2\\htdocs\\nexelit\\@core\\vendor</span><span class=\"sf-dump-ellipsis sf-dump-ellipsis-path\">\\laravel\\framework\\</span><span class=\"sf-dump-ellipsis-tail\">src\\Illuminate\\Foundation\\Http\\Middleware\\PreventRequestsDuringMaintenance.php:109</span></span> { &#8230;5}
      <span class=\"sf-dump-meta sf-dump-ellipsization\" title=\"E:\\xampp-8.2\\htdocs\\nexelit\\@core\\vendor\\laravel\\framework\\src\\Illuminate\\Pipeline\\Pipeline.php:219
Stack level 7.\"><span class=\"sf-dump-ellipsis sf-dump-ellipsis-path\">E:\\xampp-8.2\\htdocs\\nexelit\\@core\\vendor</span><span class=\"sf-dump-ellipsis sf-dump-ellipsis-path\">\\laravel\\framework\\</span><span class=\"sf-dump-ellipsis-tail\">src\\Illuminate\\Pipeline\\Pipeline.php:219</span></span> { &#8230;5}
      <span class=\"sf-dump-meta sf-dump-ellipsization\" title=\"E:\\xampp-8.2\\htdocs\\nexelit\\@core\\vendor\\laravel\\framework\\src\\Illuminate\\Http\\Middleware\\TrustProxies.php:58
Stack level 6.\"><span class=\"sf-dump-ellipsis sf-dump-ellipsis-path\">E:\\xampp-8.2\\htdocs\\nexelit\\@core\\vendor</span><span class=\"sf-dump-ellipsis sf-dump-ellipsis-path\">\\laravel\\framework\\</span><span class=\"sf-dump-ellipsis-tail\">src\\Illuminate\\Http\\Middleware\\TrustProxies.php:58</span></span> { &#8230;5}
      <span class=\"sf-dump-meta sf-dump-ellipsization\" title=\"E:\\xampp-8.2\\htdocs\\nexelit\\@core\\vendor\\laravel\\framework\\src\\Illuminate\\Pipeline\\Pipeline.php:219
Stack level 5.\"><span class=\"sf-dump-ellipsis sf-dump-ellipsis-path\">E:\\xampp-8.2\\htdocs\\nexelit\\@core\\vendor</span><span class=\"sf-dump-ellipsis sf-dump-ellipsis-path\">\\laravel\\framework\\</span><span class=\"sf-dump-ellipsis-tail\">src\\Illuminate\\Pipeline\\Pipeline.php:219</span></span> { &#8230;5}
      <span class=\"sf-dump-meta sf-dump-ellipsization\" title=\"E:\\xampp-8.2\\htdocs\\nexelit\\@core\\vendor\\laravel\\framework\\src\\Illuminate\\Pipeline\\Pipeline.php:137
Stack level 4.\"><span class=\"sf-dump-ellipsis sf-dump-ellipsis-path\">E:\\xampp-8.2\\htdocs\\nexelit\\@core\\vendor</span><span class=\"sf-dump-ellipsis sf-dump-ellipsis-path\">\\laravel\\framework\\</span><span class=\"sf-dump-ellipsis-tail\">src\\Illuminate\\Pipeline\\Pipeline.php:137</span></span> { &#8230;5}
      <span class=\"sf-dump-meta sf-dump-ellipsization\" title=\"E:\\xampp-8.2\\htdocs\\nexelit\\@core\\vendor\\laravel\\framework\\src\\Illuminate\\Foundation\\Http\\Kernel.php:175
Stack level 3.\"><span class=\"sf-dump-ellipsis sf-dump-ellipsis-path\">E:\\xampp-8.2\\htdocs\\nexelit\\@core\\vendor</span><span class=\"sf-dump-ellipsis sf-dump-ellipsis-path\">\\laravel\\framework\\</span><span class=\"sf-dump-ellipsis-tail\">src\\Illuminate\\Foundation\\Http\\Kernel.php:175</span></span> { &#8230;5}
      <span class=\"sf-dump-meta sf-dump-ellipsization\" title=\"E:\\xampp-8.2\\htdocs\\nexelit\\@core\\vendor\\laravel\\framework\\src\\Illuminate\\Foundation\\Http\\Kernel.php:144
Stack level 2.\"><span class=\"sf-dump-ellipsis sf-dump-ellipsis-path\">E:\\xampp-8.2\\htdocs\\nexelit\\@core\\vendor</span><span class=\"sf-dump-ellipsis sf-dump-ellipsis-path\">\\laravel\\framework\\</span><span class=\"sf-dump-ellipsis-tail\">src\\Illuminate\\Foundation\\Http\\Kernel.php:144</span></span> { &#8230;5}
      <span class=\"sf-dump-meta sf-dump-ellipsization\" title=\"E:\\xampp-8.2\\htdocs\\nexelit\\index.php:54
Stack level 1.\"><span class=\"sf-dump-ellipsis sf-dump-ellipsis-path\">E:\\xampp-8.2\\htdocs</span><span class=\"sf-dump-ellipsis sf-dump-ellipsis-path\">\\</span><span class=\"sf-dump-ellipsis-tail\">nexelit\\index.php:54</span></span> { &#8230;4}
    </samp>}
  </samp>}
  -<span class=sf-dump-private title=\"Private property defined in class:&#10;`Symfony\\Component\\HttpKernel\\Exception\\HttpException`\">statusCode</span>: <span class=sf-dump-num>500</span>
  -<span class=sf-dump-private title=\"Private property defined in class:&#10;`Symfony\\Component\\HttpKernel\\Exception\\HttpException`\">headers</span>: []
  <span class=sf-dump-meta>trace</span>: {<samp data-depth=2 class=sf-dump-compact>
    <span class=\"sf-dump-meta sf-dump-ellipsization\" title=\"E:\\xampp-8.2\\htdocs\\nexelit\\@core\\vendor\\laravel\\framework\\src\\Illuminate\\Foundation\\Exceptions\\Handler.php:844
Stack level 24.\"><span class=\"sf-dump-ellipsis sf-dump-ellipsis-path\">E:\\xampp-8.2\\htdocs\\nexelit\\@core\\vendor</span><span class=\"sf-dump-ellipsis sf-dump-ellipsis-path\">\\laravel\\framework\\</span><span class=\"sf-dump-ellipsis-tail\">src\\Illuminate\\Foundation\\Exceptions\\Handler.php:844</span></span> {<samp data-depth=3 class=sf-dump-compact>
      <span class=\"sf-dump-note sf-dump-ellipsization\" title=\"Illuminate\\Foundation\\Exceptions\\Handler-&gt;prepareResponse($request, Throwable $e)
\"><span class=\"sf-dump-ellipsis sf-dump-ellipsis-note\">Illuminate\\Foundation\\Exceptions</span><span class=\"sf-dump-ellipsis sf-dump-ellipsis-note\">\\</span><span class=\"sf-dump-ellipsis-tail\">Handler-&gt;prepareResponse($request, Throwable $e)</span></span> &#8230;
      &#8250; <code class=\"php\"><span class=sf-dump-default>if (! $this-&gt;isHttpException($e)) {</span></code>
      &#8250; <code class=\"php\"><span class=sf-dump-const title=\"in Illuminate\\Foundation\\Exceptions\\Handler-&gt;prepareResponse($request, Throwable $e)\">    $e = new HttpException(500, $e-&gt;getMessage(), $e);</span></code>
      &#8250; <code class=\"php\"><span class=sf-dump-default>}</span></code>
    </samp>}
    <span class=\"sf-dump-meta sf-dump-ellipsization\" title=\"E:\\xampp-8.2\\htdocs\\nexelit\\@core\\vendor\\laravel\\framework\\src\\Illuminate\\Foundation\\Exceptions\\Handler.php:739
Stack level 23.\"><span class=\"sf-dump-ellipsis sf-dump-ellipsis-path\">E:\\xampp-8.2\\htdocs\\nexelit\\@core\\vendor</span><span class=\"sf-dump-ellipsis sf-dump-ellipsis-path\">\\laravel\\framework\\</span><span class=\"sf-dump-ellipsis-tail\">src\\Illuminate\\Foundation\\Exceptions\\Handler.php:739</span></span> {<samp data-depth=3 class=sf-dump-compact>
      <span class=\"sf-dump-note sf-dump-ellipsization\" title=\"Illuminate\\Foundation\\Exceptions\\Handler-&gt;renderExceptionResponse($request, Throwable $e)
\"><span class=\"sf-dump-ellipsis sf-dump-ellipsis-note\">Illuminate\\Foundation\\Exceptions</span><span class=\"sf-dump-ellipsis sf-dump-ellipsis-note\">\\</span><span class=\"sf-dump-ellipsis-tail\">Handler-&gt;renderExceptionResponse($request, Throwable $e)</span></span> &#8230;
      &#8250; <code class=\"php\"><span class=sf-dump-default>        ? $this-&gt;prepareJsonResponse($request, $e)</span></code>
      &#8250; <code class=\"php\"><span class=sf-dump-const title=\"in Illuminate\\Foundation\\Exceptions\\Handler-&gt;renderExceptionResponse($request, Throwable $e)\">        : $this-&gt;prepareResponse($request, $e);</span></code>
      &#8250; <code class=\"php\"><span class=sf-dump-default>}</span></code>
      <span class=sf-dump-meta>arguments</span>: { &#8230;2}
    </samp>}
    <span class=\"sf-dump-meta sf-dump-ellipsization\" title=\"E:\\xampp-8.2\\htdocs\\nexelit\\@core\\vendor\\laravel\\framework\\src\\Illuminate\\Foundation\\Exceptions\\Handler.php:627
Stack level 22.\"><span class=\"sf-dump-ellipsis sf-dump-ellipsis-path\">E:\\xampp-8.2\\htdocs\\nexelit\\@core\\vendor</span><span class=\"sf-dump-ellipsis sf-dump-ellipsis-path\">\\laravel\\framework\\</span><span class=\"sf-dump-ellipsis-tail\">src\\Illuminate\\Foundation\\Exceptions\\Handler.php:627</span></span> {<samp data-depth=3 class=sf-dump-compact>
      <span class=\"sf-dump-note sf-dump-ellipsization\" title=\"Illuminate\\Foundation\\Exceptions\\Handler-&gt;render($request, Throwable $e)
\"><span class=\"sf-dump-ellipsis sf-dump-ellipsis-note\">Illuminate\\Foundation\\Exceptions</span><span class=\"sf-dump-ellipsis sf-dump-ellipsis-note\">\\</span><span class=\"sf-dump-ellipsis-tail\">Handler-&gt;render($request, Throwable $e)</span></span> &#8230;
      &#8250; <code class=\"php\"><span class=sf-dump-default>    $e instanceof ValidationException =&gt; $this-&gt;convertValidationExceptionToResponse($e, $request),</span></code>
      &#8250; <code class=\"php\"><span class=sf-dump-const title=\"in Illuminate\\Foundation\\Exceptions\\Handler-&gt;render($request, Throwable $e)\">    default =&gt; $this-&gt;renderExceptionResponse($request, $e),</span></code>
      &#8250; <code class=\"php\"><span class=sf-dump-default>}, $e);</span></code>
      <span class=sf-dump-meta>arguments</span>: { &#8230;2}
    </samp>}
    <span class=\"sf-dump-meta sf-dump-ellipsization\" title=\"E:\\xampp-8.2\\htdocs\\nexelit\\@core\\app\\Exceptions\\Handler.php:36
Stack level 21.\"><span class=\"sf-dump-ellipsis sf-dump-ellipsis-path\">E:\\xampp-8.2\\htdocs\\nexelit\\@core</span><span class=\"sf-dump-ellipsis sf-dump-ellipsis-path\">\\</span><span class=\"sf-dump-ellipsis-tail\">app\\Exceptions\\Handler.php:36</span></span> {<samp data-depth=3 class=sf-dump-compact>
      <span class=\"sf-dump-note sf-dump-ellipsization\" title=\"App\\Exceptions\\Handler-&gt;render($request, Throwable $exception)
\"><span class=\"sf-dump-ellipsis sf-dump-ellipsis-note\">App\\Exceptions</span><span class=\"sf-dump-ellipsis sf-dump-ellipsis-note\">\\</span><span class=\"sf-dump-ellipsis-tail\">Handler-&gt;render($request, Throwable $exception)</span></span> &#8230;
      &#8250; <code class=\"php\"><span class=sf-dump-default>    }</span></code>
      &#8250; <code class=\"php\"><span class=sf-dump-const title=\"in App\\Exceptions\\Handler-&gt;render($request, Throwable $exception)\">    return parent::render($request, $exception);</span></code>
      &#8250; <code class=\"php\"><span class=sf-dump-default>}</span></code>
      <span class=sf-dump-meta>arguments</span>: { &#8230;2}
    </samp>}
    <span class=\"sf-dump-meta sf-dump-ellipsization\" title=\"E:\\xampp-8.2\\htdocs\\nexelit\\@core\\vendor\\laravel\\framework\\src\\Illuminate\\Routing\\Pipeline.php:51
Stack level 20.\"><span class=\"sf-dump-ellipsis sf-dump-ellipsis-path\">E:\\xampp-8.2\\htdocs\\nexelit\\@core\\vendor</span><span class=\"sf-dump-ellipsis sf-dump-ellipsis-path\">\\laravel\\framework\\</span><span class=\"sf-dump-ellipsis-tail\">src\\Illuminate\\Routing\\Pipeline.php:51</span></span> {<samp data-depth=3 class=sf-dump-compact>
      <span class=\"sf-dump-note sf-dump-ellipsization\" title=\"Illuminate\\Routing\\Pipeline-&gt;handleException($passable, Throwable $e)
\"><span class=\"sf-dump-ellipsis sf-dump-ellipsis-note\">Illuminate\\Routing</span><span class=\"sf-dump-ellipsis sf-dump-ellipsis-note\">\\</span><span class=\"sf-dump-ellipsis-tail\">Pipeline-&gt;handleException($passable, Throwable $e)</span></span> &#8230;
      &#8250; 
      &#8250; <code class=\"php\"><span class=sf-dump-const title=\"in Illuminate\\Routing\\Pipeline-&gt;handleException($passable, Throwable $e)\">$response = $handler-&gt;render($passable, $e);</span></code>
      &#8250; 
      <span class=sf-dump-meta>arguments</span>: { &#8230;2}
    </samp>}
    <span class=\"sf-dump-meta sf-dump-ellipsization\" title=\"E:\\xampp-8.2\\htdocs\\nexelit\\@core\\vendor\\laravel\\framework\\src\\Illuminate\\Pipeline\\Pipeline.php:224
Stack level 19.\"><span class=\"sf-dump-ellipsis sf-dump-ellipsis-path\">E:\\xampp-8.2\\htdocs\\nexelit\\@core\\vendor</span><span class=\"sf-dump-ellipsis sf-dump-ellipsis-path\">\\laravel\\framework\\</span><span class=\"sf-dump-ellipsis-tail\">src\\Illuminate\\Pipeline\\Pipeline.php:224</span></span> {<samp data-depth=3 class=sf-dump-compact>
      <span class=\"sf-dump-note sf-dump-ellipsization\" title=\"Illuminate\\Pipeline\\Pipeline-&gt;Illuminate\\Pipeline\\{closure}
\"><span class=\"sf-dump-ellipsis sf-dump-ellipsis-note\">Illuminate\\Pipeline\\Pipeline-&gt;Illuminate\\Pipeline</span><span class=\"sf-dump-ellipsis sf-dump-ellipsis-note\">\\</span><span class=\"sf-dump-ellipsis-tail\">{closure}</span></span> &#8230;
      &#8250; <code class=\"php\"><span class=sf-dump-default>} catch (Throwable $e) {</span></code>
      &#8250; <code class=\"php\"><span class=sf-dump-const title=\"in Illuminate\\Pipeline\\Pipeline-&gt;Illuminate\\Pipeline\\{closure}\">    return $this-&gt;handleException($passable, $e);</span></code>
      &#8250; <code class=\"php\"><span class=sf-dump-default>}</span></code>
      <span class=sf-dump-meta>arguments</span>: { &#8230;2}
    </samp>}
    <span class=\"sf-dump-meta sf-dump-ellipsization\" title=\"E:\\xampp-8.2\\htdocs\\nexelit\\@core\\vendor\\xgenious\\installer\\src\\Http\\Middleware\\InstallerMiddleware.php:18
Stack level 18.\"><span class=\"sf-dump-ellipsis sf-dump-ellipsis-path\">E:\\xampp-8.2\\htdocs\\nexelit\\@core\\vendor</span><span class=\"sf-dump-ellipsis sf-dump-ellipsis-path\">\\xgenious\\installer\\</span><span class=\"sf-dump-ellipsis-tail\">src\\Http\\Middleware\\InstallerMiddleware.php:18</span></span> {<samp data-depth=3 class=sf-dump-compact>
      <span class=\"sf-dump-note sf-dump-ellipsization\" title=\"Xgenious\\Installer\\Http\\Middleware\\InstallerMiddleware-&gt;handle($request, Closure $next)
\"><span class=\"sf-dump-ellipsis sf-dump-ellipsis-note\">Xgenious\\Installer\\Http\\Middleware</span><span class=\"sf-dump-ellipsis sf-dump-ellipsis-note\">\\</span><span class=\"sf-dump-ellipsis-tail\">InstallerMiddleware-&gt;handle($request, Closure $next)</span></span> &#8230;
      &#8250; 
      &#8250; <code class=\"php\"><span class=sf-dump-const title=\"in Xgenious\\Installer\\Http\\Middleware\\InstallerMiddleware-&gt;handle($request, Closure $next)\">    return $next($request);</span></code>
      &#8250; <code class=\"php\"><span class=sf-dump-default>}</span></code>
      <span class=sf-dump-meta>arguments</span>: { &#8230;1}
    </samp>}
    <span class=\"sf-dump-meta sf-dump-ellipsization\" title=\"E:\\xampp-8.2\\htdocs\\nexelit\\@core\\vendor\\laravel\\framework\\src\\Illuminate\\Pipeline\\Pipeline.php:219
Stack level 17.\"><span class=\"sf-dump-ellipsis sf-dump-ellipsis-path\">E:\\xampp-8.2\\htdocs\\nexelit\\@core\\vendor</span><span class=\"sf-dump-ellipsis sf-dump-ellipsis-path\">\\laravel\\framework\\</span><span class=\"sf-dump-ellipsis-tail\">src\\Illuminate\\Pipeline\\Pipeline.php:219</span></span> {<samp data-depth=3 class=sf-dump-compact>
      <span class=\"sf-dump-note sf-dump-ellipsization\" title=\"Illuminate\\Pipeline\\Pipeline-&gt;Illuminate\\Pipeline\\{closure}
\"><span class=\"sf-dump-ellipsis sf-dump-ellipsis-note\">Illuminate\\Pipeline\\Pipeline-&gt;Illuminate\\Pipeline</span><span class=\"sf-dump-ellipsis sf-dump-ellipsis-note\">\\</span><span class=\"sf-dump-ellipsis-tail\">{closure}</span></span> &#8230;
      &#8250; <code class=\"php\"><span class=sf-dump-default>$carry = method_exists($pipe, $this-&gt;method)</span></code>
      &#8250; <code class=\"php\"><span class=sf-dump-const title=\"in Illuminate\\Pipeline\\Pipeline-&gt;Illuminate\\Pipeline\\{closure}\">    ? $pipe-&gt;{$this-&gt;method}(...$parameters)</span></code>
      &#8250; <code class=\"php\"><span class=sf-dump-default>    : $pipe(...$parameters);</span></code>
      <span class=sf-dump-meta>arguments</span>: { &#8230;2}
    </samp>}
    <span class=\"sf-dump-meta sf-dump-ellipsization\" title=\"E:\\xampp-8.2\\htdocs\\nexelit\\@core\\vendor\\laravel\\framework\\src\\Illuminate\\Foundation\\Http\\Middleware\\TransformsRequest.php:21
Stack level 16.\"><span class=\"sf-dump-ellipsis sf-dump-ellipsis-path\">E:\\xampp-8.2\\htdocs\\nexelit\\@core\\vendor</span><span class=\"sf-dump-ellipsis sf-dump-ellipsis-path\">\\laravel\\framework\\</span><span class=\"sf-dump-ellipsis-tail\">src\\Illuminate\\Foundation\\Http\\Middleware\\TransformsRequest.php:21</span></span> {<samp data-depth=3 class=sf-dump-compact>
      <span class=\"sf-dump-note sf-dump-ellipsization\" title=\"Illuminate\\Foundation\\Http\\Middleware\\TransformsRequest-&gt;handle($request, Closure $next)
\"><span class=\"sf-dump-ellipsis sf-dump-ellipsis-note\">Illuminate\\Foundation\\Http\\Middleware</span><span class=\"sf-dump-ellipsis sf-dump-ellipsis-note\">\\</span><span class=\"sf-dump-ellipsis-tail\">TransformsRequest-&gt;handle($request, Closure $next)</span></span> &#8230;
      &#8250; 
      &#8250; <code class=\"php\"><span class=sf-dump-const title=\"in Illuminate\\Foundation\\Http\\Middleware\\TransformsRequest-&gt;handle($request, Closure $next)\">    return $next($request);</span></code>
      &#8250; <code class=\"php\"><span class=sf-dump-default>}</span></code>
      <span class=sf-dump-meta>arguments</span>: { &#8230;1}
    </samp>}
    <span class=\"sf-dump-meta sf-dump-ellipsization\" title=\"E:\\xampp-8.2\\htdocs\\nexelit\\@core\\vendor\\laravel\\framework\\src\\Illuminate\\Foundation\\Http\\Middleware\\ConvertEmptyStringsToNull.php:31
Stack level 15.\"><span class=\"sf-dump-ellipsis sf-dump-ellipsis-path\">E:\\xampp-8.2\\htdocs\\nexelit\\@core\\vendor</span><span class=\"sf-dump-ellipsis sf-dump-ellipsis-path\">\\laravel\\framework\\</span><span class=\"sf-dump-ellipsis-tail\">src\\Illuminate\\Foundation\\Http\\Middleware\\ConvertEmptyStringsToNull.php:31</span></span> {<samp data-depth=3 class=sf-dump-compact>
      <span class=\"sf-dump-note sf-dump-ellipsization\" title=\"Illuminate\\Foundation\\Http\\Middleware\\ConvertEmptyStringsToNull-&gt;handle($request, Closure $next)
\"><span class=\"sf-dump-ellipsis sf-dump-ellipsis-note\">Illuminate\\Foundation\\Http\\Middleware</span><span class=\"sf-dump-ellipsis sf-dump-ellipsis-note\">\\</span><span class=\"sf-dump-ellipsis-tail\">ConvertEmptyStringsToNull-&gt;handle($request, Closure $next)</span></span> &#8230;
      &#8250; 
      &#8250; <code class=\"php\"><span class=sf-dump-const title=\"in Illuminate\\Foundation\\Http\\Middleware\\ConvertEmptyStringsToNull-&gt;handle($request, Closure $next)\">    return parent::handle($request, $next);</span></code>
      &#8250; <code class=\"php\"><span class=sf-dump-default>}</span></code>
      <span class=sf-dump-meta>arguments</span>: { &#8230;2}
    </samp>}
    <span class=\"sf-dump-meta sf-dump-ellipsization\" title=\"E:\\xampp-8.2\\htdocs\\nexelit\\@core\\vendor\\laravel\\framework\\src\\Illuminate\\Pipeline\\Pipeline.php:219
Stack level 14.\"><span class=\"sf-dump-ellipsis sf-dump-ellipsis-path\">E:\\xampp-8.2\\htdocs\\nexelit\\@core\\vendor</span><span class=\"sf-dump-ellipsis sf-dump-ellipsis-path\">\\laravel\\framework\\</span><span class=\"sf-dump-ellipsis-tail\">src\\Illuminate\\Pipeline\\Pipeline.php:219</span></span> {<samp data-depth=3 class=sf-dump-compact>
      <span class=\"sf-dump-note sf-dump-ellipsization\" title=\"Illuminate\\Pipeline\\Pipeline-&gt;Illuminate\\Pipeline\\{closure}
\"><span class=\"sf-dump-ellipsis sf-dump-ellipsis-note\">Illuminate\\Pipeline\\Pipeline-&gt;Illuminate\\Pipeline</span><span class=\"sf-dump-ellipsis sf-dump-ellipsis-note\">\\</span><span class=\"sf-dump-ellipsis-tail\">{closure}</span></span> &#8230;
      &#8250; <code class=\"php\"><span class=sf-dump-default>$carry = method_exists($pipe, $this-&gt;method)</span></code>
      &#8250; <code class=\"php\"><span class=sf-dump-const title=\"in Illuminate\\Pipeline\\Pipeline-&gt;Illuminate\\Pipeline\\{closure}\">    ? $pipe-&gt;{$this-&gt;method}(...$parameters)</span></code>
      &#8250; <code class=\"php\"><span class=sf-dump-default>    : $pipe(...$parameters);</span></code>
      <span class=sf-dump-meta>arguments</span>: { &#8230;2}
    </samp>}
    <span class=\"sf-dump-meta sf-dump-ellipsization\" title=\"E:\\xampp-8.2\\htdocs\\nexelit\\@core\\vendor\\laravel\\framework\\src\\Illuminate\\Foundation\\Http\\Middleware\\TransformsRequest.php:21
Stack level 13.\"><span class=\"sf-dump-ellipsis sf-dump-ellipsis-path\">E:\\xampp-8.2\\htdocs\\nexelit\\@core\\vendor</span><span class=\"sf-dump-ellipsis sf-dump-ellipsis-path\">\\laravel\\framework\\</span><span class=\"sf-dump-ellipsis-tail\">src\\Illuminate\\Foundation\\Http\\Middleware\\TransformsRequest.php:21</span></span> {<samp data-depth=3 class=sf-dump-compact>
      <span class=\"sf-dump-note sf-dump-ellipsization\" title=\"Illuminate\\Foundation\\Http\\Middleware\\TransformsRequest-&gt;handle($request, Closure $next)
\"><span class=\"sf-dump-ellipsis sf-dump-ellipsis-note\">Illuminate\\Foundation\\Http\\Middleware</span><span class=\"sf-dump-ellipsis sf-dump-ellipsis-note\">\\</span><span class=\"sf-dump-ellipsis-tail\">TransformsRequest-&gt;handle($request, Closure $next)</span></span> &#8230;
      &#8250; 
      &#8250; <code class=\"php\"><span class=sf-dump-const title=\"in Illuminate\\Foundation\\Http\\Middleware\\TransformsRequest-&gt;handle($request, Closure $next)\">    return $next($request);</span></code>
      &#8250; <code class=\"php\"><span class=sf-dump-default>}</span></code>
      <span class=sf-dump-meta>arguments</span>: { &#8230;1}
    </samp>}
    <span class=\"sf-dump-meta sf-dump-ellipsization\" title=\"E:\\xampp-8.2\\htdocs\\nexelit\\@core\\vendor\\laravel\\framework\\src\\Illuminate\\Foundation\\Http\\Middleware\\TrimStrings.php:51
Stack level 12.\"><span class=\"sf-dump-ellipsis sf-dump-ellipsis-path\">E:\\xampp-8.2\\htdocs\\nexelit\\@core\\vendor</span><span class=\"sf-dump-ellipsis sf-dump-ellipsis-path\">\\laravel\\framework\\</span><span class=\"sf-dump-ellipsis-tail\">src\\Illuminate\\Foundation\\Http\\Middleware\\TrimStrings.php:51</span></span> {<samp data-depth=3 class=sf-dump-compact>
      <span class=\"sf-dump-note sf-dump-ellipsization\" title=\"Illuminate\\Foundation\\Http\\Middleware\\TrimStrings-&gt;handle($request, Closure $next)
\"><span class=\"sf-dump-ellipsis sf-dump-ellipsis-note\">Illuminate\\Foundation\\Http\\Middleware</span><span class=\"sf-dump-ellipsis sf-dump-ellipsis-note\">\\</span><span class=\"sf-dump-ellipsis-tail\">TrimStrings-&gt;handle($request, Closure $next)</span></span> &#8230;
      &#8250; 
      &#8250; <code class=\"php\"><span class=sf-dump-const title=\"in Illuminate\\Foundation\\Http\\Middleware\\TrimStrings-&gt;handle($request, Closure $next)\">    return parent::handle($request, $next);</span></code>
      &#8250; <code class=\"php\"><span class=sf-dump-default>}</span></code>
      <span class=sf-dump-meta>arguments</span>: { &#8230;2}
    </samp>}
    <span class=\"sf-dump-meta sf-dump-ellipsization\" title=\"E:\\xampp-8.2\\htdocs\\nexelit\\@core\\vendor\\laravel\\framework\\src\\Illuminate\\Pipeline\\Pipeline.php:219
Stack level 11.\"><span class=\"sf-dump-ellipsis sf-dump-ellipsis-path\">E:\\xampp-8.2\\htdocs\\nexelit\\@core\\vendor</span><span class=\"sf-dump-ellipsis sf-dump-ellipsis-path\">\\laravel\\framework\\</span><span class=\"sf-dump-ellipsis-tail\">src\\Illuminate\\Pipeline\\Pipeline.php:219</span></span> {<samp data-depth=3 class=sf-dump-compact>
      <span class=\"sf-dump-note sf-dump-ellipsization\" title=\"Illuminate\\Pipeline\\Pipeline-&gt;Illuminate\\Pipeline\\{closure}
\"><span class=\"sf-dump-ellipsis sf-dump-ellipsis-note\">Illuminate\\Pipeline\\Pipeline-&gt;Illuminate\\Pipeline</span><span class=\"sf-dump-ellipsis sf-dump-ellipsis-note\">\\</span><span class=\"sf-dump-ellipsis-tail\">{closure}</span></span> &#8230;
      &#8250; <code class=\"php\"><span class=sf-dump-default>$carry = method_exists($pipe, $this-&gt;method)</span></code>
      &#8250; <code class=\"php\"><span class=sf-dump-const title=\"in Illuminate\\Pipeline\\Pipeline-&gt;Illuminate\\Pipeline\\{closure}\">    ? $pipe-&gt;{$this-&gt;method}(...$parameters)</span></code>
      &#8250; <code class=\"php\"><span class=sf-dump-default>    : $pipe(...$parameters);</span></code>
      <span class=sf-dump-meta>arguments</span>: { &#8230;2}
    </samp>}
    <span class=\"sf-dump-meta sf-dump-ellipsization\" title=\"E:\\xampp-8.2\\htdocs\\nexelit\\@core\\vendor\\laravel\\framework\\src\\Illuminate\\Http\\Middleware\\ValidatePostSize.php:27
Stack level 10.\"><span class=\"sf-dump-ellipsis sf-dump-ellipsis-path\">E:\\xampp-8.2\\htdocs\\nexelit\\@core\\vendor</span><span class=\"sf-dump-ellipsis sf-dump-ellipsis-path\">\\laravel\\framework\\</span><span class=\"sf-dump-ellipsis-tail\">src\\Illuminate\\Http\\Middleware\\ValidatePostSize.php:27</span></span> {<samp data-depth=3 class=sf-dump-compact>
      <span class=\"sf-dump-note sf-dump-ellipsization\" title=\"Illuminate\\Http\\Middleware\\ValidatePostSize-&gt;handle($request, Closure $next)
\"><span class=\"sf-dump-ellipsis sf-dump-ellipsis-note\">Illuminate\\Http\\Middleware</span><span class=\"sf-dump-ellipsis sf-dump-ellipsis-note\">\\</span><span class=\"sf-dump-ellipsis-tail\">ValidatePostSize-&gt;handle($request, Closure $next)</span></span> &#8230;
      &#8250; 
      &#8250; <code class=\"php\"><span class=sf-dump-const title=\"in Illuminate\\Http\\Middleware\\ValidatePostSize-&gt;handle($request, Closure $next)\">    return $next($request);</span></code>
      &#8250; <code class=\"php\"><span class=sf-dump-default>}</span></code>
      <span class=sf-dump-meta>arguments</span>: { &#8230;1}
    </samp>}
    <span class=\"sf-dump-meta sf-dump-ellipsization\" title=\"E:\\xampp-8.2\\htdocs\\nexelit\\@core\\vendor\\laravel\\framework\\src\\Illuminate\\Pipeline\\Pipeline.php:219
Stack level 9.\"><span class=\"sf-dump-ellipsis sf-dump-ellipsis-path\">E:\\xampp-8.2\\htdocs\\nexelit\\@core\\vendor</span><span class=\"sf-dump-ellipsis sf-dump-ellipsis-path\">\\laravel\\framework\\</span><span class=\"sf-dump-ellipsis-tail\">src\\Illuminate\\Pipeline\\Pipeline.php:219</span></span> {<samp data-depth=3 class=sf-dump-compact>
      <span class=\"sf-dump-note sf-dump-ellipsization\" title=\"Illuminate\\Pipeline\\Pipeline-&gt;Illuminate\\Pipeline\\{closure}
\"><span class=\"sf-dump-ellipsis sf-dump-ellipsis-note\">Illuminate\\Pipeline\\Pipeline-&gt;Illuminate\\Pipeline</span><span class=\"sf-dump-ellipsis sf-dump-ellipsis-note\">\\</span><span class=\"sf-dump-ellipsis-tail\">{closure}</span></span> &#8230;
      &#8250; <code class=\"php\"><span class=sf-dump-default>$carry = method_exists($pipe, $this-&gt;method)</span></code>
      &#8250; <code class=\"php\"><span class=sf-dump-const title=\"in Illuminate\\Pipeline\\Pipeline-&gt;Illuminate\\Pipeline\\{closure}\">    ? $pipe-&gt;{$this-&gt;method}(...$parameters)</span></code>
      &#8250; <code class=\"php\"><span class=sf-dump-default>    : $pipe(...$parameters);</span></code>
      <span class=sf-dump-meta>arguments</span>: { &#8230;2}
    </samp>}
    <span class=\"sf-dump-meta sf-dump-ellipsization\" title=\"E:\\xampp-8.2\\htdocs\\nexelit\\@core\\vendor\\laravel\\framework\\src\\Illuminate\\Foundation\\Http\\Middleware\\PreventRequestsDuringMaintenance.php:109
Stack level 8.\"><span class=\"sf-dump-ellipsis sf-dump-ellipsis-path\">E:\\xampp-8.2\\htdocs\\nexelit\\@core\\vendor</span><span class=\"sf-dump-ellipsis sf-dump-ellipsis-path\">\\laravel\\framework\\</span><span class=\"sf-dump-ellipsis-tail\">src\\Illuminate\\Foundation\\Http\\Middleware\\PreventRequestsDuringMaintenance.php:109</span></span> {<samp data-depth=3 class=sf-dump-compact>
      <span class=\"sf-dump-note sf-dump-ellipsization\" title=\"Illuminate\\Foundation\\Http\\Middleware\\PreventRequestsDuringMaintenance-&gt;handle($request, Closure $next)
\"><span class=\"sf-dump-ellipsis sf-dump-ellipsis-note\">Illuminate\\Foundation\\Http\\Middleware</span><span class=\"sf-dump-ellipsis sf-dump-ellipsis-note\">\\</span><span class=\"sf-dump-ellipsis-tail\">PreventRequestsDuringMaintenance-&gt;handle($request, Closure $next)</span></span> &#8230;
      &#8250; 
      &#8250; <code class=\"php\"><span class=sf-dump-const title=\"in Illuminate\\Foundation\\Http\\Middleware\\PreventRequestsDuringMaintenance-&gt;handle($request, Closure $next)\">    return $next($request);</span></code>
      &#8250; <code class=\"php\"><span class=sf-dump-default>}</span></code>
      <span class=sf-dump-meta>arguments</span>: { &#8230;1}
    </samp>}
    <span class=\"sf-dump-meta sf-dump-ellipsization\" title=\"E:\\xampp-8.2\\htdocs\\nexelit\\@core\\vendor\\laravel\\framework\\src\\Illuminate\\Pipeline\\Pipeline.php:219
Stack level 7.\"><span class=\"sf-dump-ellipsis sf-dump-ellipsis-path\">E:\\xampp-8.2\\htdocs\\nexelit\\@core\\vendor</span><span class=\"sf-dump-ellipsis sf-dump-ellipsis-path\">\\laravel\\framework\\</span><span class=\"sf-dump-ellipsis-tail\">src\\Illuminate\\Pipeline\\Pipeline.php:219</span></span> {<samp data-depth=3 class=sf-dump-compact>
      <span class=\"sf-dump-note sf-dump-ellipsization\" title=\"Illuminate\\Pipeline\\Pipeline-&gt;Illuminate\\Pipeline\\{closure}
\"><span class=\"sf-dump-ellipsis sf-dump-ellipsis-note\">Illuminate\\Pipeline\\Pipeline-&gt;Illuminate\\Pipeline</span><span class=\"sf-dump-ellipsis sf-dump-ellipsis-note\">\\</span><span class=\"sf-dump-ellipsis-tail\">{closure}</span></span> &#8230;
      &#8250; <code class=\"php\"><span class=sf-dump-default>$carry = method_exists($pipe, $this-&gt;method)</span></code>
      &#8250; <code class=\"php\"><span class=sf-dump-const title=\"in Illuminate\\Pipeline\\Pipeline-&gt;Illuminate\\Pipeline\\{closure}\">    ? $pipe-&gt;{$this-&gt;method}(...$parameters)</span></code>
      &#8250; <code class=\"php\"><span class=sf-dump-default>    : $pipe(...$parameters);</span></code>
      <span class=sf-dump-meta>arguments</span>: { &#8230;2}
    </samp>}
    <span class=\"sf-dump-meta sf-dump-ellipsization\" title=\"E:\\xampp-8.2\\htdocs\\nexelit\\@core\\vendor\\laravel\\framework\\src\\Illuminate\\Http\\Middleware\\TrustProxies.php:58
Stack level 6.\"><span class=\"sf-dump-ellipsis sf-dump-ellipsis-path\">E:\\xampp-8.2\\htdocs\\nexelit\\@core\\vendor</span><span class=\"sf-dump-ellipsis sf-dump-ellipsis-path\">\\laravel\\framework\\</span><span class=\"sf-dump-ellipsis-tail\">src\\Illuminate\\Http\\Middleware\\TrustProxies.php:58</span></span> {<samp data-depth=3 class=sf-dump-compact>
      <span class=\"sf-dump-note sf-dump-ellipsization\" title=\"Illuminate\\Http\\Middleware\\TrustProxies-&gt;handle(Request $request, Closure $next)
\"><span class=\"sf-dump-ellipsis sf-dump-ellipsis-note\">Illuminate\\Http\\Middleware</span><span class=\"sf-dump-ellipsis sf-dump-ellipsis-note\">\\</span><span class=\"sf-dump-ellipsis-tail\">TrustProxies-&gt;handle(Request $request, Closure $next)</span></span> &#8230;
      &#8250; 
      &#8250; <code class=\"php\"><span class=sf-dump-const title=\"in Illuminate\\Http\\Middleware\\TrustProxies-&gt;handle(Request $request, Closure $next)\">    return $next($request);</span></code>
      &#8250; <code class=\"php\"><span class=sf-dump-default>}</span></code>
      <span class=sf-dump-meta>arguments</span>: { &#8230;1}
    </samp>}
    <span class=\"sf-dump-meta sf-dump-ellipsization\" title=\"E:\\xampp-8.2\\htdocs\\nexelit\\@core\\vendor\\laravel\\framework\\src\\Illuminate\\Pipeline\\Pipeline.php:219
Stack level 5.\"><span class=\"sf-dump-ellipsis sf-dump-ellipsis-path\">E:\\xampp-8.2\\htdocs\\nexelit\\@core\\vendor</span><span class=\"sf-dump-ellipsis sf-dump-ellipsis-path\">\\laravel\\framework\\</span><span class=\"sf-dump-ellipsis-tail\">src\\Illuminate\\Pipeline\\Pipeline.php:219</span></span> {<samp data-depth=3 class=sf-dump-compact>
      <span class=\"sf-dump-note sf-dump-ellipsization\" title=\"Illuminate\\Pipeline\\Pipeline-&gt;Illuminate\\Pipeline\\{closure}
\"><span class=\"sf-dump-ellipsis sf-dump-ellipsis-note\">Illuminate\\Pipeline\\Pipeline-&gt;Illuminate\\Pipeline</span><span class=\"sf-dump-ellipsis sf-dump-ellipsis-note\">\\</span><span class=\"sf-dump-ellipsis-tail\">{closure}</span></span> &#8230;
      &#8250; <code class=\"php\"><span class=sf-dump-default>$carry = method_exists($pipe, $this-&gt;method)</span></code>
      &#8250; <code class=\"php\"><span class=sf-dump-const title=\"in Illuminate\\Pipeline\\Pipeline-&gt;Illuminate\\Pipeline\\{closure}\">    ? $pipe-&gt;{$this-&gt;method}(...$parameters)</span></code>
      &#8250; <code class=\"php\"><span class=sf-dump-default>    : $pipe(...$parameters);</span></code>
      <span class=sf-dump-meta>arguments</span>: { &#8230;2}
    </samp>}
    <span class=\"sf-dump-meta sf-dump-ellipsization\" title=\"E:\\xampp-8.2\\htdocs\\nexelit\\@core\\vendor\\laravel\\framework\\src\\Illuminate\\Pipeline\\Pipeline.php:137
Stack level 4.\"><span class=\"sf-dump-ellipsis sf-dump-ellipsis-path\">E:\\xampp-8.2\\htdocs\\nexelit\\@core\\vendor</span><span class=\"sf-dump-ellipsis sf-dump-ellipsis-path\">\\laravel\\framework\\</span><span class=\"sf-dump-ellipsis-tail\">src\\Illuminate\\Pipeline\\Pipeline.php:137</span></span> {<samp data-depth=3 class=sf-dump-compact>
      <span class=\"sf-dump-note sf-dump-ellipsization\" title=\"Illuminate\\Pipeline\\Pipeline-&gt;then(Closure $destination)
\"><span class=\"sf-dump-ellipsis sf-dump-ellipsis-note\">Illuminate\\Pipeline</span><span class=\"sf-dump-ellipsis sf-dump-ellipsis-note\">\\</span><span class=\"sf-dump-ellipsis-tail\">Pipeline-&gt;then(Closure $destination)</span></span> &#8230;
      &#8250; <code class=\"php\"><span class=sf-dump-default>        ? $this-&gt;getContainer()-&gt;make(&#039;db&#039;)-&gt;connection($this-&gt;withinTransaction)-&gt;transaction(fn () =&gt; $pipeline($this-&gt;passable))</span></code>
      &#8250; <code class=\"php\"><span class=sf-dump-const title=\"in Illuminate\\Pipeline\\Pipeline-&gt;then(Closure $destination)\">        : $pipeline($this-&gt;passable);</span></code>
      &#8250; <code class=\"php\"><span class=sf-dump-default>} finally {</span></code>
      <span class=sf-dump-meta>arguments</span>: { &#8230;1}
    </samp>}
    <span class=\"sf-dump-meta sf-dump-ellipsization\" title=\"E:\\xampp-8.2\\htdocs\\nexelit\\@core\\vendor\\laravel\\framework\\src\\Illuminate\\Foundation\\Http\\Kernel.php:175
Stack level 3.\"><span class=\"sf-dump-ellipsis sf-dump-ellipsis-path\">E:\\xampp-8.2\\htdocs\\nexelit\\@core\\vendor</span><span class=\"sf-dump-ellipsis sf-dump-ellipsis-path\">\\laravel\\framework\\</span><span class=\"sf-dump-ellipsis-tail\">src\\Illuminate\\Foundation\\Http\\Kernel.php:175</span></span> {<samp data-depth=3 class=sf-dump-compact>
      <span class=\"sf-dump-note sf-dump-ellipsization\" title=\"Illuminate\\Foundation\\Http\\Kernel-&gt;sendRequestThroughRouter($request)
\"><span class=\"sf-dump-ellipsis sf-dump-ellipsis-note\">Illuminate\\Foundation\\Http</span><span class=\"sf-dump-ellipsis sf-dump-ellipsis-note\">\\</span><span class=\"sf-dump-ellipsis-tail\">Kernel-&gt;sendRequestThroughRouter($request)</span></span> &#8230;
      &#8250; <code class=\"php\"><span class=sf-dump-default>        -&gt;through($this-&gt;app-&gt;shouldSkipMiddleware() ? [] : $this-&gt;middleware)</span></code>
      &#8250; <code class=\"php\"><span class=sf-dump-const title=\"in Illuminate\\Foundation\\Http\\Kernel-&gt;sendRequestThroughRouter($request)\">        -&gt;then($this-&gt;dispatchToRouter());</span></code>
      &#8250; <code class=\"php\"><span class=sf-dump-default>}</span></code>
      <span class=sf-dump-meta>arguments</span>: { &#8230;1}
    </samp>}
    <span class=\"sf-dump-meta sf-dump-ellipsization\" title=\"E:\\xampp-8.2\\htdocs\\nexelit\\@core\\vendor\\laravel\\framework\\src\\Illuminate\\Foundation\\Http\\Kernel.php:144
Stack level 2.\"><span class=\"sf-dump-ellipsis sf-dump-ellipsis-path\">E:\\xampp-8.2\\htdocs\\nexelit\\@core\\vendor</span><span class=\"sf-dump-ellipsis sf-dump-ellipsis-path\">\\laravel\\framework\\</span><span class=\"sf-dump-ellipsis-tail\">src\\Illuminate\\Foundation\\Http\\Kernel.php:144</span></span> {<samp data-depth=3 class=sf-dump-compact>
      <span class=\"sf-dump-note sf-dump-ellipsization\" title=\"Illuminate\\Foundation\\Http\\Kernel-&gt;handle($request)
\"><span class=\"sf-dump-ellipsis sf-dump-ellipsis-note\">Illuminate\\Foundation\\Http</span><span class=\"sf-dump-ellipsis sf-dump-ellipsis-note\">\\</span><span class=\"sf-dump-ellipsis-tail\">Kernel-&gt;handle($request)</span></span> &#8230;
      &#8250; 
      &#8250; <code class=\"php\"><span class=sf-dump-const title=\"in Illuminate\\Foundation\\Http\\Kernel-&gt;handle($request)\">    $response = $this-&gt;sendRequestThroughRouter($request);</span></code>
      &#8250; <code class=\"php\"><span class=sf-dump-default>} catch (Throwable $e) {</span></code>
      <span class=sf-dump-meta>arguments</span>: { &#8230;1}
    </samp>}
    <span class=\"sf-dump-meta sf-dump-ellipsization\" title=\"E:\\xampp-8.2\\htdocs\\nexelit\\index.php:54
Stack level 1.\"><span class=\"sf-dump-ellipsis sf-dump-ellipsis-path\">E:\\xampp-8.2\\htdocs</span><span class=\"sf-dump-ellipsis sf-dump-ellipsis-path\">\\</span><span class=\"sf-dump-ellipsis-tail\">nexelit\\index.php:54</span></span> {<samp data-depth=3 class=sf-dump-compact>
      &#8250; 
      &#8250; <code class=\"php\"><span class=sf-dump-const>$response = $kernel-&gt;handle(</span></code>
      &#8250; <code class=\"php\"><span class=sf-dump-default>    $request = Illuminate\\Http\\Request::capture()</span></code>
      <span class=sf-dump-meta>arguments</span>: { &#8230;1}
    </samp>}
  </samp>}
</samp>}
</pre><script>Sfdump(\"sf-dump-457966837\", {\"maxDepth\":3,\"maxStringLength\":160})</script>
"}},"exception":"[object] (Spatie\\LaravelIgnition\\Exceptions\\ViewException(code: 0): SQLSTATE[HY000] [1045] Access denied for user 'forge'@'localhost' (using password: NO) (Connection: mysql, SQL: select * from `languages` where `default` = 1 limit 1) at E:\\xampp-8.2\\htdocs\\nexelit\\@core\\vendor\\laravel\\framework\\src\\Illuminate\\Database\\Connection.php:824)
[stacktrace]
#0 E:\\xampp-8.2\\htdocs\\nexelit\\@core\\vendor\\laravel\\framework\\src\\Illuminate\\Database\\Connection.php(978): Illuminate\\Database\\Connection->runQueryCallback('select * from `...', Array, Object(Closure))
#1 E:\\xampp-8.2\\htdocs\\nexelit\\@core\\vendor\\laravel\\framework\\src\\Illuminate\\Database\\Connection.php(957): Illuminate\\Database\\Connection->tryAgainIfCausedByLostConnection(Object(Illuminate\\Database\\QueryException), 'select * from `...', Array, Object(Closure))
#2 E:\\xampp-8.2\\htdocs\\nexelit\\@core\\vendor\\laravel\\framework\\src\\Illuminate\\Database\\Connection.php(780): Illuminate\\Database\\Connection->handleQueryException(Object(Illuminate\\Database\\QueryException), 'select * from `...', Array, Object(Closure))
#3 E:\\xampp-8.2\\htdocs\\nexelit\\@core\\vendor\\laravel\\framework\\src\\Illuminate\\Database\\Connection.php(397): Illuminate\\Database\\Connection->run('select * from `...', Array, Object(Closure))
#4 E:\\xampp-8.2\\htdocs\\nexelit\\@core\\vendor\\laravel\\framework\\src\\Illuminate\\Database\\Query\\Builder.php(3188): Illuminate\\Database\\Connection->select('select * from `...', Array, true)
#5 E:\\xampp-8.2\\htdocs\\nexelit\\@core\\vendor\\laravel\\framework\\src\\Illuminate\\Database\\Query\\Builder.php(3173): Illuminate\\Database\\Query\\Builder->runSelect()
#6 E:\\xampp-8.2\\htdocs\\nexelit\\@core\\vendor\\laravel\\framework\\src\\Illuminate\\Database\\Query\\Builder.php(3763): Illuminate\\Database\\Query\\Builder->Illuminate\\Database\\Query\\{closure}()
#7 E:\\xampp-8.2\\htdocs\\nexelit\\@core\\vendor\\laravel\\framework\\src\\Illuminate\\Database\\Query\\Builder.php(3172): Illuminate\\Database\\Query\\Builder->onceWithColumns(Array, Object(Closure))
#8 E:\\xampp-8.2\\htdocs\\nexelit\\@core\\vendor\\laravel\\framework\\src\\Illuminate\\Database\\Eloquent\\Builder.php(902): Illuminate\\Database\\Query\\Builder->get(Array)
#9 E:\\xampp-8.2\\htdocs\\nexelit\\@core\\vendor\\laravel\\framework\\src\\Illuminate\\Database\\Eloquent\\Builder.php(884): Illuminate\\Database\\Eloquent\\Builder->getModels(Array)
#10 E:\\xampp-8.2\\htdocs\\nexelit\\@core\\vendor\\laravel\\framework\\src\\Illuminate\\Database\\Concerns\\BuildsQueries.php(366): Illuminate\\Database\\Eloquent\\Builder->get(Array)
#11 E:\\xampp-8.2\\htdocs\\nexelit\\@core\\app\\Helpers\\LanguageHelper.php(70): Illuminate\\Database\\Eloquent\\Builder->first()
#12 E:\\xampp-8.2\\htdocs\\nexelit\\@core\\app\\Helpers\\helpers.php(316): App\\Helpers\\LanguageHelper::user_lang_slug()
#13 E:\\xampp-8.2\\htdocs\\nexelit\\@core\\resources\\views\\errors\\500.blade.php(9): get_user_lang()
#14 E:\\xampp-8.2\\htdocs\\nexelit\\@core\\vendor\\laravel\\framework\\src\\Illuminate\\Filesystem\\Filesystem.php(123): require('E:\\\\xampp-8.2\\\\ht...')
#15 E:\\xampp-8.2\\htdocs\\nexelit\\@core\\vendor\\laravel\\framework\\src\\Illuminate\\Filesystem\\Filesystem.php(124): Illuminate\\Filesystem\\Filesystem::Illuminate\\Filesystem\\{closure}()
#16 E:\\xampp-8.2\\htdocs\\nexelit\\@core\\vendor\\laravel\\framework\\src\\Illuminate\\View\\Engines\\PhpEngine.php(57): Illuminate\\Filesystem\\Filesystem->getRequire('E:\\\\xampp-8.2\\\\ht...', Array)
#17 E:\\xampp-8.2\\htdocs\\nexelit\\@core\\vendor\\laravel\\framework\\src\\Illuminate\\View\\Engines\\CompilerEngine.php(76): Illuminate\\View\\Engines\\PhpEngine->evaluatePath('E:\\\\xampp-8.2\\\\ht...', Array)
#18 E:\\xampp-8.2\\htdocs\\nexelit\\@core\\vendor\\laravel\\framework\\src\\Illuminate\\View\\View.php(208): Illuminate\\View\\Engines\\CompilerEngine->get('E:\\\\xampp-8.2\\\\ht...', Array)
#19 E:\\xampp-8.2\\htdocs\\nexelit\\@core\\vendor\\laravel\\framework\\src\\Illuminate\\View\\View.php(191): Illuminate\\View\\View->getContents()
#20 E:\\xampp-8.2\\htdocs\\nexelit\\@core\\vendor\\laravel\\framework\\src\\Illuminate\\View\\View.php(160): Illuminate\\View\\View->renderContents()
#21 E:\\xampp-8.2\\htdocs\\nexelit\\@core\\vendor\\laravel\\framework\\src\\Illuminate\\Http\\Response.php(78): Illuminate\\View\\View->render()
#22 E:\\xampp-8.2\\htdocs\\nexelit\\@core\\vendor\\laravel\\framework\\src\\Illuminate\\Http\\Response.php(34): Illuminate\\Http\\Response->setContent(Object(Illuminate\\View\\View))
#23 E:\\xampp-8.2\\htdocs\\nexelit\\@core\\vendor\\laravel\\framework\\src\\Illuminate\\Routing\\ResponseFactory.php(61): Illuminate\\Http\\Response->__construct(Object(Illuminate\\View\\View), 500, Array)
#24 E:\\xampp-8.2\\htdocs\\nexelit\\@core\\vendor\\laravel\\framework\\src\\Illuminate\\Routing\\ResponseFactory.php(91): Illuminate\\Routing\\ResponseFactory->make(Object(Illuminate\\View\\View), 500, Array)
#25 E:\\xampp-8.2\\htdocs\\nexelit\\@core\\vendor\\laravel\\framework\\src\\Illuminate\\Foundation\\Exceptions\\Handler.php(927): Illuminate\\Routing\\ResponseFactory->view('errors::500', Array, 500, Array)
#26 E:\\xampp-8.2\\htdocs\\nexelit\\@core\\vendor\\laravel\\framework\\src\\Illuminate\\Foundation\\Exceptions\\Handler.php(848): Illuminate\\Foundation\\Exceptions\\Handler->renderHttpException(Object(Symfony\\Component\\HttpKernel\\Exception\\HttpException))
#27 E:\\xampp-8.2\\htdocs\\nexelit\\@core\\vendor\\laravel\\framework\\src\\Illuminate\\Foundation\\Exceptions\\Handler.php(739): Illuminate\\Foundation\\Exceptions\\Handler->prepareResponse(Object(Illuminate\\Http\\Request), Object(Symfony\\Component\\HttpKernel\\Exception\\HttpException))
#28 E:\\xampp-8.2\\htdocs\\nexelit\\@core\\vendor\\laravel\\framework\\src\\Illuminate\\Foundation\\Exceptions\\Handler.php(627): Illuminate\\Foundation\\Exceptions\\Handler->renderExceptionResponse(Object(Illuminate\\Http\\Request), Object(Spatie\\LaravelIgnition\\Exceptions\\ViewException))
#29 E:\\xampp-8.2\\htdocs\\nexelit\\@core\\app\\Exceptions\\Handler.php(36): Illuminate\\Foundation\\Exceptions\\Handler->render(Object(Illuminate\\Http\\Request), Object(Spatie\\LaravelIgnition\\Exceptions\\ViewException))
#30 E:\\xampp-8.2\\htdocs\\nexelit\\@core\\vendor\\laravel\\framework\\src\\Illuminate\\Routing\\Pipeline.php(51): App\\Exceptions\\Handler->render(Object(Illuminate\\Http\\Request), Object(Illuminate\\View\\ViewException))
#31 E:\\xampp-8.2\\htdocs\\nexelit\\@core\\vendor\\laravel\\framework\\src\\Illuminate\\Pipeline\\Pipeline.php(224): Illuminate\\Routing\\Pipeline->handleException(Object(Illuminate\\Http\\Request), Object(Illuminate\\View\\ViewException))
#32 E:\\xampp-8.2\\htdocs\\nexelit\\@core\\vendor\\xgenious\\installer\\src\\Http\\Middleware\\InstallerMiddleware.php(18): Illuminate\\Pipeline\\Pipeline->Illuminate\\Pipeline\\{closure}(Object(Illuminate\\Http\\Request))
#33 E:\\xampp-8.2\\htdocs\\nexelit\\@core\\vendor\\laravel\\framework\\src\\Illuminate\\Pipeline\\Pipeline.php(219): Xgenious\\Installer\\Http\\Middleware\\InstallerMiddleware->handle(Object(Illuminate\\Http\\Request), Object(Closure))
#34 E:\\xampp-8.2\\htdocs\\nexelit\\@core\\vendor\\laravel\\framework\\src\\Illuminate\\Foundation\\Http\\Middleware\\TransformsRequest.php(21): Illuminate\\Pipeline\\Pipeline->Illuminate\\Pipeline\\{closure}(Object(Illuminate\\Http\\Request))
#35 E:\\xampp-8.2\\htdocs\\nexelit\\@core\\vendor\\laravel\\framework\\src\\Illuminate\\Foundation\\Http\\Middleware\\ConvertEmptyStringsToNull.php(31): Illuminate\\Foundation\\Http\\Middleware\\TransformsRequest->handle(Object(Illuminate\\Http\\Request), Object(Closure))
#36 E:\\xampp-8.2\\htdocs\\nexelit\\@core\\vendor\\laravel\\framework\\src\\Illuminate\\Pipeline\\Pipeline.php(219): Illuminate\\Foundation\\Http\\Middleware\\ConvertEmptyStringsToNull->handle(Object(Illuminate\\Http\\Request), Object(Closure))
#37 E:\\xampp-8.2\\htdocs\\nexelit\\@core\\vendor\\laravel\\framework\\src\\Illuminate\\Foundation\\Http\\Middleware\\TransformsRequest.php(21): Illuminate\\Pipeline\\Pipeline->Illuminate\\Pipeline\\{closure}(Object(Illuminate\\Http\\Request))
#38 E:\\xampp-8.2\\htdocs\\nexelit\\@core\\vendor\\laravel\\framework\\src\\Illuminate\\Foundation\\Http\\Middleware\\TrimStrings.php(51): Illuminate\\Foundation\\Http\\Middleware\\TransformsRequest->handle(Object(Illuminate\\Http\\Request), Object(Closure))
#39 E:\\xampp-8.2\\htdocs\\nexelit\\@core\\vendor\\laravel\\framework\\src\\Illuminate\\Pipeline\\Pipeline.php(219): Illuminate\\Foundation\\Http\\Middleware\\TrimStrings->handle(Object(Illuminate\\Http\\Request), Object(Closure))
#40 E:\\xampp-8.2\\htdocs\\nexelit\\@core\\vendor\\laravel\\framework\\src\\Illuminate\\Http\\Middleware\\ValidatePostSize.php(27): Illuminate\\Pipeline\\Pipeline->Illuminate\\Pipeline\\{closure}(Object(Illuminate\\Http\\Request))
#41 E:\\xampp-8.2\\htdocs\\nexelit\\@core\\vendor\\laravel\\framework\\src\\Illuminate\\Pipeline\\Pipeline.php(219): Illuminate\\Http\\Middleware\\ValidatePostSize->handle(Object(Illuminate\\Http\\Request), Object(Closure))
#42 E:\\xampp-8.2\\htdocs\\nexelit\\@core\\vendor\\laravel\\framework\\src\\Illuminate\\Foundation\\Http\\Middleware\\PreventRequestsDuringMaintenance.php(109): Illuminate\\Pipeline\\Pipeline->Illuminate\\Pipeline\\{closure}(Object(Illuminate\\Http\\Request))
#43 E:\\xampp-8.2\\htdocs\\nexelit\\@core\\vendor\\laravel\\framework\\src\\Illuminate\\Pipeline\\Pipeline.php(219): Illuminate\\Foundation\\Http\\Middleware\\PreventRequestsDuringMaintenance->handle(Object(Illuminate\\Http\\Request), Object(Closure))
#44 E:\\xampp-8.2\\htdocs\\nexelit\\@core\\vendor\\laravel\\framework\\src\\Illuminate\\Http\\Middleware\\TrustProxies.php(58): Illuminate\\Pipeline\\Pipeline->Illuminate\\Pipeline\\{closure}(Object(Illuminate\\Http\\Request))
#45 E:\\xampp-8.2\\htdocs\\nexelit\\@core\\vendor\\laravel\\framework\\src\\Illuminate\\Pipeline\\Pipeline.php(219): Illuminate\\Http\\Middleware\\TrustProxies->handle(Object(Illuminate\\Http\\Request), Object(Closure))
#46 E:\\xampp-8.2\\htdocs\\nexelit\\@core\\vendor\\laravel\\framework\\src\\Illuminate\\Pipeline\\Pipeline.php(137): Illuminate\\Pipeline\\Pipeline->Illuminate\\Pipeline\\{closure}(Object(Illuminate\\Http\\Request))
#47 E:\\xampp-8.2\\htdocs\\nexelit\\@core\\vendor\\laravel\\framework\\src\\Illuminate\\Foundation\\Http\\Kernel.php(175): Illuminate\\Pipeline\\Pipeline->then(Object(Closure))
#48 E:\\xampp-8.2\\htdocs\\nexelit\\@core\\vendor\\laravel\\framework\\src\\Illuminate\\Foundation\\Http\\Kernel.php(144): Illuminate\\Foundation\\Http\\Kernel->sendRequestThroughRouter(Object(Illuminate\\Http\\Request))
#49 E:\\xampp-8.2\\htdocs\\nexelit\\index.php(54): Illuminate\\Foundation\\Http\\Kernel->handle(Object(Illuminate\\Http\\Request))
#50 {main}

[previous exception] [object] (Illuminate\\Database\\QueryException(code: 1045): SQLSTATE[HY000] [1045] Access denied for user 'forge'@'localhost' (using password: NO) (Connection: mysql, SQL: select * from `languages` where `default` = 1 limit 1) at E:\\xampp-8.2\\htdocs\\nexelit\\@core\\vendor\\laravel\\framework\\src\\Illuminate\\Database\\Connection.php:824)
[stacktrace]
#0 E:\\xampp-8.2\\htdocs\\nexelit\\@core\\vendor\\laravel\\framework\\src\\Illuminate\\Database\\Connection.php(978): Illuminate\\Database\\Connection->runQueryCallback('select * from `...', Array, Object(Closure))
#1 E:\\xampp-8.2\\htdocs\\nexelit\\@core\\vendor\\laravel\\framework\\src\\Illuminate\\Database\\Connection.php(957): Illuminate\\Database\\Connection->tryAgainIfCausedByLostConnection(Object(Illuminate\\Database\\QueryException), 'select * from `...', Array, Object(Closure))
#2 E:\\xampp-8.2\\htdocs\\nexelit\\@core\\vendor\\laravel\\framework\\src\\Illuminate\\Database\\Connection.php(780): Illuminate\\Database\\Connection->handleQueryException(Object(Illuminate\\Database\\QueryException), 'select * from `...', Array, Object(Closure))
#3 E:\\xampp-8.2\\htdocs\\nexelit\\@core\\vendor\\laravel\\framework\\src\\Illuminate\\Database\\Connection.php(397): Illuminate\\Database\\Connection->run('select * from `...', Array, Object(Closure))
#4 E:\\xampp-8.2\\htdocs\\nexelit\\@core\\vendor\\laravel\\framework\\src\\Illuminate\\Database\\Query\\Builder.php(3188): Illuminate\\Database\\Connection->select('select * from `...', Array, true)
#5 E:\\xampp-8.2\\htdocs\\nexelit\\@core\\vendor\\laravel\\framework\\src\\Illuminate\\Database\\Query\\Builder.php(3173): Illuminate\\Database\\Query\\Builder->runSelect()
#6 E:\\xampp-8.2\\htdocs\\nexelit\\@core\\vendor\\laravel\\framework\\src\\Illuminate\\Database\\Query\\Builder.php(3763): Illuminate\\Database\\Query\\Builder->Illuminate\\Database\\Query\\{closure}()
#7 E:\\xampp-8.2\\htdocs\\nexelit\\@core\\vendor\\laravel\\framework\\src\\Illuminate\\Database\\Query\\Builder.php(3172): Illuminate\\Database\\Query\\Builder->onceWithColumns(Array, Object(Closure))
#8 E:\\xampp-8.2\\htdocs\\nexelit\\@core\\vendor\\laravel\\framework\\src\\Illuminate\\Database\\Eloquent\\Builder.php(902): Illuminate\\Database\\Query\\Builder->get(Array)
#9 E:\\xampp-8.2\\htdocs\\nexelit\\@core\\vendor\\laravel\\framework\\src\\Illuminate\\Database\\Eloquent\\Builder.php(884): Illuminate\\Database\\Eloquent\\Builder->getModels(Array)
#10 E:\\xampp-8.2\\htdocs\\nexelit\\@core\\vendor\\laravel\\framework\\src\\Illuminate\\Database\\Concerns\\BuildsQueries.php(366): Illuminate\\Database\\Eloquent\\Builder->get(Array)
#11 E:\\xampp-8.2\\htdocs\\nexelit\\@core\\app\\Helpers\\LanguageHelper.php(70): Illuminate\\Database\\Eloquent\\Builder->first()
#12 E:\\xampp-8.2\\htdocs\\nexelit\\@core\\app\\Helpers\\helpers.php(316): App\\Helpers\\LanguageHelper::user_lang_slug()
#13 E:\\xampp-8.2\\htdocs\\nexelit\\@core\\storage\\framework\\views\\8a25eb19e384c0f70378ec8170c30078.php(8): get_user_lang()
#14 E:\\xampp-8.2\\htdocs\\nexelit\\@core\\vendor\\laravel\\framework\\src\\Illuminate\\Filesystem\\Filesystem.php(123): require('E:\\\\xampp-8.2\\\\ht...')
#15 E:\\xampp-8.2\\htdocs\\nexelit\\@core\\vendor\\laravel\\framework\\src\\Illuminate\\Filesystem\\Filesystem.php(124): Illuminate\\Filesystem\\Filesystem::Illuminate\\Filesystem\\{closure}()
#16 E:\\xampp-8.2\\htdocs\\nexelit\\@core\\vendor\\laravel\\framework\\src\\Illuminate\\View\\Engines\\PhpEngine.php(57): Illuminate\\Filesystem\\Filesystem->getRequire('E:\\\\xampp-8.2\\\\ht...', Array)
#17 E:\\xampp-8.2\\htdocs\\nexelit\\@core\\vendor\\laravel\\framework\\src\\Illuminate\\View\\Engines\\CompilerEngine.php(76): Illuminate\\View\\Engines\\PhpEngine->evaluatePath('E:\\\\xampp-8.2\\\\ht...', Array)
#18 E:\\xampp-8.2\\htdocs\\nexelit\\@core\\vendor\\laravel\\framework\\src\\Illuminate\\View\\View.php(208): Illuminate\\View\\Engines\\CompilerEngine->get('E:\\\\xampp-8.2\\\\ht...', Array)
#19 E:\\xampp-8.2\\htdocs\\nexelit\\@core\\vendor\\laravel\\framework\\src\\Illuminate\\View\\View.php(191): Illuminate\\View\\View->getContents()
#20 E:\\xampp-8.2\\htdocs\\nexelit\\@core\\vendor\\laravel\\framework\\src\\Illuminate\\View\\View.php(160): Illuminate\\View\\View->renderContents()
#21 E:\\xampp-8.2\\htdocs\\nexelit\\@core\\vendor\\laravel\\framework\\src\\Illuminate\\Http\\Response.php(78): Illuminate\\View\\View->render()
#22 E:\\xampp-8.2\\htdocs\\nexelit\\@core\\vendor\\laravel\\framework\\src\\Illuminate\\Http\\Response.php(34): Illuminate\\Http\\Response->setContent(Object(Illuminate\\View\\View))
#23 E:\\xampp-8.2\\htdocs\\nexelit\\@core\\vendor\\laravel\\framework\\src\\Illuminate\\Routing\\ResponseFactory.php(61): Illuminate\\Http\\Response->__construct(Object(Illuminate\\View\\View), 500, Array)
#24 E:\\xampp-8.2\\htdocs\\nexelit\\@core\\vendor\\laravel\\framework\\src\\Illuminate\\Routing\\ResponseFactory.php(91): Illuminate\\Routing\\ResponseFactory->make(Object(Illuminate\\View\\View), 500, Array)
#25 E:\\xampp-8.2\\htdocs\\nexelit\\@core\\vendor\\laravel\\framework\\src\\Illuminate\\Foundation\\Exceptions\\Handler.php(927): Illuminate\\Routing\\ResponseFactory->view('errors::500', Array, 500, Array)
#26 E:\\xampp-8.2\\htdocs\\nexelit\\@core\\vendor\\laravel\\framework\\src\\Illuminate\\Foundation\\Exceptions\\Handler.php(848): Illuminate\\Foundation\\Exceptions\\Handler->renderHttpException(Object(Symfony\\Component\\HttpKernel\\Exception\\HttpException))
#27 E:\\xampp-8.2\\htdocs\\nexelit\\@core\\vendor\\laravel\\framework\\src\\Illuminate\\Foundation\\Exceptions\\Handler.php(739): Illuminate\\Foundation\\Exceptions\\Handler->prepareResponse(Object(Illuminate\\Http\\Request), Object(Symfony\\Component\\HttpKernel\\Exception\\HttpException))
#28 E:\\xampp-8.2\\htdocs\\nexelit\\@core\\vendor\\laravel\\framework\\src\\Illuminate\\Foundation\\Exceptions\\Handler.php(627): Illuminate\\Foundation\\Exceptions\\Handler->renderExceptionResponse(Object(Illuminate\\Http\\Request), Object(Spatie\\LaravelIgnition\\Exceptions\\ViewException))
#29 E:\\xampp-8.2\\htdocs\\nexelit\\@core\\app\\Exceptions\\Handler.php(36): Illuminate\\Foundation\\Exceptions\\Handler->render(Object(Illuminate\\Http\\Request), Object(Spatie\\LaravelIgnition\\Exceptions\\ViewException))
#30 E:\\xampp-8.2\\htdocs\\nexelit\\@core\\vendor\\laravel\\framework\\src\\Illuminate\\Routing\\Pipeline.php(51): App\\Exceptions\\Handler->render(Object(Illuminate\\Http\\Request), Object(Illuminate\\View\\ViewException))
#31 E:\\xampp-8.2\\htdocs\\nexelit\\@core\\vendor\\laravel\\framework\\src\\Illuminate\\Pipeline\\Pipeline.php(224): Illuminate\\Routing\\Pipeline->handleException(Object(Illuminate\\Http\\Request), Object(Illuminate\\View\\ViewException))
#32 E:\\xampp-8.2\\htdocs\\nexelit\\@core\\vendor\\xgenious\\installer\\src\\Http\\Middleware\\InstallerMiddleware.php(18): Illuminate\\Pipeline\\Pipeline->Illuminate\\Pipeline\\{closure}(Object(Illuminate\\Http\\Request))
#33 E:\\xampp-8.2\\htdocs\\nexelit\\@core\\vendor\\laravel\\framework\\src\\Illuminate\\Pipeline\\Pipeline.php(219): Xgenious\\Installer\\Http\\Middleware\\InstallerMiddleware->handle(Object(Illuminate\\Http\\Request), Object(Closure))
#34 E:\\xampp-8.2\\htdocs\\nexelit\\@core\\vendor\\laravel\\framework\\src\\Illuminate\\Foundation\\Http\\Middleware\\TransformsRequest.php(21): Illuminate\\Pipeline\\Pipeline->Illuminate\\Pipeline\\{closure}(Object(Illuminate\\Http\\Request))
#35 E:\\xampp-8.2\\htdocs\\nexelit\\@core\\vendor\\laravel\\framework\\src\\Illuminate\\Foundation\\Http\\Middleware\\ConvertEmptyStringsToNull.php(31): Illuminate\\Foundation\\Http\\Middleware\\TransformsRequest->handle(Object(Illuminate\\Http\\Request), Object(Closure))
#36 E:\\xampp-8.2\\htdocs\\nexelit\\@core\\vendor\\laravel\\framework\\src\\Illuminate\\Pipeline\\Pipeline.php(219): Illuminate\\Foundation\\Http\\Middleware\\ConvertEmptyStringsToNull->handle(Object(Illuminate\\Http\\Request), Object(Closure))
#37 E:\\xampp-8.2\\htdocs\\nexelit\\@core\\vendor\\laravel\\framework\\src\\Illuminate\\Foundation\\Http\\Middleware\\TransformsRequest.php(21): Illuminate\\Pipeline\\Pipeline->Illuminate\\Pipeline\\{closure}(Object(Illuminate\\Http\\Request))
#38 E:\\xampp-8.2\\htdocs\\nexelit\\@core\\vendor\\laravel\\framework\\src\\Illuminate\\Foundation\\Http\\Middleware\\TrimStrings.php(51): Illuminate\\Foundation\\Http\\Middleware\\TransformsRequest->handle(Object(Illuminate\\Http\\Request), Object(Closure))
#39 E:\\xampp-8.2\\htdocs\\nexelit\\@core\\vendor\\laravel\\framework\\src\\Illuminate\\Pipeline\\Pipeline.php(219): Illuminate\\Foundation\\Http\\Middleware\\TrimStrings->handle(Object(Illuminate\\Http\\Request), Object(Closure))
#40 E:\\xampp-8.2\\htdocs\\nexelit\\@core\\vendor\\laravel\\framework\\src\\Illuminate\\Http\\Middleware\\ValidatePostSize.php(27): Illuminate\\Pipeline\\Pipeline->Illuminate\\Pipeline\\{closure}(Object(Illuminate\\Http\\Request))
#41 E:\\xampp-8.2\\htdocs\\nexelit\\@core\\vendor\\laravel\\framework\\src\\Illuminate\\Pipeline\\Pipeline.php(219): Illuminate\\Http\\Middleware\\ValidatePostSize->handle(Object(Illuminate\\Http\\Request), Object(Closure))
#42 E:\\xampp-8.2\\htdocs\\nexelit\\@core\\vendor\\laravel\\framework\\src\\Illuminate\\Foundation\\Http\\Middleware\\PreventRequestsDuringMaintenance.php(109): Illuminate\\Pipeline\\Pipeline->Illuminate\\Pipeline\\{closure}(Object(Illuminate\\Http\\Request))
#43 E:\\xampp-8.2\\htdocs\\nexelit\\@core\\vendor\\laravel\\framework\\src\\Illuminate\\Pipeline\\Pipeline.php(219): Illuminate\\Foundation\\Http\\Middleware\\PreventRequestsDuringMaintenance->handle(Object(Illuminate\\Http\\Request), Object(Closure))
#44 E:\\xampp-8.2\\htdocs\\nexelit\\@core\\vendor\\laravel\\framework\\src\\Illuminate\\Http\\Middleware\\TrustProxies.php(58): Illuminate\\Pipeline\\Pipeline->Illuminate\\Pipeline\\{closure}(Object(Illuminate\\Http\\Request))
#45 E:\\xampp-8.2\\htdocs\\nexelit\\@core\\vendor\\laravel\\framework\\src\\Illuminate\\Pipeline\\Pipeline.php(219): Illuminate\\Http\\Middleware\\TrustProxies->handle(Object(Illuminate\\Http\\Request), Object(Closure))
#46 E:\\xampp-8.2\\htdocs\\nexelit\\@core\\vendor\\laravel\\framework\\src\\Illuminate\\Pipeline\\Pipeline.php(137): Illuminate\\Pipeline\\Pipeline->Illuminate\\Pipeline\\{closure}(Object(Illuminate\\Http\\Request))
#47 E:\\xampp-8.2\\htdocs\\nexelit\\@core\\vendor\\laravel\\framework\\src\\Illuminate\\Foundation\\Http\\Kernel.php(175): Illuminate\\Pipeline\\Pipeline->then(Object(Closure))
#48 E:\\xampp-8.2\\htdocs\\nexelit\\@core\\vendor\\laravel\\framework\\src\\Illuminate\\Foundation\\Http\\Kernel.php(144): Illuminate\\Foundation\\Http\\Kernel->sendRequestThroughRouter(Object(Illuminate\\Http\\Request))
#49 E:\\xampp-8.2\\htdocs\\nexelit\\index.php(54): Illuminate\\Foundation\\Http\\Kernel->handle(Object(Illuminate\\Http\\Request))
#50 {main}

[previous exception] [object] (PDOException(code: 1045): SQLSTATE[HY000] [1045] Access denied for user 'forge'@'localhost' (using password: NO) at E:\\xampp-8.2\\htdocs\\nexelit\\@core\\vendor\\laravel\\framework\\src\\Illuminate\\Database\\Connectors\\Connector.php:66)
[stacktrace]
#0 E:\\xampp-8.2\\htdocs\\nexelit\\@core\\vendor\\laravel\\framework\\src\\Illuminate\\Database\\Connectors\\Connector.php(66): PDO->__construct('mysql:host=loca...', 'forge', Object(SensitiveParameterValue), Array)
#1 E:\\xampp-8.2\\htdocs\\nexelit\\@core\\vendor\\laravel\\framework\\src\\Illuminate\\Database\\Connectors\\Connector.php(85): Illuminate\\Database\\Connectors\\Connector->createPdoConnection('mysql:host=loca...', 'forge', Object(SensitiveParameterValue), Array)
#2 E:\\xampp-8.2\\htdocs\\nexelit\\@core\\vendor\\laravel\\framework\\src\\Illuminate\\Database\\Connectors\\Connector.php(48): Illuminate\\Database\\Connectors\\Connector->tryAgainIfCausedByLostConnection(Object(PDOException), 'mysql:host=loca...', 'forge', Object(SensitiveParameterValue), Array)
#3 E:\\xampp-8.2\\htdocs\\nexelit\\@core\\vendor\\laravel\\framework\\src\\Illuminate\\Database\\Connectors\\MySqlConnector.php(24): Illuminate\\Database\\Connectors\\Connector->createConnection('mysql:host=loca...', Array, Array)
#4 E:\\xampp-8.2\\htdocs\\nexelit\\@core\\vendor\\laravel\\framework\\src\\Illuminate\\Database\\Connectors\\ConnectionFactory.php(184): Illuminate\\Database\\Connectors\\MySqlConnector->connect(Array)
#5 [internal function]: Illuminate\\Database\\Connectors\\ConnectionFactory->Illuminate\\Database\\Connectors\\{closure}()
#6 E:\\xampp-8.2\\htdocs\\nexelit\\@core\\vendor\\laravel\\framework\\src\\Illuminate\\Database\\Connection.php(1230): call_user_func(Object(Closure))
#7 E:\\xampp-8.2\\htdocs\\nexelit\\@core\\vendor\\laravel\\framework\\src\\Illuminate\\Database\\Connection.php(1266): Illuminate\\Database\\Connection->getPdo()
#8 E:\\xampp-8.2\\htdocs\\nexelit\\@core\\vendor\\laravel\\framework\\src\\Illuminate\\Database\\Connection.php(511): Illuminate\\Database\\Connection->getReadPdo()
#9 E:\\xampp-8.2\\htdocs\\nexelit\\@core\\vendor\\laravel\\framework\\src\\Illuminate\\Database\\Connection.php(406): Illuminate\\Database\\Connection->getPdoForSelect(true)
#10 E:\\xampp-8.2\\htdocs\\nexelit\\@core\\vendor\\laravel\\framework\\src\\Illuminate\\Database\\Connection.php(811): Illuminate\\Database\\Connection->Illuminate\\Database\\{closure}('select * from `...', Array)
#11 E:\\xampp-8.2\\htdocs\\nexelit\\@core\\vendor\\laravel\\framework\\src\\Illuminate\\Database\\Connection.php(978): Illuminate\\Database\\Connection->runQueryCallback('select * from `...', Array, Object(Closure))
#12 E:\\xampp-8.2\\htdocs\\nexelit\\@core\\vendor\\laravel\\framework\\src\\Illuminate\\Database\\Connection.php(957): Illuminate\\Database\\Connection->tryAgainIfCausedByLostConnection(Object(Illuminate\\Database\\QueryException), 'select * from `...', Array, Object(Closure))
#13 E:\\xampp-8.2\\htdocs\\nexelit\\@core\\vendor\\laravel\\framework\\src\\Illuminate\\Database\\Connection.php(780): Illuminate\\Database\\Connection->handleQueryException(Object(Illuminate\\Database\\QueryException), 'select * from `...', Array, Object(Closure))
#14 E:\\xampp-8.2\\htdocs\\nexelit\\@core\\vendor\\laravel\\framework\\src\\Illuminate\\Database\\Connection.php(397): Illuminate\\Database\\Connection->run('select * from `...', Array, Object(Closure))
#15 E:\\xampp-8.2\\htdocs\\nexelit\\@core\\vendor\\laravel\\framework\\src\\Illuminate\\Database\\Query\\Builder.php(3188): Illuminate\\Database\\Connection->select('select * from `...', Array, true)
#16 E:\\xampp-8.2\\htdocs\\nexelit\\@core\\vendor\\laravel\\framework\\src\\Illuminate\\Database\\Query\\Builder.php(3173): Illuminate\\Database\\Query\\Builder->runSelect()
#17 E:\\xampp-8.2\\htdocs\\nexelit\\@core\\vendor\\laravel\\framework\\src\\Illuminate\\Database\\Query\\Builder.php(3763): Illuminate\\Database\\Query\\Builder->Illuminate\\Database\\Query\\{closure}()
#18 E:\\xampp-8.2\\htdocs\\nexelit\\@core\\vendor\\laravel\\framework\\src\\Illuminate\\Database\\Query\\Builder.php(3172): Illuminate\\Database\\Query\\Builder->onceWithColumns(Array, Object(Closure))
#19 E:\\xampp-8.2\\htdocs\\nexelit\\@core\\vendor\\laravel\\framework\\src\\Illuminate\\Database\\Eloquent\\Builder.php(902): Illuminate\\Database\\Query\\Builder->get(Array)
#20 E:\\xampp-8.2\\htdocs\\nexelit\\@core\\vendor\\laravel\\framework\\src\\Illuminate\\Database\\Eloquent\\Builder.php(884): Illuminate\\Database\\Eloquent\\Builder->getModels(Array)
#21 E:\\xampp-8.2\\htdocs\\nexelit\\@core\\vendor\\laravel\\framework\\src\\Illuminate\\Database\\Concerns\\BuildsQueries.php(366): Illuminate\\Database\\Eloquent\\Builder->get(Array)
#22 E:\\xampp-8.2\\htdocs\\nexelit\\@core\\app\\Helpers\\LanguageHelper.php(70): Illuminate\\Database\\Eloquent\\Builder->first()
#23 E:\\xampp-8.2\\htdocs\\nexelit\\@core\\app\\Helpers\\helpers.php(316): App\\Helpers\\LanguageHelper::user_lang_slug()
#24 E:\\xampp-8.2\\htdocs\\nexelit\\@core\\storage\\framework\\views\\8a25eb19e384c0f70378ec8170c30078.php(8): get_user_lang()
#25 E:\\xampp-8.2\\htdocs\\nexelit\\@core\\vendor\\laravel\\framework\\src\\Illuminate\\Filesystem\\Filesystem.php(123): require('E:\\\\xampp-8.2\\\\ht...')
#26 E:\\xampp-8.2\\htdocs\\nexelit\\@core\\vendor\\laravel\\framework\\src\\Illuminate\\Filesystem\\Filesystem.php(124): Illuminate\\Filesystem\\Filesystem::Illuminate\\Filesystem\\{closure}()
#27 E:\\xampp-8.2\\htdocs\\nexelit\\@core\\vendor\\laravel\\framework\\src\\Illuminate\\View\\Engines\\PhpEngine.php(57): Illuminate\\Filesystem\\Filesystem->getRequire('E:\\\\xampp-8.2\\\\ht...', Array)
#28 E:\\xampp-8.2\\htdocs\\nexelit\\@core\\vendor\\laravel\\framework\\src\\Illuminate\\View\\Engines\\CompilerEngine.php(76): Illuminate\\View\\Engines\\PhpEngine->evaluatePath('E:\\\\xampp-8.2\\\\ht...', Array)
#29 E:\\xampp-8.2\\htdocs\\nexelit\\@core\\vendor\\laravel\\framework\\src\\Illuminate\\View\\View.php(208): Illuminate\\View\\Engines\\CompilerEngine->get('E:\\\\xampp-8.2\\\\ht...', Array)
#30 E:\\xampp-8.2\\htdocs\\nexelit\\@core\\vendor\\laravel\\framework\\src\\Illuminate\\View\\View.php(191): Illuminate\\View\\View->getContents()
#31 E:\\xampp-8.2\\htdocs\\nexelit\\@core\\vendor\\laravel\\framework\\src\\Illuminate\\View\\View.php(160): Illuminate\\View\\View->renderContents()
#32 E:\\xampp-8.2\\htdocs\\nexelit\\@core\\vendor\\laravel\\framework\\src\\Illuminate\\Http\\Response.php(78): Illuminate\\View\\View->render()
#33 E:\\xampp-8.2\\htdocs\\nexelit\\@core\\vendor\\laravel\\framework\\src\\Illuminate\\Http\\Response.php(34): Illuminate\\Http\\Response->setContent(Object(Illuminate\\View\\View))
#34 E:\\xampp-8.2\\htdocs\\nexelit\\@core\\vendor\\laravel\\framework\\src\\Illuminate\\Routing\\ResponseFactory.php(61): Illuminate\\Http\\Response->__construct(Object(Illuminate\\View\\View), 500, Array)
#35 E:\\xampp-8.2\\htdocs\\nexelit\\@core\\vendor\\laravel\\framework\\src\\Illuminate\\Routing\\ResponseFactory.php(91): Illuminate\\Routing\\ResponseFactory->make(Object(Illuminate\\View\\View), 500, Array)
#36 E:\\xampp-8.2\\htdocs\\nexelit\\@core\\vendor\\laravel\\framework\\src\\Illuminate\\Foundation\\Exceptions\\Handler.php(927): Illuminate\\Routing\\ResponseFactory->view('errors::500', Array, 500, Array)
#37 E:\\xampp-8.2\\htdocs\\nexelit\\@core\\vendor\\laravel\\framework\\src\\Illuminate\\Foundation\\Exceptions\\Handler.php(848): Illuminate\\Foundation\\Exceptions\\Handler->renderHttpException(Object(Symfony\\Component\\HttpKernel\\Exception\\HttpException))
#38 E:\\xampp-8.2\\htdocs\\nexelit\\@core\\vendor\\laravel\\framework\\src\\Illuminate\\Foundation\\Exceptions\\Handler.php(739): Illuminate\\Foundation\\Exceptions\\Handler->prepareResponse(Object(Illuminate\\Http\\Request), Object(Symfony\\Component\\HttpKernel\\Exception\\HttpException))
#39 E:\\xampp-8.2\\htdocs\\nexelit\\@core\\vendor\\laravel\\framework\\src\\Illuminate\\Foundation\\Exceptions\\Handler.php(627): Illuminate\\Foundation\\Exceptions\\Handler->renderExceptionResponse(Object(Illuminate\\Http\\Request), Object(Spatie\\LaravelIgnition\\Exceptions\\ViewException))
#40 E:\\xampp-8.2\\htdocs\\nexelit\\@core\\app\\Exceptions\\Handler.php(36): Illuminate\\Foundation\\Exceptions\\Handler->render(Object(Illuminate\\Http\\Request), Object(Spatie\\LaravelIgnition\\Exceptions\\ViewException))
#41 E:\\xampp-8.2\\htdocs\\nexelit\\@core\\vendor\\laravel\\framework\\src\\Illuminate\\Routing\\Pipeline.php(51): App\\Exceptions\\Handler->render(Object(Illuminate\\Http\\Request), Object(Illuminate\\View\\ViewException))
#42 E:\\xampp-8.2\\htdocs\\nexelit\\@core\\vendor\\laravel\\framework\\src\\Illuminate\\Pipeline\\Pipeline.php(224): Illuminate\\Routing\\Pipeline->handleException(Object(Illuminate\\Http\\Request), Object(Illuminate\\View\\ViewException))
#43 E:\\xampp-8.2\\htdocs\\nexelit\\@core\\vendor\\xgenious\\installer\\src\\Http\\Middleware\\InstallerMiddleware.php(18): Illuminate\\Pipeline\\Pipeline->Illuminate\\Pipeline\\{closure}(Object(Illuminate\\Http\\Request))
#44 E:\\xampp-8.2\\htdocs\\nexelit\\@core\\vendor\\laravel\\framework\\src\\Illuminate\\Pipeline\\Pipeline.php(219): Xgenious\\Installer\\Http\\Middleware\\InstallerMiddleware->handle(Object(Illuminate\\Http\\Request), Object(Closure))
#45 E:\\xampp-8.2\\htdocs\\nexelit\\@core\\vendor\\laravel\\framework\\src\\Illuminate\\Foundation\\Http\\Middleware\\TransformsRequest.php(21): Illuminate\\Pipeline\\Pipeline->Illuminate\\Pipeline\\{closure}(Object(Illuminate\\Http\\Request))
#46 E:\\xampp-8.2\\htdocs\\nexelit\\@core\\vendor\\laravel\\framework\\src\\Illuminate\\Foundation\\Http\\Middleware\\ConvertEmptyStringsToNull.php(31): Illuminate\\Foundation\\Http\\Middleware\\TransformsRequest->handle(Object(Illuminate\\Http\\Request), Object(Closure))
#47 E:\\xampp-8.2\\htdocs\\nexelit\\@core\\vendor\\laravel\\framework\\src\\Illuminate\\Pipeline\\Pipeline.php(219): Illuminate\\Foundation\\Http\\Middleware\\ConvertEmptyStringsToNull->handle(Object(Illuminate\\Http\\Request), Object(Closure))
#48 E:\\xampp-8.2\\htdocs\\nexelit\\@core\\vendor\\laravel\\framework\\src\\Illuminate\\Foundation\\Http\\Middleware\\TransformsRequest.php(21): Illuminate\\Pipeline\\Pipeline->Illuminate\\Pipeline\\{closure}(Object(Illuminate\\Http\\Request))
#49 E:\\xampp-8.2\\htdocs\\nexelit\\@core\\vendor\\laravel\\framework\\src\\Illuminate\\Foundation\\Http\\Middleware\\TrimStrings.php(51): Illuminate\\Foundation\\Http\\Middleware\\TransformsRequest->handle(Object(Illuminate\\Http\\Request), Object(Closure))
#50 E:\\xampp-8.2\\htdocs\\nexelit\\@core\\vendor\\laravel\\framework\\src\\Illuminate\\Pipeline\\Pipeline.php(219): Illuminate\\Foundation\\Http\\Middleware\\TrimStrings->handle(Object(Illuminate\\Http\\Request), Object(Closure))
#51 E:\\xampp-8.2\\htdocs\\nexelit\\@core\\vendor\\laravel\\framework\\src\\Illuminate\\Http\\Middleware\\ValidatePostSize.php(27): Illuminate\\Pipeline\\Pipeline->Illuminate\\Pipeline\\{closure}(Object(Illuminate\\Http\\Request))
#52 E:\\xampp-8.2\\htdocs\\nexelit\\@core\\vendor\\laravel\\framework\\src\\Illuminate\\Pipeline\\Pipeline.php(219): Illuminate\\Http\\Middleware\\ValidatePostSize->handle(Object(Illuminate\\Http\\Request), Object(Closure))
#53 E:\\xampp-8.2\\htdocs\\nexelit\\@core\\vendor\\laravel\\framework\\src\\Illuminate\\Foundation\\Http\\Middleware\\PreventRequestsDuringMaintenance.php(109): Illuminate\\Pipeline\\Pipeline->Illuminate\\Pipeline\\{closure}(Object(Illuminate\\Http\\Request))
#54 E:\\xampp-8.2\\htdocs\\nexelit\\@core\\vendor\\laravel\\framework\\src\\Illuminate\\Pipeline\\Pipeline.php(219): Illuminate\\Foundation\\Http\\Middleware\\PreventRequestsDuringMaintenance->handle(Object(Illuminate\\Http\\Request), Object(Closure))
#55 E:\\xampp-8.2\\htdocs\\nexelit\\@core\\vendor\\laravel\\framework\\src\\Illuminate\\Http\\Middleware\\TrustProxies.php(58): Illuminate\\Pipeline\\Pipeline->Illuminate\\Pipeline\\{closure}(Object(Illuminate\\Http\\Request))
#56 E:\\xampp-8.2\\htdocs\\nexelit\\@core\\vendor\\laravel\\framework\\src\\Illuminate\\Pipeline\\Pipeline.php(219): Illuminate\\Http\\Middleware\\TrustProxies->handle(Object(Illuminate\\Http\\Request), Object(Closure))
#57 E:\\xampp-8.2\\htdocs\\nexelit\\@core\\vendor\\laravel\\framework\\src\\Illuminate\\Pipeline\\Pipeline.php(137): Illuminate\\Pipeline\\Pipeline->Illuminate\\Pipeline\\{closure}(Object(Illuminate\\Http\\Request))
#58 E:\\xampp-8.2\\htdocs\\nexelit\\@core\\vendor\\laravel\\framework\\src\\Illuminate\\Foundation\\Http\\Kernel.php(175): Illuminate\\Pipeline\\Pipeline->then(Object(Closure))
#59 E:\\xampp-8.2\\htdocs\\nexelit\\@core\\vendor\\laravel\\framework\\src\\Illuminate\\Foundation\\Http\\Kernel.php(144): Illuminate\\Foundation\\Http\\Kernel->sendRequestThroughRouter(Object(Illuminate\\Http\\Request))
#60 E:\\xampp-8.2\\htdocs\\nexelit\\index.php(54): Illuminate\\Foundation\\Http\\Kernel->handle(Object(Illuminate\\Http\\Request))
#61 {main}
"} 
